user_id,cart_value,items,time_of_day,user_history,offer_shown,reward
1,5849.8,Earbuds,night,5,20% discount,1
2,7448.52,Jeans,morning,7,10% discount,0
3,2472.51,Adidas Running Shoes,afternoon,8,10% discount,0
4,3455.36,Backpack,evening,6,5% discount,0
5,21773.4,Wristband|Wristband|Sports Cap,night,1,20% discount,0
6,5077.65,Phone Case|Phone Case,morning,2,20% discount,0
7,13050.67,Cushion|Phone Case|Nike Shoes,evening,9,20% discount,0
8,16311.39,T-Shirt|Coffee Mug|Jacket,afternoon,0,Free Shipping,0
9,5519.5,Sports Cap,night,8,20% discount,1
10,9542.76,Cushion,afternoon,4,10% discount,0
11,6706.06,Earbuds,evening,10,10% discount,0
12,14907.28,Jacket|T-Shirt,morning,2,Free Shipping,1
13,9296.3,Nike Shoes|Jacket,evening,3,10% discount,1
14,10044.23,Sports Cap|Wristband,night,5,Free Shipping,1
15,6823.79,Puma Sneakers|Adidas Running Shoes,morning,2,10% discount,1
16,4961.21,Jeans,afternoon,9,Free Shipping,0
17,8738.89,Puma Sneakers,morning,4,10% discount,1
18,5604.55,Phone Case,night,6,Free Shipping,0
19,6931.21,Puma Sneakers,morning,1,10% discount,0
20,2836.77,Nike Shoes,afternoon,6,5% discount,0
21,8092.58,Backpack,night,2,5% discount,0
22,9344.46,Coffee Mug,morning,3,10% discount,0
23,7137.98,Adidas Running Shoes,night,10,10% discount,1
24,9429.47,Coffee Mug,evening,7,10% discount,0
25,9973.59,Jeans,evening,7,Free Shipping,1
26,7355.29,Earbuds,morning,1,5% discount,1
27,20054.77,Puma Sneakers|Puma Sneakers|Jacket,evening,6,10% discount,1
28,9179.82,Earbuds,evening,9,5% discount,0
29,2021.11,Wristband,evening,3,5% discount,0
30,4179.05,Earbuds,afternoon,4,20% discount,1
31,2127.51,Jacket,afternoon,3,10% discount,0
32,17677.82,T-Shirt|Earbuds,evening,7,5% discount,0
33,8121.46,Cushion|Phone Case,evening,3,20% discount,1
34,2049.81,Phone Case,morning,10,20% discount,1
35,4817.41,Jacket,evening,4,5% discount,0
36,17293.21,T-Shirt|Jeans,night,1,Free Shipping,0
37,4380.65,Wristband,evening,0,20% discount,0
38,6502.36,Jeans|Jacket,morning,0,Free Shipping,1
39,6627.93,Adidas Running Shoes,night,9,5% discount,0
40,14869.97,Earbuds|T-Shirt|Jeans,afternoon,9,5% discount,0
41,4813.42,Jeans|Puma Sneakers,evening,6,10% discount,0
42,4812.11,Adidas Running Shoes,night,9,5% discount,1
43,5805.39,Puma Sneakers,afternoon,6,Free Shipping,0
44,3846.96,Adidas Running Shoes,night,2,10% discount,1
45,1180.13,Puma Sneakers,afternoon,4,20% discount,0
46,18276.21,Backpack|Nike Shoes,night,7,Free Shipping,0
47,6919.52,Backpack,afternoon,0,Free Shipping,0
48,7307.33,Wristband,evening,0,5% discount,0
49,9030.56,Wristband|Adidas Running Shoes|Coffee Mug,afternoon,9,5% discount,0
50,4241.79,Earbuds,afternoon,5,Free Shipping,0
51,9237.6,Sports Cap,morning,7,20% discount,1
52,25424.03,Nike Shoes|Jacket|Adidas Running Shoes,morning,7,20% discount,1
53,8632.2,Wristband|Adidas Running Shoes,night,3,Free Shipping,0
54,5241.75,Sports Cap,afternoon,3,Free Shipping,0
55,7238.75,Jacket,evening,3,5% discount,1
56,9134.98,Wristband,night,2,20% discount,0
57,3403.6,Phone Case,morning,0,Free Shipping,0
58,8149.37,Adidas Running Shoes,afternoon,7,Free Shipping,1
59,4068.8,Adidas Running Shoes,evening,8,10% discount,0
60,1402.37,Sports Cap,afternoon,2,20% discount,1
61,4780.73,Phone Case,evening,4,5% discount,1
62,9099.2,Coffee Mug,afternoon,4,10% discount,0
63,17138.08,Coffee Mug|Adidas Running Shoes|Nike Shoes,evening,5,5% discount,1
64,1035.94,Jeans,afternoon,3,5% discount,0
65,8546.89,Jacket,afternoon,6,5% discount,0
66,7955.91,Jacket,evening,10,10% discount,0
67,2409.72,Backpack,evening,9,20% discount,1
68,10786.76,Cushion|Jacket,afternoon,9,20% discount,1
69,9705.36,Cushion|Backpack,afternoon,10,10% discount,1
70,14848.4,T-Shirt|Jacket,afternoon,8,5% discount,1
71,11683.99,Sports Cap|Coffee Mug,evening,2,Free Shipping,0
72,11197.23,Adidas Running Shoes|T-Shirt,afternoon,5,20% discount,1
73,11288.22,T-Shirt|Jacket,afternoon,0,10% discount,0
74,5951.08,Phone Case,afternoon,3,20% discount,0
75,7996.88,Nike Shoes,afternoon,1,5% discount,0
76,2933.77,Coffee Mug,morning,4,10% discount,1
77,2130.28,Puma Sneakers,afternoon,7,10% discount,1
78,12619.23,Sports Cap|Phone Case,morning,6,10% discount,0
79,3140.21,Cushion,evening,4,10% discount,0
80,5697.01,Jacket,afternoon,0,20% discount,1
81,9868.06,Coffee Mug,night,8,Free Shipping,0
82,6717.8,Cushion,afternoon,5,Free Shipping,0
83,9875.31,Cushion,morning,0,10% discount,0
84,6553.18,Nike Shoes,afternoon,4,Free Shipping,0
85,5707.63,Puma Sneakers,night,4,5% discount,0
86,5876.48,Cushion,afternoon,8,Free Shipping,0
87,6454.32,Coffee Mug,afternoon,3,10% discount,0
88,13856.44,Coffee Mug|Nike Shoes,evening,2,10% discount,0
89,25747.08,Earbuds|Nike Shoes|Phone Case,evening,1,5% discount,0
90,5578.0,Phone Case,night,5,Free Shipping,1
91,10313.87,Adidas Running Shoes|Nike Shoes,night,8,10% discount,0
92,5036.08,Nike Shoes,evening,1,5% discount,0
93,7480.97,Earbuds|Coffee Mug,afternoon,10,5% discount,0
94,9580.35,Puma Sneakers,night,10,20% discount,1
95,3450.41,T-Shirt,afternoon,7,5% discount,0
96,10844.78,Puma Sneakers|Wristband,evening,10,10% discount,0
97,12783.73,Jacket|Phone Case|T-Shirt,afternoon,9,Free Shipping,1
98,3405.1,Cushion,evening,1,20% discount,1
99,5122.61,Earbuds,evening,1,20% discount,1
100,4936.79,Adidas Running Shoes|Phone Case,night,9,20% discount,0
101,15707.35,Cushion|Adidas Running Shoes,afternoon,0,10% discount,1
102,9172.96,Puma Sneakers,morning,1,Free Shipping,1
103,5847.27,Jeans,afternoon,7,Free Shipping,1
104,11468.55,Jeans|Cushion,evening,9,5% discount,1
105,12996.79,Puma Sneakers|Puma Sneakers|Jeans,morning,7,Free Shipping,0
106,7915.56,Wristband,night,4,20% discount,0
107,8635.38,Adidas Running Shoes,night,1,20% discount,0
108,7423.72,Nike Shoes|Sports Cap,morning,10,5% discount,0
109,7600.54,Jacket,night,3,10% discount,1
110,11134.46,Cushion|Sports Cap,afternoon,2,Free Shipping,0
111,4624.86,Sports Cap|Coffee Mug,afternoon,2,5% discount,1
112,9709.37,Earbuds,morning,3,10% discount,0
113,13591.68,Backpack|Backpack,afternoon,5,20% discount,1
114,5495.39,Earbuds,morning,7,10% discount,1
115,2311.93,Coffee Mug,morning,9,Free Shipping,0
116,11389.83,Wristband|Earbuds,evening,2,20% discount,1
117,8643.83,Coffee Mug,morning,7,20% discount,0
118,7245.0,Backpack,afternoon,10,20% discount,0
119,1665.8,Phone Case,morning,1,5% discount,0
120,5788.31,Puma Sneakers,afternoon,4,20% discount,1
121,5252.95,Puma Sneakers,night,10,5% discount,0
122,5338.69,Jeans,night,7,Free Shipping,0
123,5552.31,Cushion,afternoon,5,Free Shipping,0
124,1435.74,Adidas Running Shoes,night,1,20% discount,1
125,20958.02,Adidas Running Shoes|Backpack|Phone Case,morning,9,Free Shipping,1
126,6559.18,Sports Cap,night,9,5% discount,0
127,1097.56,Coffee Mug,evening,0,20% discount,1
128,3803.68,Cushion,night,1,10% discount,0
129,10265.0,Cushion|Nike Shoes,evening,5,Free Shipping,0
130,9938.03,Coffee Mug,evening,5,20% discount,1
131,9860.29,Jeans|Wristband,morning,8,Free Shipping,0
132,10350.02,Earbuds|Nike Shoes,morning,1,10% discount,0
133,8812.39,Cushion,morning,2,10% discount,0
134,5199.02,Phone Case|Earbuds,night,1,Free Shipping,1
135,4526.54,Earbuds,morning,10,20% discount,1
136,8495.22,Phone Case,afternoon,3,Free Shipping,1
137,11894.01,Backpack|Jacket,afternoon,0,20% discount,1
138,4126.07,Jeans,night,2,10% discount,1
139,15472.23,Adidas Running Shoes|Sports Cap,morning,9,20% discount,1
140,11835.42,Cushion|Jeans,morning,0,20% discount,1
141,1216.5,Puma Sneakers,evening,4,20% discount,0
142,13413.71,Nike Shoes|Jeans,night,9,Free Shipping,1
143,17696.59,Wristband|Coffee Mug|Phone Case,morning,2,Free Shipping,0
144,8277.07,T-Shirt|Phone Case,evening,1,Free Shipping,1
145,11977.11,T-Shirt|Phone Case|Phone Case,night,0,Free Shipping,0
146,8831.65,Sports Cap,afternoon,0,20% discount,0
147,9347.89,Puma Sneakers|Puma Sneakers,evening,8,10% discount,1
148,9374.92,Phone Case|Cushion,evening,7,Free Shipping,0
149,13596.35,Earbuds|Coffee Mug,morning,0,10% discount,0
150,16249.41,Coffee Mug|Jacket|Cushion,morning,0,10% discount,1
151,13566.36,Phone Case|Nike Shoes,morning,8,5% discount,0
152,4284.73,Cushion|Cushion,afternoon,0,20% discount,0
153,3773.61,Wristband,afternoon,4,5% discount,0
154,7289.45,T-Shirt,night,9,Free Shipping,0
155,2663.98,Jacket,afternoon,4,5% discount,0
156,8486.11,Adidas Running Shoes,night,7,10% discount,1
157,3426.76,T-Shirt,afternoon,5,Free Shipping,0
158,7808.54,Jacket,night,3,Free Shipping,0
159,7359.18,Cushion,evening,1,Free Shipping,1
160,17888.17,T-Shirt|Jeans,evening,9,5% discount,0
161,7635.21,Phone Case|T-Shirt,morning,7,Free Shipping,0
162,9834.59,Cushion,morning,0,Free Shipping,1
163,9272.18,Earbuds,morning,7,Free Shipping,0
164,15494.72,Cushion|Jeans,afternoon,8,Free Shipping,1
165,9200.83,Wristband,evening,3,10% discount,0
166,7699.25,Earbuds|Nike Shoes,night,2,5% discount,0
167,5046.22,Cushion,evening,10,10% discount,1
168,5294.1,Adidas Running Shoes,night,3,Free Shipping,0
169,3287.94,Earbuds,night,9,Free Shipping,1
170,6439.93,Phone Case,morning,6,Free Shipping,1
171,6050.14,Adidas Running Shoes,evening,2,Free Shipping,0
172,8761.79,Puma Sneakers,afternoon,10,10% discount,1
173,5469.68,Phone Case,night,7,20% discount,0
174,5548.34,Adidas Running Shoes,evening,5,5% discount,0
175,12435.75,Sports Cap|Adidas Running Shoes,evening,5,10% discount,1
176,7090.49,Coffee Mug,afternoon,10,20% discount,1
177,3213.95,Earbuds,afternoon,6,Free Shipping,1
178,14418.29,T-Shirt|Nike Shoes,afternoon,2,5% discount,0
179,2549.82,Backpack,morning,9,5% discount,0
180,5494.53,Phone Case,morning,10,5% discount,0
181,1955.28,Wristband,evening,6,Free Shipping,0
182,1561.06,Nike Shoes,evening,8,10% discount,1
183,5758.29,Cushion,afternoon,5,10% discount,0
184,1713.57,Cushion,night,7,5% discount,0
185,4828.4,Nike Shoes,evening,1,5% discount,0
186,7260.69,Earbuds,morning,9,20% discount,0
187,14106.94,Backpack|Coffee Mug,afternoon,2,Free Shipping,0
188,10817.4,Puma Sneakers|Sports Cap,afternoon,2,10% discount,0
189,6673.32,T-Shirt,morning,2,20% discount,1
190,6325.14,T-Shirt,night,9,Free Shipping,0
191,11798.21,T-Shirt|Jacket|Phone Case,morning,5,10% discount,1
192,11911.44,Backpack|Coffee Mug,evening,3,Free Shipping,1
193,1440.04,T-Shirt,afternoon,7,Free Shipping,0
194,4384.85,Puma Sneakers,night,9,20% discount,1
195,13997.64,Sports Cap|Cushion,afternoon,1,5% discount,0
196,12661.46,Backpack|Jeans,morning,5,5% discount,0
197,10341.19,Wristband|Cushion|Wristband,afternoon,2,Free Shipping,1
198,3288.22,T-Shirt,evening,0,5% discount,1
199,5170.43,Phone Case,evening,3,10% discount,0
200,13710.86,Jeans|Nike Shoes,afternoon,4,10% discount,1
201,15085.4,Phone Case|Coffee Mug,afternoon,8,10% discount,0
202,7430.26,Nike Shoes,night,1,Free Shipping,0
203,9079.37,Backpack,morning,4,Free Shipping,1
204,4985.3,Backpack,evening,7,20% discount,1
205,5207.29,Jeans,morning,0,5% discount,0
206,5867.66,Cushion,morning,8,5% discount,0
207,20410.69,Puma Sneakers|Jeans|Jacket,night,10,10% discount,0
208,9386.52,Phone Case|Earbuds,afternoon,2,10% discount,0
209,9630.13,Cushion,night,7,5% discount,0
210,2815.12,Sports Cap,afternoon,8,Free Shipping,0
211,4941.47,T-Shirt|Jeans,night,9,10% discount,1
212,4979.38,Sports Cap,morning,0,Free Shipping,1
213,6820.54,Earbuds,night,3,20% discount,1
214,9435.34,Backpack,evening,3,5% discount,0
215,6542.05,Cushion,morning,0,5% discount,0
216,4772.56,Adidas Running Shoes,afternoon,1,Free Shipping,0
217,8039.67,Wristband,afternoon,7,20% discount,1
218,9292.36,Cushion|Wristband,afternoon,6,20% discount,1
219,1729.91,T-Shirt,afternoon,10,5% discount,0
220,5374.37,Cushion,morning,10,Free Shipping,1
221,13896.74,Sports Cap|Coffee Mug,night,9,10% discount,0
222,6464.07,Backpack,morning,7,10% discount,1
223,16758.79,T-Shirt|Adidas Running Shoes,morning,3,Free Shipping,1
224,8254.89,Nike Shoes|Jacket,night,9,Free Shipping,1
225,6668.03,Jacket,morning,6,10% discount,0
226,14398.3,Puma Sneakers|Coffee Mug|Puma Sneakers,evening,1,10% discount,1
227,7805.19,Sports Cap,morning,1,5% discount,1
228,4228.34,Nike Shoes,evening,8,20% discount,1
229,8740.86,Cushion,night,3,Free Shipping,1
230,5946.72,Puma Sneakers,morning,3,Free Shipping,0
231,11072.17,Nike Shoes|Coffee Mug,evening,4,Free Shipping,0
232,14111.33,Coffee Mug|Coffee Mug,evening,1,20% discount,0
233,14135.18,Phone Case|Nike Shoes|Phone Case,night,4,10% discount,0
234,5144.08,Phone Case,night,1,Free Shipping,0
235,15201.06,Nike Shoes|Adidas Running Shoes,afternoon,0,20% discount,1
236,5878.69,Cushion,evening,4,Free Shipping,0
237,7111.45,Earbuds,morning,8,10% discount,1
238,7129.39,Wristband,night,7,10% discount,0
239,15111.06,Wristband|Sports Cap,night,10,Free Shipping,1
240,7878.87,Cushion,afternoon,8,Free Shipping,1
241,3396.97,Nike Shoes,night,7,Free Shipping,0
242,1940.61,Earbuds,afternoon,3,20% discount,1
243,9528.59,Nike Shoes|Nike Shoes,morning,4,20% discount,0
244,2051.79,Backpack,afternoon,7,Free Shipping,0
245,7431.1,Wristband,night,10,10% discount,0
246,15102.93,Phone Case|Puma Sneakers|Adidas Running Shoes,night,7,10% discount,0
247,3441.03,Backpack,night,7,10% discount,0
248,9954.73,Phone Case,evening,10,Free Shipping,1
249,13519.83,Adidas Running Shoes|T-Shirt,morning,4,5% discount,0
250,12192.1,Nike Shoes|Jeans,evening,0,20% discount,1
251,9818.64,Adidas Running Shoes|Nike Shoes,evening,0,20% discount,0
252,1445.58,Phone Case,evening,7,Free Shipping,0
253,4400.0,Phone Case|Sports Cap,morning,3,Free Shipping,0
254,1069.31,Puma Sneakers,afternoon,4,20% discount,0
255,2874.52,Earbuds,morning,0,20% discount,1
256,1974.29,Coffee Mug,night,6,Free Shipping,0
257,7452.58,Adidas Running Shoes|Adidas Running Shoes,morning,4,5% discount,0
258,9703.7,T-Shirt,evening,10,5% discount,0
259,2591.74,Phone Case,morning,7,10% discount,1
260,3318.17,Coffee Mug,morning,5,10% discount,0
261,17676.28,Coffee Mug|Earbuds,night,6,20% discount,1
262,9737.98,Nike Shoes,night,4,20% discount,1
263,5611.61,Coffee Mug,evening,9,Free Shipping,1
264,11058.51,Earbuds|Sports Cap,afternoon,6,20% discount,1
265,5786.33,Coffee Mug,morning,0,Free Shipping,1
266,17172.87,Earbuds|Sports Cap,evening,4,Free Shipping,1
267,7056.73,Wristband,afternoon,2,Free Shipping,0
268,5139.91,Sports Cap,night,8,10% discount,0
269,5670.22,Earbuds,night,10,20% discount,1
270,9515.98,Sports Cap,evening,6,20% discount,0
271,7410.43,Earbuds,afternoon,3,5% discount,0
272,2761.79,T-Shirt,morning,9,Free Shipping,0
273,5086.4,T-Shirt|T-Shirt,night,7,Free Shipping,0
274,2882.64,Puma Sneakers,evening,9,5% discount,0
275,11369.13,Nike Shoes|Coffee Mug,afternoon,3,Free Shipping,0
276,3534.61,T-Shirt,afternoon,7,Free Shipping,1
277,5350.14,Nike Shoes,afternoon,8,10% discount,0
278,9031.86,Wristband,night,3,10% discount,1
279,3035.58,Earbuds,afternoon,0,20% discount,0
280,6566.22,Coffee Mug,afternoon,0,5% discount,0
281,7898.9,Coffee Mug,afternoon,6,Free Shipping,0
282,6147.25,T-Shirt,morning,6,20% discount,0
283,10252.9,Coffee Mug|Wristband,evening,0,Free Shipping,1
284,8960.36,Phone Case,evening,1,20% discount,1
285,9638.93,Backpack,afternoon,1,10% discount,1
286,5799.1,Backpack,evening,6,Free Shipping,0
287,6108.61,Nike Shoes,morning,4,Free Shipping,1
288,5581.85,Earbuds,morning,2,Free Shipping,0
289,6081.0,Earbuds,evening,4,10% discount,0
290,6687.34,Earbuds,morning,2,Free Shipping,1
291,6626.87,Sports Cap|Phone Case,night,8,10% discount,0
292,5346.04,Wristband,afternoon,4,Free Shipping,0
293,4577.62,Backpack,morning,8,Free Shipping,0
294,2419.2,Jacket,morning,6,Free Shipping,0
295,5778.22,Coffee Mug,evening,2,20% discount,1
296,16763.6,Cushion|Backpack,afternoon,3,5% discount,0
297,10965.19,Puma Sneakers|Earbuds,night,6,10% discount,0
298,13336.3,Jeans|Phone Case|Phone Case,night,6,10% discount,0
299,1318.79,Jacket,morning,5,10% discount,0
300,7492.94,Sports Cap|Sports Cap,evening,0,Free Shipping,0
301,4889.59,Wristband,night,0,20% discount,0
302,7328.13,Jeans,morning,3,5% discount,0
303,5198.8,Coffee Mug,morning,0,10% discount,0
304,4434.27,Coffee Mug|Phone Case,evening,6,Free Shipping,1
305,8214.86,Wristband|Backpack,night,4,Free Shipping,0
306,13850.55,Adidas Running Shoes|Backpack,evening,4,20% discount,1
307,1996.06,T-Shirt,morning,1,10% discount,0
308,2504.82,Backpack,evening,2,10% discount,0
309,6548.09,T-Shirt,evening,8,5% discount,0
310,8696.24,Backpack,afternoon,3,Free Shipping,0
311,5196.22,Jacket,night,8,5% discount,1
312,1019.37,Jacket,night,9,10% discount,0
313,8430.14,Jacket,afternoon,3,Free Shipping,0
314,11135.89,T-Shirt|T-Shirt,night,7,Free Shipping,1
315,4816.6,Earbuds,morning,0,5% discount,0
316,17155.41,Nike Shoes|Nike Shoes,morning,6,20% discount,0
317,1728.67,Sports Cap,afternoon,3,Free Shipping,0
318,2667.45,Backpack,evening,4,Free Shipping,0
319,1950.71,Earbuds,night,3,5% discount,0
320,3448.13,Sports Cap,evening,3,20% discount,1
321,3794.36,Jacket,night,4,Free Shipping,0
322,9182.11,Jacket|Jacket,afternoon,4,10% discount,0
323,2294.82,Jacket,morning,0,10% discount,0
324,11742.33,Sports Cap|Cushion,evening,7,Free Shipping,0
325,9728.33,Backpack|Earbuds,evening,4,20% discount,0
326,2415.43,Backpack,evening,9,5% discount,0
327,7189.57,Jacket,morning,9,Free Shipping,0
328,3919.21,Backpack,afternoon,2,10% discount,0
329,5822.82,Coffee Mug,afternoon,4,20% discount,0
330,3436.95,Wristband,night,0,10% discount,0
331,2731.02,Adidas Running Shoes,afternoon,8,20% discount,1
332,6324.17,Phone Case,night,0,Free Shipping,0
333,9052.58,Jeans|T-Shirt,afternoon,1,Free Shipping,0
334,3641.44,Coffee Mug,evening,7,20% discount,1
335,5312.58,Earbuds,evening,7,10% discount,0
336,5952.81,Puma Sneakers,morning,5,5% discount,0
337,2024.21,Sports Cap,night,6,10% discount,0
338,8693.9,Phone Case,morning,4,10% discount,0
339,20320.01,Puma Sneakers|Jacket|Nike Shoes,morning,5,Free Shipping,1
340,23360.91,Jacket|Adidas Running Shoes|Cushion,evening,7,Free Shipping,0
341,23600.42,Sports Cap|Backpack|Jeans,morning,2,20% discount,0
342,2812.05,Phone Case,afternoon,1,10% discount,0
343,8626.33,Wristband,afternoon,2,20% discount,1
344,6461.47,Puma Sneakers|Adidas Running Shoes,afternoon,10,5% discount,0
345,1200.87,Nike Shoes,afternoon,2,10% discount,1
346,14993.73,Nike Shoes|Jeans,afternoon,6,5% discount,1
347,6870.49,Sports Cap,night,2,5% discount,0
348,6863.8,T-Shirt|Cushion,night,10,Free Shipping,0
349,16602.96,Earbuds|Nike Shoes,night,3,Free Shipping,0
350,1864.55,Cushion,afternoon,6,5% discount,0
351,1588.83,Cushion,evening,8,20% discount,0
352,15999.62,Phone Case|Sports Cap|Jeans,evening,5,10% discount,1
353,8166.9,Adidas Running Shoes,morning,5,Free Shipping,1
354,6109.69,Jeans,evening,6,10% discount,0
355,9969.33,Backpack|Backpack,evening,3,10% discount,0
356,10817.42,Cushion|Phone Case,night,0,20% discount,0
357,8858.96,Backpack,morning,2,20% discount,1
358,9782.55,Nike Shoes|Puma Sneakers,evening,8,Free Shipping,0
359,8529.92,Jeans|Adidas Running Shoes,afternoon,6,Free Shipping,0
360,6504.79,Coffee Mug|T-Shirt,evening,8,10% discount,1
361,13673.91,Adidas Running Shoes|Coffee Mug,afternoon,2,Free Shipping,0
362,1104.87,Earbuds,night,9,20% discount,0
363,3167.82,Phone Case,night,10,10% discount,1
364,9977.83,Backpack,evening,3,Free Shipping,1
365,8807.64,T-Shirt|Jeans,evening,1,Free Shipping,0
366,15476.42,Earbuds|Earbuds,night,8,5% discount,0
367,10346.71,Wristband|Cushion|Adidas Running Shoes,evening,7,Free Shipping,0
368,9793.84,Wristband|T-Shirt|Jacket,evening,3,Free Shipping,0
369,5390.63,Puma Sneakers,evening,1,10% discount,0
370,1198.33,Nike Shoes,afternoon,10,5% discount,0
371,5548.29,Cushion|Sports Cap,night,5,10% discount,0
372,6891.21,Backpack,night,0,5% discount,0
373,5289.64,Backpack|Jacket,afternoon,8,10% discount,0
374,2018.01,Puma Sneakers,afternoon,9,5% discount,0
375,3574.72,Puma Sneakers,morning,0,10% discount,0
376,13851.96,Nike Shoes|Backpack,evening,7,20% discount,0
377,6141.85,Earbuds|Coffee Mug,evening,8,5% discount,1
378,1263.51,Cushion,night,4,Free Shipping,0
379,4346.89,Jeans,evening,7,5% discount,0
380,8056.18,Adidas Running Shoes,afternoon,1,Free Shipping,0
381,17575.72,Puma Sneakers|Earbuds|Adidas Running Shoes,night,7,20% discount,1
382,11813.17,Coffee Mug|Cushion|Wristband,evening,10,5% discount,1
383,8330.75,Phone Case,evening,9,10% discount,1
384,5083.73,Jeans|Nike Shoes,night,5,5% discount,0
385,22240.61,Cushion|Backpack|Coffee Mug,afternoon,8,Free Shipping,0
386,2556.14,Jacket,night,10,Free Shipping,0
387,7586.72,T-Shirt,evening,9,10% discount,0
388,10125.06,Coffee Mug|Sports Cap,morning,1,Free Shipping,0
389,2862.35,Jacket,night,6,5% discount,0
390,23931.17,Backpack|Backpack|Sports Cap,morning,2,10% discount,1
391,8538.0,T-Shirt,morning,6,10% discount,1
392,18828.11,Wristband|Nike Shoes|Cushion,afternoon,0,Free Shipping,0
393,1504.25,Wristband,evening,2,Free Shipping,0
394,5046.35,Adidas Running Shoes,afternoon,3,5% discount,0
395,7880.72,Nike Shoes|Jeans,evening,4,5% discount,0
396,12625.38,Earbuds|Puma Sneakers|T-Shirt,evening,2,5% discount,0
397,7624.47,Backpack,evening,2,5% discount,0
398,7060.49,Adidas Running Shoes|Sports Cap,afternoon,8,Free Shipping,0
399,3857.37,Earbuds,afternoon,6,10% discount,1
400,8172.11,Phone Case,evening,1,5% discount,0
401,14449.81,Phone Case|Earbuds,evening,0,Free Shipping,0
402,14054.76,Cushion|Phone Case,morning,8,Free Shipping,0
403,12918.31,Cushion|Jeans,afternoon,2,10% discount,1
404,9758.32,Cushion,morning,10,10% discount,0
405,5764.9,Wristband|T-Shirt,morning,6,10% discount,0
406,4256.37,Adidas Running Shoes,morning,7,20% discount,1
407,21812.18,Sports Cap|Backpack|Coffee Mug,afternoon,8,20% discount,0
408,10584.12,Coffee Mug|Cushion,afternoon,1,10% discount,0
409,1090.37,Jeans,morning,9,20% discount,0
410,2738.63,Jacket,evening,0,10% discount,0
411,1837.37,Jacket,night,4,20% discount,0
412,11193.89,Cushion|Puma Sneakers,evening,3,5% discount,0
413,13439.45,Phone Case|Coffee Mug|Wristband,night,1,Free Shipping,0
414,7991.31,Backpack,night,7,10% discount,0
415,9398.58,Earbuds,morning,6,Free Shipping,1
416,9430.48,Jeans,evening,10,10% discount,0
417,16066.04,Wristband|Jeans,night,4,Free Shipping,1
418,8515.92,Phone Case,night,10,5% discount,0
419,8907.92,Adidas Running Shoes,afternoon,0,5% discount,0
420,2405.03,Phone Case,evening,8,Free Shipping,0
421,16703.95,Adidas Running Shoes|Adidas Running Shoes,evening,2,5% discount,1
422,2916.98,Adidas Running Shoes,evening,8,Free Shipping,0
423,7275.04,T-Shirt,evening,7,20% discount,1
424,9584.06,T-Shirt,night,8,Free Shipping,1
425,8398.36,Nike Shoes,evening,4,20% discount,1
426,2264.49,Adidas Running Shoes,morning,8,5% discount,0
427,17816.87,Jacket|Wristband|Cushion,evening,4,Free Shipping,0
428,2157.11,Sports Cap,evening,5,10% discount,0
429,1675.08,Phone Case,night,0,Free Shipping,0
430,1721.24,Puma Sneakers,night,9,20% discount,0
431,3443.8,T-Shirt|Coffee Mug,evening,10,10% discount,1
432,6823.43,Puma Sneakers|Earbuds,evening,2,5% discount,0
433,8803.86,Nike Shoes,night,5,5% discount,1
434,1667.68,Phone Case,night,0,10% discount,0
435,11729.06,Coffee Mug|Coffee Mug,morning,2,5% discount,0
436,5634.38,Nike Shoes,evening,5,10% discount,1
437,9347.43,Backpack|Coffee Mug,night,10,Free Shipping,1
438,3186.91,Cushion,afternoon,9,10% discount,0
439,7384.72,Adidas Running Shoes,afternoon,8,Free Shipping,0
440,18265.34,Jacket|Backpack|Coffee Mug,evening,3,20% discount,0
441,6079.0,Cushion,afternoon,7,Free Shipping,0
442,13885.67,Puma Sneakers|Puma Sneakers,morning,8,10% discount,0
443,9263.19,Earbuds|Puma Sneakers,afternoon,0,5% discount,0
444,9710.35,Backpack|Phone Case|Cushion,night,5,Free Shipping,0
445,9055.25,Cushion,evening,0,Free Shipping,1
446,9785.91,Coffee Mug|Jacket,evening,1,Free Shipping,0
447,2008.26,Adidas Running Shoes,morning,1,Free Shipping,0
448,3057.93,Coffee Mug,evening,3,10% discount,0
449,4432.31,Cushion,night,3,20% discount,0
450,5888.66,Coffee Mug,evening,6,5% discount,0
451,11709.84,Jeans|Earbuds,morning,2,5% discount,1
452,5854.68,Coffee Mug|Nike Shoes,night,2,10% discount,1
453,13963.73,Backpack|Sports Cap|Coffee Mug,night,7,Free Shipping,1
454,6800.78,T-Shirt,evening,1,5% discount,0
455,17151.06,Sports Cap|Backpack,night,7,20% discount,0
456,4589.33,Cushion,night,7,5% discount,1
457,13070.82,Jeans|Cushion,morning,10,20% discount,1
458,19492.35,Wristband|T-Shirt,morning,1,10% discount,1
459,2150.57,Jacket,morning,0,20% discount,0
460,12941.78,Jeans|Sports Cap,night,3,10% discount,1
461,7423.13,Coffee Mug,afternoon,7,20% discount,1
462,6587.85,Jeans|Jacket|Wristband,afternoon,5,10% discount,0
463,6818.24,Backpack,afternoon,10,20% discount,0
464,15034.03,Phone Case|Coffee Mug,afternoon,7,20% discount,0
465,3353.58,Nike Shoes,afternoon,2,5% discount,0
466,12348.67,Coffee Mug|Wristband,night,9,10% discount,0
467,1531.08,Adidas Running Shoes,morning,9,Free Shipping,1
468,2546.27,Wristband,night,1,Free Shipping,0
469,16979.5,Phone Case|T-Shirt|Backpack,morning,0,Free Shipping,0
470,1794.23,Phone Case,morning,2,Free Shipping,0
471,4422.0,Phone Case,morning,3,5% discount,0
472,7986.54,Backpack,afternoon,5,Free Shipping,0
473,5537.02,Nike Shoes,night,5,20% discount,1
474,2587.64,Phone Case,afternoon,3,Free Shipping,0
475,11149.89,Earbuds|Jeans,night,8,Free Shipping,0
476,9090.95,Coffee Mug,night,6,5% discount,1
477,3779.15,Phone Case,evening,0,Free Shipping,0
478,6223.1,Wristband,evening,3,Free Shipping,0
479,11246.09,Coffee Mug|Phone Case|Backpack,evening,8,10% discount,0
480,9499.75,Puma Sneakers|Cushion,night,6,Free Shipping,0
481,5207.15,Wristband,night,5,5% discount,0
482,8299.57,Adidas Running Shoes,morning,9,20% discount,1
483,6115.97,Phone Case,afternoon,5,10% discount,0
484,6870.46,Earbuds,afternoon,0,5% discount,1
485,8690.97,Earbuds,night,0,20% discount,0
486,4849.35,Jeans,evening,0,Free Shipping,0
487,5389.09,T-Shirt,evening,6,10% discount,0
488,4156.21,Nike Shoes,evening,3,20% discount,0
489,4493.98,Jacket,night,8,20% discount,1
490,7917.25,Adidas Running Shoes,morning,4,5% discount,0
491,11916.0,Phone Case|Coffee Mug,afternoon,2,5% discount,0
492,9024.29,Phone Case|T-Shirt,morning,7,10% discount,1
493,9031.04,Wristband,evening,0,10% discount,1
494,3212.75,Nike Shoes,evening,6,5% discount,1
495,1873.37,Coffee Mug,afternoon,4,5% discount,0
496,4483.65,Jacket,morning,8,10% discount,0
497,8140.27,Cushion,afternoon,2,5% discount,1
498,5358.76,T-Shirt|Jacket,evening,8,Free Shipping,0
499,9417.56,Phone Case,morning,0,5% discount,1
500,7286.99,Sports Cap,afternoon,8,10% discount,1
501,14162.79,Phone Case|Nike Shoes,afternoon,7,10% discount,1
502,7335.74,T-Shirt,morning,1,10% discount,1
503,5279.16,Jacket,morning,2,10% discount,1
504,3499.23,Wristband|Cushion,morning,10,10% discount,0
505,2129.5,Phone Case,night,6,20% discount,0
506,13358.46,Adidas Running Shoes|Backpack,afternoon,7,20% discount,1
507,4073.97,Jeans,morning,9,10% discount,1
508,2388.83,Coffee Mug,afternoon,2,5% discount,0
509,7409.41,Coffee Mug,night,2,20% discount,1
510,16960.71,Sports Cap|Cushion|Adidas Running Shoes,morning,1,20% discount,1
511,19932.44,Earbuds|Jeans|Phone Case,morning,3,5% discount,1
512,7051.93,Jacket|Cushion,afternoon,3,5% discount,1
513,12915.99,Phone Case|Phone Case,night,0,Free Shipping,0
514,9504.98,T-Shirt,evening,2,Free Shipping,1
515,9923.09,Jacket,night,5,Free Shipping,0
516,17873.21,Jeans|Jacket|Cushion,evening,7,Free Shipping,0
517,9358.97,Adidas Running Shoes,morning,9,5% discount,0
518,6290.84,Cushion,night,0,10% discount,1
519,9870.82,Phone Case|Backpack,afternoon,4,5% discount,0
520,5637.52,Phone Case,morning,4,10% discount,0
521,7710.09,Earbuds|Adidas Running Shoes,evening,0,10% discount,1
522,10558.79,T-Shirt|Jeans,evening,0,20% discount,1
523,6683.11,Phone Case,afternoon,4,5% discount,1
524,2743.19,Puma Sneakers,afternoon,9,5% discount,0
525,1536.26,Sports Cap,evening,9,Free Shipping,0
526,7082.25,Jeans,night,3,10% discount,0
527,12295.06,Sports Cap|Nike Shoes,afternoon,0,Free Shipping,0
528,6356.25,Wristband|Coffee Mug,evening,1,10% discount,0
529,9781.75,Coffee Mug,evening,9,Free Shipping,0
530,14633.41,Sports Cap|Backpack|Cushion,night,3,20% discount,1
531,15593.01,Adidas Running Shoes|Jeans|Phone Case,evening,4,Free Shipping,0
532,7211.56,Puma Sneakers,evening,2,10% discount,1
533,4038.98,Jeans,evening,5,5% discount,1
534,9349.83,Puma Sneakers|Earbuds,morning,6,20% discount,1
535,3060.48,Backpack,morning,3,10% discount,0
536,16218.99,Jeans|Backpack,evening,3,10% discount,0
537,8190.65,Earbuds|Cushion,afternoon,10,Free Shipping,0
538,8524.41,Cushion,night,0,Free Shipping,1
539,15762.68,Wristband|Nike Shoes|Phone Case,afternoon,3,Free Shipping,0
540,13610.51,Cushion|Sports Cap,afternoon,3,20% discount,1
541,3068.99,Earbuds,night,4,5% discount,0
542,10279.33,Phone Case|Jacket,afternoon,10,20% discount,0
543,6049.99,Cushion,morning,4,Free Shipping,0
544,2714.12,Jacket,morning,9,5% discount,1
545,9721.63,Wristband,night,9,10% discount,1
546,13827.69,Earbuds|Phone Case,morning,7,5% discount,0
547,8761.32,Coffee Mug,evening,9,10% discount,1
548,15207.95,Phone Case|Earbuds|Earbuds,evening,8,20% discount,0
549,8401.11,Jacket|Phone Case,morning,3,10% discount,0
550,1320.57,Jeans,morning,1,20% discount,0
551,8997.2,Phone Case,evening,3,Free Shipping,0
552,16048.69,T-Shirt|Phone Case,morning,7,10% discount,1
553,2211.29,T-Shirt,night,9,5% discount,1
554,3090.16,Earbuds,night,7,Free Shipping,0
555,6825.9,Earbuds,evening,9,Free Shipping,0
556,12330.55,Cushion|T-Shirt,morning,0,10% discount,1
557,5795.83,Earbuds|Backpack,evening,4,20% discount,1
558,8919.31,Cushion,night,3,5% discount,0
559,1417.91,Cushion,evening,0,5% discount,0
560,9378.37,Jacket,evening,4,Free Shipping,1
561,8997.53,Phone Case,morning,3,5% discount,0
562,3371.56,Earbuds,morning,5,5% discount,0
563,8718.24,Puma Sneakers,evening,4,20% discount,1
564,13236.2,Puma Sneakers|Earbuds,morning,1,10% discount,1
565,1332.99,Cushion,evening,5,Free Shipping,0
566,6719.18,Phone Case|Nike Shoes,afternoon,7,Free Shipping,0
567,3787.35,Sports Cap,afternoon,6,10% discount,1
568,2777.63,Nike Shoes,morning,0,20% discount,0
569,6861.13,Sports Cap,evening,9,10% discount,0
570,10713.67,Jacket|Cushion,afternoon,10,20% discount,0
571,7755.46,Backpack,afternoon,8,10% discount,0
572,13743.8,Puma Sneakers|Nike Shoes,afternoon,10,20% discount,0
573,7988.62,Earbuds|Jeans,morning,8,Free Shipping,0
574,4426.34,Puma Sneakers,morning,6,10% discount,0
575,5923.89,Jacket,afternoon,1,10% discount,1
576,8477.14,Nike Shoes|Coffee Mug,evening,4,5% discount,0
577,5905.23,Coffee Mug,afternoon,7,5% discount,0
578,11270.5,Nike Shoes|Phone Case|Adidas Running Shoes,evening,10,10% discount,1
579,2449.83,Wristband,afternoon,0,Free Shipping,0
580,6510.24,Adidas Running Shoes,evening,6,10% discount,1
581,13701.88,Nike Shoes|Phone Case,evening,10,Free Shipping,0
582,11639.09,Phone Case|Cushion,night,10,5% discount,0
583,12250.98,Sports Cap|Cushion,afternoon,4,Free Shipping,1
584,15352.74,Coffee Mug|Coffee Mug|Puma Sneakers,evening,0,5% discount,1
585,11983.95,T-Shirt|Wristband,evening,0,Free Shipping,1
586,8460.43,Phone Case|Cushion|Earbuds,night,8,5% discount,1
587,13923.76,Backpack|Phone Case,morning,10,5% discount,1
588,24390.82,Backpack|Earbuds|Coffee Mug,morning,6,10% discount,0
589,3759.46,Cushion,morning,10,10% discount,0
590,15094.05,Adidas Running Shoes|Jacket,evening,5,20% discount,0
591,17745.12,Adidas Running Shoes|Sports Cap,evening,6,Free Shipping,0
592,3694.73,Sports Cap,afternoon,7,Free Shipping,0
593,9570.52,Sports Cap,night,4,20% discount,1
594,7086.11,Cushion,afternoon,8,10% discount,0
595,9152.42,Phone Case,afternoon,6,10% discount,0
596,13129.59,Backpack|Jeans,evening,8,10% discount,1
597,8288.24,Earbuds|Jeans,morning,0,20% discount,1
598,3916.68,Sports Cap,afternoon,10,Free Shipping,0
599,4795.4,Phone Case,night,10,10% discount,1
600,6643.98,Cushion,evening,3,Free Shipping,1
601,18267.78,Coffee Mug|Phone Case|Coffee Mug,afternoon,9,10% discount,1
602,7063.3,Puma Sneakers,afternoon,9,Free Shipping,1
603,5249.14,Jacket|Earbuds,afternoon,0,10% discount,0
604,1451.74,Cushion,evening,2,Free Shipping,0
605,5816.46,Earbuds|Coffee Mug,evening,6,Free Shipping,0
606,8305.25,Adidas Running Shoes,morning,8,20% discount,0
607,1463.77,Cushion,morning,1,20% discount,0
608,8717.66,Phone Case,night,10,5% discount,0
609,7011.69,Sports Cap,evening,10,5% discount,0
610,9687.25,Jeans,morning,7,10% discount,1
611,10295.27,Coffee Mug|Coffee Mug,night,10,Free Shipping,0
612,9754.86,Nike Shoes,evening,3,5% discount,0
613,5712.05,Backpack,night,4,Free Shipping,0
614,9553.29,Wristband|Nike Shoes,evening,6,20% discount,1
615,8140.47,Puma Sneakers,afternoon,9,Free Shipping,0
616,8811.0,Puma Sneakers,evening,1,5% discount,1
617,2845.09,Cushion|Cushion,afternoon,8,20% discount,0
618,5793.89,T-Shirt,evening,7,10% discount,1
619,16171.71,Sports Cap|Phone Case,afternoon,6,10% discount,1
620,11310.27,Phone Case|Backpack,morning,8,20% discount,1
621,14861.67,Puma Sneakers|Puma Sneakers|Earbuds,morning,2,Free Shipping,0
622,4241.23,Sports Cap|Wristband,evening,0,5% discount,0
623,2774.78,Sports Cap,morning,2,10% discount,0
624,5078.59,Backpack,morning,3,Free Shipping,1
625,9901.26,Cushion,afternoon,2,10% discount,0
626,3187.48,Earbuds,afternoon,3,10% discount,0
627,7495.29,T-Shirt,morning,8,Free Shipping,0
628,14000.22,Coffee Mug|Coffee Mug,night,5,20% discount,1
629,17354.05,Adidas Running Shoes|Wristband|Backpack,afternoon,10,5% discount,0
630,4784.64,Nike Shoes,night,0,10% discount,0
631,11641.53,Puma Sneakers|Cushion,night,0,10% discount,1
632,5263.73,Jeans|Coffee Mug,night,0,20% discount,1
633,25092.87,Earbuds|Adidas Running Shoes|Adidas Running Shoes,morning,2,10% discount,1
634,9573.55,Earbuds|Adidas Running Shoes,afternoon,3,20% discount,1
635,3714.77,Earbuds,morning,8,5% discount,0
636,9726.66,Backpack,afternoon,6,Free Shipping,1
637,6436.02,Cushion,evening,10,Free Shipping,0
638,7403.33,Earbuds|Coffee Mug,morning,10,10% discount,1
639,3795.3,Cushion|Puma Sneakers,afternoon,10,Free Shipping,0
640,7183.0,Earbuds,night,7,Free Shipping,0
641,1702.87,Cushion,night,0,10% discount,1
642,6154.81,Jeans,afternoon,6,10% discount,1
643,14753.23,Adidas Running Shoes|Jeans,afternoon,10,Free Shipping,1
644,9533.43,Phone Case,night,9,Free Shipping,0
645,8983.07,Phone Case,evening,6,5% discount,0
646,14260.13,Sports Cap|Wristband,night,9,10% discount,1
647,1307.89,Adidas Running Shoes,morning,1,10% discount,0
648,23192.15,Adidas Running Shoes|Wristband|Phone Case,night,4,5% discount,1
649,9484.44,Coffee Mug,afternoon,4,Free Shipping,0
650,4787.72,Wristband,afternoon,7,20% discount,1
651,2558.92,Adidas Running Shoes,evening,9,5% discount,0
652,5218.62,Coffee Mug,evening,7,5% discount,0
653,4400.11,Phone Case,night,1,10% discount,1
654,3694.83,Cushion,evening,3,10% discount,0
655,7974.21,Nike Shoes,evening,8,Free Shipping,1
656,4286.07,Coffee Mug,afternoon,5,5% discount,0
657,10448.64,Sports Cap|Jeans,afternoon,1,10% discount,0
658,4663.19,Backpack,night,9,10% discount,1
659,5051.55,Adidas Running Shoes,evening,6,Free Shipping,0
660,9910.81,Coffee Mug,afternoon,5,10% discount,1
661,18375.59,Nike Shoes|Wristband,afternoon,2,Free Shipping,1
662,5182.84,Cushion,afternoon,5,5% discount,1
663,7006.2,Earbuds,afternoon,7,Free Shipping,0
664,9111.45,Jeans,morning,3,10% discount,0
665,7484.13,Sports Cap|T-Shirt,evening,5,5% discount,0
666,9081.87,Jeans|Coffee Mug|Nike Shoes,evening,6,10% discount,1
667,6503.62,Nike Shoes,evening,1,5% discount,0
668,9894.73,Phone Case,morning,3,5% discount,0
669,5781.93,Coffee Mug|Earbuds,night,6,20% discount,0
670,9633.37,Cushion|Wristband,afternoon,2,10% discount,0
671,23492.98,Adidas Running Shoes|Jeans|Wristband,evening,8,Free Shipping,0
672,13205.71,Sports Cap|Coffee Mug|Wristband,evening,4,Free Shipping,1
673,9978.05,Cushion|T-Shirt,morning,6,20% discount,1
674,15681.4,Cushion|Sports Cap|Jacket,evening,7,20% discount,1
675,8509.53,Phone Case,afternoon,0,10% discount,0
676,7735.28,Backpack,evening,1,Free Shipping,0
677,4130.01,T-Shirt|Jeans,afternoon,2,20% discount,1
678,10976.99,Phone Case|Cushion,night,6,Free Shipping,0
679,15743.99,Puma Sneakers|T-Shirt|Jeans,afternoon,5,10% discount,0
680,6657.8,Sports Cap,morning,2,Free Shipping,0
681,13222.01,Cushion|Cushion|Jeans,afternoon,7,5% discount,1
682,10851.8,Backpack|Nike Shoes,morning,2,Free Shipping,0
683,12857.12,Backpack|Puma Sneakers|T-Shirt,evening,4,5% discount,0
684,22402.06,Jacket|Earbuds|Earbuds,night,0,20% discount,0
685,11056.13,T-Shirt|Sports Cap|Earbuds,evening,6,Free Shipping,0
686,2400.04,Wristband,evening,3,20% discount,0
687,2139.38,Earbuds,afternoon,0,10% discount,0
688,16244.52,Adidas Running Shoes|Phone Case|Wristband,night,3,10% discount,0
689,7414.57,T-Shirt,evening,1,Free Shipping,1
690,11437.14,Adidas Running Shoes|Backpack|Backpack,afternoon,0,10% discount,0
691,5040.81,Earbuds,afternoon,1,10% discount,0
692,10892.75,Puma Sneakers|Coffee Mug,morning,2,10% discount,1
693,4220.19,Phone Case,night,5,5% discount,0
694,5885.95,Phone Case|T-Shirt,night,10,Free Shipping,0
695,6447.46,Earbuds,morning,7,5% discount,1
696,7737.92,T-Shirt,evening,5,5% discount,1
697,9465.18,Phone Case,evening,3,Free Shipping,0
698,3844.33,Sports Cap|Earbuds,evening,5,5% discount,0
699,16798.58,T-Shirt|Jacket|Earbuds,morning,0,Free Shipping,0
700,9053.93,Coffee Mug,night,5,Free Shipping,0
701,4471.29,Coffee Mug,morning,10,Free Shipping,1
702,3386.66,Sports Cap,evening,4,Free Shipping,0
703,7206.38,Earbuds,night,4,Free Shipping,1
704,3262.22,Earbuds,afternoon,7,Free Shipping,0
705,10205.96,Earbuds|Phone Case,night,5,10% discount,1
706,2617.93,Earbuds,morning,0,10% discount,0
707,8621.91,Cushion|Jeans,evening,4,Free Shipping,0
708,6046.69,Nike Shoes,morning,7,10% discount,0
709,7472.7,Coffee Mug,morning,9,Free Shipping,0
710,2248.9,Cushion,night,3,20% discount,1
711,4981.72,Nike Shoes,afternoon,9,20% discount,1
712,9313.13,Jacket,night,1,20% discount,1
713,16431.41,Puma Sneakers|Cushion,night,8,5% discount,1
714,5270.72,Cushion,afternoon,9,20% discount,1
715,13880.08,Adidas Running Shoes|Cushion,night,1,20% discount,0
716,8329.68,Wristband,night,6,Free Shipping,0
717,4511.65,Adidas Running Shoes,morning,6,10% discount,1
718,5991.64,Puma Sneakers,afternoon,0,20% discount,0
719,5061.55,Coffee Mug,evening,10,Free Shipping,1
720,7129.4,Jacket,afternoon,4,Free Shipping,0
721,11391.99,Earbuds|Phone Case,morning,9,5% discount,0
722,1678.58,Adidas Running Shoes,morning,9,10% discount,0
723,9431.76,Sports Cap,night,4,10% discount,0
724,7031.82,Sports Cap,evening,10,5% discount,0
725,10064.6,Nike Shoes|Puma Sneakers,night,9,Free Shipping,0
726,9031.64,Phone Case,evening,3,20% discount,1
727,3194.26,Coffee Mug,night,7,20% discount,0
728,12269.22,Jeans|Cushion,afternoon,7,5% discount,0
729,5139.92,Nike Shoes,evening,7,10% discount,1
730,21506.12,Coffee Mug|Phone Case|Backpack,afternoon,1,10% discount,0
731,11861.47,Nike Shoes|Wristband,morning,3,10% discount,1
732,5552.27,Earbuds,night,5,Free Shipping,0
733,24173.26,Puma Sneakers|Earbuds|Nike Shoes,night,3,5% discount,1
734,3636.31,Phone Case,afternoon,3,Free Shipping,0
735,5185.8,Backpack,evening,3,20% discount,1
736,8098.37,Nike Shoes,morning,2,Free Shipping,0
737,1399.4,Cushion,afternoon,1,Free Shipping,0
738,9384.89,Earbuds,afternoon,0,20% discount,1
739,16192.25,Coffee Mug|Backpack,morning,7,5% discount,0
740,11874.5,Phone Case|Adidas Running Shoes,afternoon,8,10% discount,1
741,15308.04,Sports Cap|Puma Sneakers|Wristband,night,8,20% discount,1
742,5851.71,Nike Shoes,evening,7,Free Shipping,0
743,6326.79,Backpack,evening,6,Free Shipping,1
744,5256.37,Cushion,night,2,10% discount,0
745,2983.15,Coffee Mug,morning,9,10% discount,0
746,9681.84,Coffee Mug,morning,2,5% discount,0
747,8428.74,Jeans,evening,10,Free Shipping,0
748,7350.72,Sports Cap,evening,1,5% discount,0
749,2487.57,Coffee Mug,evening,8,Free Shipping,0
750,7360.85,Jeans|Wristband,morning,9,20% discount,1
751,9971.21,Phone Case,afternoon,5,5% discount,0
752,2135.16,Phone Case,night,2,20% discount,0
753,14693.88,Coffee Mug|Earbuds,night,0,10% discount,1
754,3597.9,Puma Sneakers|Phone Case,afternoon,7,Free Shipping,1
755,2588.85,Phone Case,night,2,5% discount,0
756,9549.83,Earbuds|Wristband,afternoon,5,5% discount,0
757,4873.65,Phone Case,morning,9,10% discount,0
758,9066.97,Cushion,evening,2,5% discount,1
759,2991.93,Phone Case,night,10,20% discount,0
760,6546.94,Cushion|Coffee Mug,evening,8,Free Shipping,0
761,2202.27,Phone Case,morning,3,5% discount,0
762,11622.76,Cushion|Phone Case,night,9,Free Shipping,0
763,5376.17,Adidas Running Shoes,night,1,10% discount,1
764,2290.86,Sports Cap,afternoon,3,Free Shipping,0
765,8099.14,Nike Shoes,night,7,10% discount,1
766,9762.51,Puma Sneakers|Earbuds,afternoon,7,Free Shipping,0
767,5204.55,Phone Case|Cushion,evening,4,Free Shipping,0
768,14090.93,Nike Shoes|Coffee Mug|Wristband,night,0,Free Shipping,1
769,1558.24,T-Shirt,night,8,5% discount,0
770,2275.24,Jacket,morning,8,Free Shipping,0
771,5547.53,Coffee Mug,morning,4,10% discount,1
772,5765.22,Wristband|Nike Shoes,afternoon,6,Free Shipping,1
773,5238.38,Puma Sneakers|Phone Case|Jeans,afternoon,3,5% discount,0
774,9939.07,Jacket,morning,6,10% discount,0
775,1676.17,Earbuds,morning,3,Free Shipping,1
776,3838.8,T-Shirt,morning,5,20% discount,0
777,2583.9,Wristband,evening,2,20% discount,0
778,6781.98,T-Shirt,afternoon,0,20% discount,0
779,2520.46,Puma Sneakers,morning,1,Free Shipping,0
780,5991.62,Sports Cap,evening,2,10% discount,0
781,5083.62,Cushion,morning,4,5% discount,0
782,21341.0,Earbuds|Sports Cap|Jacket,evening,0,5% discount,0
783,6716.22,Sports Cap,evening,7,5% discount,0
784,9205.54,Nike Shoes,morning,6,10% discount,1
785,7318.47,Phone Case,afternoon,5,5% discount,0
786,23490.95,Sports Cap|Jacket|Puma Sneakers,evening,7,20% discount,1
787,5529.83,Phone Case|Earbuds,evening,8,5% discount,1
788,5232.11,Adidas Running Shoes,night,9,5% discount,0
789,8451.69,T-Shirt,night,0,5% discount,1
790,9733.63,Backpack,night,9,10% discount,0
791,13641.24,Puma Sneakers|Adidas Running Shoes,morning,9,Free Shipping,0
792,5318.49,Phone Case,afternoon,7,Free Shipping,1
793,8207.0,Earbuds,evening,7,10% discount,0
794,9090.38,Wristband,morning,6,Free Shipping,1
795,3887.34,Coffee Mug,afternoon,0,10% discount,0
796,12939.08,Earbuds|Earbuds,afternoon,6,5% discount,0
797,11396.5,T-Shirt|Coffee Mug,morning,4,10% discount,0
798,15077.42,Wristband|Jacket,afternoon,4,20% discount,0
799,1036.26,Jeans,afternoon,0,Free Shipping,0
800,7772.73,T-Shirt,night,4,20% discount,1
801,6851.89,Sports Cap|Earbuds,morning,2,Free Shipping,1
802,1657.37,Jacket,night,1,10% discount,0
803,11902.76,Adidas Running Shoes|T-Shirt,night,5,5% discount,1
804,3342.85,Wristband|Coffee Mug,evening,4,20% discount,0
805,15920.43,Puma Sneakers|Puma Sneakers|Adidas Running Shoes,night,4,5% discount,0
806,3310.29,Puma Sneakers,morning,10,Free Shipping,0
807,5269.06,Nike Shoes|T-Shirt,night,1,Free Shipping,1
808,4884.19,Adidas Running Shoes,night,9,Free Shipping,0
809,4286.1,Earbuds,night,1,20% discount,1
810,8248.27,Phone Case,evening,10,5% discount,0
811,9588.06,Phone Case,morning,1,10% discount,0
812,6523.16,Earbuds,evening,6,10% discount,0
813,11436.02,Backpack|Jeans,morning,4,5% discount,0
814,10739.01,Jacket|Puma Sneakers|Coffee Mug,night,4,Free Shipping,0
815,3233.92,Wristband,morning,3,20% discount,0
816,3520.44,Jacket,evening,0,10% discount,0
817,11324.44,Earbuds|Phone Case|Cushion,night,9,10% discount,0
818,10150.83,Phone Case|Phone Case,morning,2,10% discount,1
819,3782.79,Phone Case,night,3,10% discount,0
820,6049.16,Coffee Mug,evening,1,Free Shipping,0
821,1977.52,Jeans,evening,7,Free Shipping,0
822,1117.59,Wristband,afternoon,0,5% discount,0
823,8897.17,Phone Case|Backpack,afternoon,2,5% discount,0
824,12803.54,Phone Case|Phone Case,morning,5,5% discount,0
825,20533.79,Sports Cap|Jacket|Sports Cap,night,5,5% discount,0
826,3399.8,Puma Sneakers,afternoon,7,Free Shipping,0
827,2950.56,Phone Case,morning,7,5% discount,0
828,12577.21,Coffee Mug|Sports Cap,night,8,Free Shipping,0
829,19595.05,Wristband|Adidas Running Shoes|Coffee Mug,afternoon,7,5% discount,0
830,12670.58,Phone Case|Jeans,morning,6,10% discount,0
831,22291.82,Earbuds|Wristband|Earbuds,afternoon,7,10% discount,0
832,2278.33,Earbuds,evening,7,20% discount,0
833,1070.45,Phone Case,afternoon,7,20% discount,1
834,1421.22,Jeans,evening,9,5% discount,0
835,10968.87,Sports Cap|Coffee Mug,morning,4,10% discount,1
836,17095.58,Jeans|Phone Case|Jeans,morning,9,Free Shipping,0
837,8952.1,Phone Case,morning,8,Free Shipping,0
838,8966.84,Wristband,night,4,10% discount,1
839,2654.97,Sports Cap,afternoon,10,Free Shipping,0
840,16347.68,Jeans|Puma Sneakers,afternoon,4,Free Shipping,0
841,7640.5,Wristband,morning,7,Free Shipping,1
842,13355.35,Jeans|Puma Sneakers,night,2,20% discount,0
843,12470.31,Jeans|Nike Shoes,morning,6,10% discount,1
844,5312.71,Earbuds,afternoon,3,10% discount,0
845,3941.0,Earbuds,evening,6,20% discount,0
846,4705.23,Coffee Mug,evening,4,Free Shipping,1
847,4717.32,Jeans|Nike Shoes,night,5,Free Shipping,1
848,10914.5,Phone Case|Jeans,night,8,Free Shipping,0
849,5724.57,Backpack,afternoon,6,10% discount,1
850,5652.14,Jeans,evening,3,20% discount,1
851,10743.78,Puma Sneakers|Sports Cap|Wristband,morning,8,5% discount,0
852,8276.41,Earbuds,morning,0,Free Shipping,0
853,7160.13,Jeans,evening,7,Free Shipping,1
854,3187.64,Coffee Mug,night,10,5% discount,0
855,18139.66,T-Shirt|Jeans|Jeans,night,3,10% discount,1
856,11427.27,Phone Case|Phone Case,morning,2,Free Shipping,0
857,8002.08,Backpack,night,1,Free Shipping,0
858,15055.52,Jacket|Jeans,morning,9,20% discount,1
859,9329.88,Phone Case,night,8,10% discount,0
860,8252.3,Puma Sneakers|Sports Cap,afternoon,5,5% discount,0
861,6278.44,T-Shirt|Jacket,night,10,5% discount,0
862,1257.79,Jacket,night,9,20% discount,0
863,1319.11,Nike Shoes,morning,4,10% discount,0
864,13356.84,Earbuds|Adidas Running Shoes,morning,8,10% discount,0
865,16779.01,Coffee Mug|Jacket,afternoon,0,10% discount,1
866,2927.49,Wristband,morning,7,10% discount,1
867,3977.64,T-Shirt,evening,2,Free Shipping,0
868,2681.94,Jacket,afternoon,4,20% discount,1
869,6619.43,Earbuds,afternoon,9,20% discount,1
870,4098.19,Wristband,afternoon,10,20% discount,0
871,23409.32,Sports Cap|Jacket|Jeans,morning,2,Free Shipping,0
872,4670.05,Earbuds,evening,1,10% discount,1
873,9010.74,T-Shirt,afternoon,2,Free Shipping,0
874,1418.24,Sports Cap,night,3,20% discount,0
875,6851.37,Wristband,morning,5,Free Shipping,1
876,12756.72,T-Shirt|T-Shirt|Coffee Mug,afternoon,9,Free Shipping,0
877,9694.84,Coffee Mug,night,2,20% discount,0
878,6195.78,Cushion,evening,0,5% discount,0
879,7747.1,Jacket,afternoon,1,Free Shipping,0
880,5465.45,Coffee Mug,night,6,10% discount,0
881,8456.58,Jeans,afternoon,0,10% discount,0
882,1786.04,Adidas Running Shoes,evening,7,Free Shipping,0
883,13759.68,Wristband|Sports Cap,afternoon,1,5% discount,1
884,12437.07,Backpack|Jeans,afternoon,5,10% discount,0
885,4024.23,Phone Case,morning,7,Free Shipping,1
886,11939.3,Earbuds|Phone Case,morning,3,Free Shipping,0
887,11145.04,Wristband|Wristband|Nike Shoes,evening,4,Free Shipping,0
888,7565.5,Cushion,morning,9,Free Shipping,0
889,6303.61,Jacket|Coffee Mug,morning,4,20% discount,1
890,14463.17,Phone Case|Backpack,afternoon,5,10% discount,0
891,6773.06,Coffee Mug|Cushion,evening,1,5% discount,0
892,5288.86,Jacket,night,4,10% discount,0
893,1961.62,Coffee Mug,morning,4,5% discount,0
894,3686.83,Earbuds,morning,1,20% discount,1
895,2213.79,Puma Sneakers,afternoon,5,10% discount,0
896,9655.12,Wristband,afternoon,2,10% discount,1
897,11818.66,Coffee Mug|Jacket,evening,10,10% discount,0
898,11775.75,Sports Cap|Jeans,evening,3,Free Shipping,1
899,5618.53,Jeans,night,10,5% discount,1
900,2549.95,Backpack,evening,8,10% discount,0
901,4213.58,Wristband,morning,5,Free Shipping,0
902,6196.07,Adidas Running Shoes,night,8,20% discount,1
903,7487.68,Adidas Running Shoes,evening,3,20% discount,1
904,7712.38,Puma Sneakers|Nike Shoes,evening,0,5% discount,0
905,5033.31,Phone Case,morning,3,10% discount,1
906,10485.61,Earbuds|Cushion|Cushion,morning,0,20% discount,0
907,9414.75,Nike Shoes|Phone Case,night,8,Free Shipping,1
908,4284.99,Nike Shoes,morning,6,20% discount,0
909,3895.59,Nike Shoes,morning,4,5% discount,0
910,13334.41,Phone Case|Adidas Running Shoes,night,10,10% discount,1
911,8366.76,Phone Case,evening,6,10% discount,0
912,2239.44,Jeans,night,1,10% discount,0
913,9772.02,Phone Case|Adidas Running Shoes,night,6,5% discount,0
914,11110.6,Adidas Running Shoes|Coffee Mug,afternoon,6,10% discount,0
915,9240.91,Wristband,evening,2,5% discount,0
916,4650.64,Sports Cap,morning,2,5% discount,1
917,4291.0,T-Shirt,night,8,Free Shipping,0
918,2977.71,Jeans,night,6,20% discount,0
919,14184.01,Phone Case|Phone Case,afternoon,5,20% discount,1
920,16032.3,Nike Shoes|Cushion|Wristband,afternoon,1,20% discount,1
921,7417.52,Puma Sneakers,morning,1,10% discount,1
922,5920.23,Cushion,morning,2,Free Shipping,0
923,1297.87,Sports Cap,evening,7,Free Shipping,0
924,9887.6,Cushion|Cushion,night,5,5% discount,0
925,5361.88,T-Shirt,afternoon,8,5% discount,1
926,5547.48,Backpack,afternoon,0,5% discount,0
927,11069.95,Coffee Mug|Puma Sneakers,morning,8,20% discount,0
928,7777.99,Jacket,morning,5,10% discount,0
929,5167.64,Wristband,afternoon,5,10% discount,1
930,4282.05,Coffee Mug,morning,9,5% discount,0
931,6367.49,Wristband|Wristband,evening,1,Free Shipping,0
932,2571.07,Earbuds,afternoon,10,20% discount,0
933,5686.78,Earbuds,morning,8,10% discount,0
934,2222.27,Sports Cap,afternoon,9,5% discount,0
935,3643.13,Coffee Mug,night,0,10% discount,1
936,12629.35,Coffee Mug|T-Shirt,afternoon,1,5% discount,0
937,2321.32,Phone Case,morning,2,Free Shipping,0
938,1411.04,Nike Shoes,morning,2,Free Shipping,0
939,4986.05,T-Shirt,night,6,20% discount,0
940,18926.56,Earbuds|Coffee Mug|Coffee Mug,evening,10,Free Shipping,1
941,15890.53,Adidas Running Shoes|Jeans,night,3,10% discount,1
942,6074.46,Jacket,afternoon,5,20% discount,1
943,5303.91,Puma Sneakers|Phone Case,morning,7,10% discount,0
944,5062.15,Adidas Running Shoes,night,0,5% discount,0
945,3437.73,Cushion,night,7,Free Shipping,0
946,7227.26,Backpack,morning,1,10% discount,0
947,3302.06,Earbuds,evening,6,Free Shipping,1
948,6203.49,Jeans,evening,6,10% discount,1
949,2400.06,Phone Case,evening,1,10% discount,1
950,2175.96,Coffee Mug,night,8,20% discount,0
951,8465.21,T-Shirt,evening,6,Free Shipping,0
952,11787.13,T-Shirt|Puma Sneakers|Backpack,evening,3,10% discount,1
953,7744.17,Sports Cap,evening,7,5% discount,0
954,6109.31,Earbuds,evening,4,10% discount,0
955,6699.49,Wristband|Earbuds,evening,0,5% discount,0
956,16580.59,Coffee Mug|Jacket|T-Shirt,afternoon,1,Free Shipping,1
957,21264.12,Phone Case|Coffee Mug|Phone Case,evening,6,5% discount,1
958,7413.34,Earbuds,evening,6,5% discount,0
959,1597.54,Phone Case,morning,5,20% discount,1
960,3912.16,Backpack|Earbuds,evening,8,5% discount,0
961,8660.41,Phone Case,evening,10,10% discount,0
962,13750.66,Puma Sneakers|Coffee Mug,afternoon,1,Free Shipping,0
963,7567.76,Phone Case,morning,0,20% discount,1
964,18489.78,Earbuds|Jeans,morning,1,10% discount,0
965,3770.21,Sports Cap,night,4,Free Shipping,0
966,8688.09,Phone Case|Cushion,morning,2,5% discount,1
967,8335.39,Coffee Mug,afternoon,1,5% discount,0
968,2779.06,Wristband,afternoon,3,10% discount,0
969,23812.16,Backpack|Adidas Running Shoes|Earbuds,night,7,Free Shipping,1
970,5639.41,Puma Sneakers,night,2,20% discount,0
971,4806.1,Jacket,afternoon,2,Free Shipping,0
972,9362.84,Backpack,morning,2,Free Shipping,0
973,8555.62,Jeans,afternoon,6,20% discount,0
974,10486.52,Jacket|Earbuds,evening,0,20% discount,0
975,7071.47,Backpack,evening,9,10% discount,1
976,13833.46,Cushion|Wristband,night,6,20% discount,1
977,6617.37,Earbuds,night,0,5% discount,1
978,16246.1,Adidas Running Shoes|Jeans,morning,1,10% discount,1
979,13914.69,Nike Shoes|T-Shirt,morning,10,20% discount,1
980,2422.21,Backpack,evening,0,5% discount,0
981,10367.65,Jacket|Jacket,evening,1,5% discount,1
982,8353.02,Coffee Mug|Wristband,night,1,10% discount,0
983,10846.35,Earbuds|Wristband,evening,8,10% discount,0
984,8323.01,Jacket,night,4,Free Shipping,0
985,1153.25,Earbuds,afternoon,1,10% discount,0
986,3591.77,Coffee Mug,morning,10,5% discount,1
987,6716.56,Phone Case,night,4,10% discount,0
988,8866.21,Earbuds,morning,2,20% discount,0
989,1036.72,Earbuds,evening,8,Free Shipping,0
990,7370.89,Backpack,morning,7,10% discount,0
991,3469.35,Adidas Running Shoes,afternoon,1,Free Shipping,0
992,15797.96,Backpack|Sports Cap,night,3,20% discount,0
993,4203.21,Cushion,afternoon,4,Free Shipping,0
994,1934.68,Earbuds,evening,5,Free Shipping,0
995,17314.75,Coffee Mug|Adidas Running Shoes|Jeans,evening,5,Free Shipping,0
996,8428.55,Phone Case,evening,6,Free Shipping,1
997,11125.16,Coffee Mug|Wristband,morning,6,Free Shipping,0
998,1183.87,Jacket,afternoon,2,20% discount,0
999,2121.46,Cushion,night,4,5% discount,0
1000,5050.91,Nike Shoes,night,4,5% discount,0
1001,4412.23,Wristband,evening,2,5% discount,0
1002,17303.3,Jacket|Backpack,morning,7,10% discount,0
1003,19351.74,Cushion|Earbuds,night,2,10% discount,0
1004,14962.61,Sports Cap|T-Shirt,night,6,10% discount,1
1005,12960.42,Sports Cap|Sports Cap,evening,1,10% discount,1
1006,6068.56,Jacket,evening,8,5% discount,0
1007,5407.03,Puma Sneakers,night,7,20% discount,1
1008,8585.39,Jacket|Wristband,evening,7,10% discount,1
1009,8400.1,Coffee Mug,night,2,Free Shipping,0
1010,4649.53,Phone Case,afternoon,8,10% discount,0
1011,8794.13,Phone Case,morning,0,10% discount,0
1012,7063.92,Nike Shoes,evening,4,10% discount,0
1013,8350.09,Jeans,morning,4,5% discount,1
1014,6210.18,Puma Sneakers,afternoon,2,10% discount,1
1015,5935.6,Cushion,night,8,Free Shipping,0
1016,3347.2,Wristband,morning,6,10% discount,0
1017,8155.06,Nike Shoes,night,3,Free Shipping,0
1018,1557.21,Nike Shoes,morning,3,10% discount,0
1019,2779.8,Cushion,morning,0,Free Shipping,0
1020,4324.88,Earbuds,evening,4,Free Shipping,1
1021,17955.75,Phone Case|Backpack,afternoon,7,10% discount,0
1022,4837.5,Phone Case,afternoon,1,Free Shipping,1
1023,11375.08,Puma Sneakers|Coffee Mug|Jacket,evening,9,Free Shipping,0
1024,4480.25,Backpack,afternoon,8,Free Shipping,0
1025,9928.08,Phone Case,night,1,5% discount,0
1026,10469.49,Backpack|Earbuds,morning,9,Free Shipping,1
1027,7616.78,Sports Cap|Cushion,evening,10,Free Shipping,0
1028,7064.68,Adidas Running Shoes,night,6,5% discount,0
1029,6311.93,Earbuds,morning,2,20% discount,1
1030,2145.26,Jacket,afternoon,8,20% discount,0
1031,5187.35,Phone Case,afternoon,6,10% discount,0
1032,5041.08,Coffee Mug|Cushion,night,5,10% discount,0
1033,14250.28,Coffee Mug|Jacket,morning,8,10% discount,1
1034,10840.53,Jacket|Backpack,morning,10,Free Shipping,1
1035,5236.77,Jacket,afternoon,1,10% discount,1
1036,6573.51,Jacket,afternoon,8,20% discount,1
1037,14303.96,Backpack|Backpack,afternoon,4,Free Shipping,0
1038,10352.78,Jeans|Cushion,evening,10,20% discount,1
1039,6362.21,Sports Cap|Sports Cap,evening,9,Free Shipping,0
1040,14995.33,Backpack|Cushion,morning,8,20% discount,1
1041,7158.22,Coffee Mug,afternoon,3,Free Shipping,0
1042,4643.0,Phone Case,evening,0,Free Shipping,1
1043,1067.48,Jacket,morning,9,Free Shipping,0
1044,8981.88,Sports Cap,afternoon,1,Free Shipping,0
1045,14730.92,Jeans|Sports Cap,evening,8,20% discount,1
1046,1878.5,Adidas Running Shoes,morning,7,20% discount,0
1047,20337.13,Adidas Running Shoes|Coffee Mug|Puma Sneakers,morning,9,Free Shipping,0
1048,8158.92,Wristband,morning,0,20% discount,1
1049,4934.64,Nike Shoes,afternoon,5,5% discount,1
1050,1421.01,Jeans,morning,0,20% discount,0
1051,9490.0,Earbuds|Cushion,morning,5,Free Shipping,0
1052,6622.5,Backpack,night,4,10% discount,0
1053,10554.58,T-Shirt|Wristband,afternoon,9,5% discount,0
1054,9948.78,T-Shirt,morning,0,5% discount,0
1055,8271.98,Backpack,evening,2,Free Shipping,0
1056,11497.18,Phone Case|Sports Cap|T-Shirt,afternoon,1,20% discount,1
1057,1095.78,T-Shirt,afternoon,7,Free Shipping,0
1058,1285.7,Adidas Running Shoes,night,1,20% discount,0
1059,7985.44,Earbuds,morning,6,10% discount,1
1060,3664.46,Adidas Running Shoes,evening,1,Free Shipping,0
1061,14404.99,T-Shirt|Adidas Running Shoes|T-Shirt,evening,8,Free Shipping,0
1062,9917.4,Phone Case,evening,4,10% discount,1
1063,16652.81,Nike Shoes|Jacket|Backpack,afternoon,9,10% discount,0
1064,13509.01,Nike Shoes|Wristband|Jeans,evening,2,Free Shipping,0
1065,1586.86,Nike Shoes,morning,9,20% discount,0
1066,5001.09,Coffee Mug,afternoon,3,10% discount,0
1067,9163.88,Coffee Mug,morning,10,Free Shipping,0
1068,6567.46,Backpack,morning,0,5% discount,0
1069,10738.27,Jeans|Jacket|Jacket,afternoon,9,10% discount,0
1070,7906.45,Nike Shoes,night,4,10% discount,0
1071,6263.07,T-Shirt|Adidas Running Shoes,morning,7,5% discount,0
1072,9680.56,Cushion,afternoon,9,5% discount,0
1073,5631.84,Phone Case,afternoon,6,Free Shipping,0
1074,14826.05,Phone Case|Puma Sneakers,night,8,Free Shipping,0
1075,15729.72,Jacket|Wristband,afternoon,8,20% discount,0
1076,15656.81,Wristband|Nike Shoes,evening,9,20% discount,1
1077,10079.81,Puma Sneakers|Adidas Running Shoes|Puma Sneakers,evening,5,20% discount,1
1078,15850.74,Earbuds|Coffee Mug|Earbuds,evening,2,Free Shipping,0
1079,11116.43,Cushion|Backpack,afternoon,2,5% discount,1
1080,2091.61,Puma Sneakers,morning,0,10% discount,0
1081,11141.52,Jeans|Jacket,night,6,10% discount,1
1082,7402.34,Adidas Running Shoes,morning,0,5% discount,0
1083,7536.26,Cushion,morning,5,20% discount,1
1084,18968.23,Cushion|T-Shirt,morning,6,10% discount,1
1085,3428.92,Earbuds,morning,10,Free Shipping,0
1086,8378.77,T-Shirt,evening,2,10% discount,1
1087,9849.3,T-Shirt,afternoon,1,Free Shipping,1
1088,2932.29,Sports Cap,afternoon,4,5% discount,0
1089,8448.92,Jeans,evening,10,10% discount,0
1090,7486.29,Cushion|Sports Cap,afternoon,4,5% discount,1
1091,7899.37,Wristband,evening,5,Free Shipping,0
1092,4456.08,Coffee Mug,afternoon,1,Free Shipping,0
1093,9694.58,Coffee Mug|Sports Cap,morning,7,Free Shipping,1
1094,2205.85,Backpack,night,3,20% discount,0
1095,9177.06,Wristband|Backpack,morning,8,10% discount,0
1096,8150.52,Cushion|Cushion,afternoon,0,5% discount,1
1097,4191.82,Sports Cap,evening,6,Free Shipping,1
1098,16364.46,Wristband|Earbuds|Cushion,evening,9,5% discount,0
1099,9699.59,Puma Sneakers,morning,8,5% discount,0
1100,1498.82,Coffee Mug,afternoon,4,20% discount,0
1101,9381.09,Jeans,morning,9,5% discount,0
1102,1607.91,Cushion,night,2,10% discount,0
1103,9053.34,Cushion,evening,9,10% discount,1
1104,3367.29,Jeans,evening,8,5% discount,0
1105,4726.12,Phone Case,morning,2,10% discount,0
1106,8297.35,Wristband|Wristband|Phone Case,evening,6,10% discount,1
1107,9980.5,Earbuds|Jeans,morning,5,Free Shipping,1
1108,5276.92,Coffee Mug,evening,2,10% discount,1
1109,11389.1,Nike Shoes|Puma Sneakers|T-Shirt,evening,4,Free Shipping,0
1110,10185.1,Coffee Mug|Jeans|Earbuds,afternoon,2,10% discount,1
1111,2292.13,Puma Sneakers,evening,3,20% discount,0
1112,11671.21,Coffee Mug|Backpack,morning,2,Free Shipping,1
1113,6295.9,Adidas Running Shoes,night,6,10% discount,1
1114,14522.91,Jacket|Backpack,afternoon,4,10% discount,0
1115,8161.35,Phone Case|Coffee Mug,morning,9,10% discount,1
1116,6273.56,Phone Case,night,9,Free Shipping,1
1117,9462.55,Coffee Mug,afternoon,9,Free Shipping,0
1118,10989.08,Coffee Mug|Cushion,morning,8,20% discount,1
1119,16306.8,Wristband|T-Shirt,afternoon,6,Free Shipping,1
1120,9726.03,Phone Case|Cushion,night,9,5% discount,0
1121,19266.7,Jacket|Wristband|Coffee Mug,afternoon,9,20% discount,0
1122,1760.12,Cushion,morning,5,10% discount,1
1123,3880.63,Coffee Mug,night,1,10% discount,1
1124,2482.75,Wristband,afternoon,3,5% discount,0
1125,7558.87,Coffee Mug,evening,1,5% discount,0
1126,3446.59,Jeans,morning,1,20% discount,1
1127,3745.58,Phone Case,evening,7,5% discount,0
1128,8063.99,Coffee Mug,evening,4,5% discount,0
1129,2784.44,Sports Cap,evening,9,5% discount,0
1130,14224.8,Earbuds|Backpack|Coffee Mug,night,4,Free Shipping,0
1131,4926.88,Cushion,evening,0,Free Shipping,0
1132,25923.35,Jeans|Puma Sneakers|Puma Sneakers,night,6,20% discount,1
1133,3703.62,Phone Case,evening,5,Free Shipping,1
1134,8486.8,Cushion|Backpack,evening,8,20% discount,0
1135,16341.72,Jeans|Phone Case,evening,1,10% discount,0
1136,10594.21,Cushion|Jeans,afternoon,8,Free Shipping,0
1137,12006.62,Nike Shoes|Adidas Running Shoes,night,0,10% discount,1
1138,2950.27,Jacket,night,0,20% discount,0
1139,4414.36,Earbuds,morning,9,10% discount,1
1140,6778.74,Phone Case|Earbuds,evening,0,5% discount,0
1141,5812.38,Phone Case,evening,9,10% discount,0
1142,6477.97,Jeans,evening,6,20% discount,0
1143,16999.54,Phone Case|Adidas Running Shoes,afternoon,8,20% discount,1
1144,8807.66,Backpack|Earbuds,night,1,10% discount,0
1145,7753.24,Wristband|Phone Case,evening,3,20% discount,0
1146,1546.13,Cushion,evening,1,20% discount,1
1147,13651.93,Wristband|Earbuds,morning,8,5% discount,1
1148,12085.95,Adidas Running Shoes|Adidas Running Shoes,afternoon,5,Free Shipping,0
1149,19466.36,Backpack|T-Shirt|Wristband,morning,7,Free Shipping,1
1150,4186.14,Nike Shoes,morning,1,10% discount,0
1151,9999.51,Wristband|Phone Case,night,9,5% discount,0
1152,9564.85,Wristband,evening,6,10% discount,0
1153,9716.65,Jeans,morning,1,20% discount,0
1154,3386.78,Backpack,morning,9,Free Shipping,0
1155,2379.2,Phone Case,evening,9,20% discount,1
1156,5596.55,Cushion,morning,2,5% discount,0
1157,6459.7,Coffee Mug|Backpack,night,5,10% discount,1
1158,3807.62,Coffee Mug|Jacket,morning,5,10% discount,1
1159,3443.71,Puma Sneakers,morning,2,Free Shipping,0
1160,5008.71,T-Shirt,afternoon,6,10% discount,0
1161,3460.31,Earbuds,afternoon,3,10% discount,0
1162,2269.94,Sports Cap,night,4,10% discount,0
1163,3785.8,Jeans,afternoon,8,10% discount,1
1164,7467.6,Jacket,morning,7,5% discount,0
1165,5766.15,Cushion,night,8,Free Shipping,0
1166,4000.61,Nike Shoes,morning,9,20% discount,1
1167,5775.27,Wristband,evening,10,10% discount,0
1168,4245.42,T-Shirt,night,1,Free Shipping,1
1169,8486.46,Jeans|T-Shirt,afternoon,6,Free Shipping,0
1170,11580.92,T-Shirt|Cushion,morning,9,10% discount,1
1171,5504.95,Puma Sneakers,evening,4,5% discount,0
1172,8355.71,Earbuds,afternoon,4,20% discount,1
1173,4432.37,Nike Shoes,afternoon,7,10% discount,1
1174,10226.7,Cushion|Sports Cap,afternoon,9,10% discount,1
1175,7777.55,Coffee Mug,morning,2,20% discount,0
1176,15086.68,Jacket|Phone Case,evening,0,5% discount,0
1177,3989.01,Puma Sneakers|Coffee Mug,afternoon,9,Free Shipping,0
1178,9722.82,Earbuds,afternoon,6,5% discount,0
1179,9309.09,Backpack,evening,7,10% discount,0
1180,5898.21,Phone Case,evening,10,Free Shipping,1
1181,1007.21,Wristband,night,4,10% discount,0
1182,6837.36,Cushion,afternoon,3,10% discount,1
1183,18130.74,Phone Case|T-Shirt|T-Shirt,morning,1,10% discount,0
1184,1270.54,Phone Case,night,10,20% discount,0
1185,9270.22,Wristband|Sports Cap,afternoon,0,5% discount,0
1186,10797.88,Sports Cap|Cushion|Jacket,morning,2,5% discount,0
1187,3699.58,Coffee Mug,afternoon,10,Free Shipping,0
1188,3487.77,Adidas Running Shoes,morning,10,20% discount,1
1189,4132.02,Phone Case|T-Shirt,morning,8,5% discount,0
1190,12818.95,Nike Shoes|Jeans,morning,10,5% discount,1
1191,3553.45,Adidas Running Shoes,evening,8,Free Shipping,0
1192,16860.85,T-Shirt|Wristband|Nike Shoes,morning,0,20% discount,1
1193,15703.52,Backpack|Phone Case,evening,10,Free Shipping,0
1194,2155.98,Coffee Mug,afternoon,8,Free Shipping,0
1195,7646.31,Earbuds,afternoon,5,Free Shipping,0
1196,4862.68,Puma Sneakers,morning,1,20% discount,1
1197,15371.0,Coffee Mug|Jacket,morning,8,5% discount,0
1198,18390.21,T-Shirt|Phone Case,night,6,20% discount,0
1199,10861.0,Cushion|Puma Sneakers,afternoon,5,10% discount,1
1200,6568.79,Cushion,night,9,Free Shipping,0
1201,1328.37,Phone Case,night,9,10% discount,1
1202,7866.06,Nike Shoes,evening,2,10% discount,1
1203,11625.93,Cushion|Coffee Mug|Cushion,afternoon,5,5% discount,0
1204,5155.85,Adidas Running Shoes,morning,0,20% discount,1
1205,1488.32,Adidas Running Shoes,evening,8,Free Shipping,0
1206,3861.26,Coffee Mug,afternoon,1,5% discount,0
1207,11538.04,Sports Cap|Sports Cap,night,0,10% discount,0
1208,5798.7,Sports Cap|T-Shirt,afternoon,6,20% discount,0
1209,6432.69,Jeans,morning,7,Free Shipping,1
1210,9122.04,Wristband,evening,9,Free Shipping,1
1211,9836.74,Coffee Mug,evening,3,Free Shipping,1
1212,1537.36,Wristband,afternoon,4,Free Shipping,0
1213,13960.03,Earbuds|Nike Shoes,evening,2,Free Shipping,1
1214,10822.83,Puma Sneakers|Jacket,morning,10,5% discount,0
1215,9675.98,Wristband|Puma Sneakers,morning,0,Free Shipping,1
1216,7132.06,Nike Shoes|Puma Sneakers,evening,3,Free Shipping,1
1217,5965.33,Phone Case,morning,3,Free Shipping,0
1218,5870.23,Sports Cap,afternoon,0,20% discount,0
1219,5527.24,Phone Case,morning,6,10% discount,0
1220,1928.27,Phone Case,morning,3,10% discount,0
1221,1496.1,Coffee Mug,morning,8,10% discount,0
1222,9615.48,Earbuds,afternoon,7,5% discount,0
1223,4211.29,Nike Shoes,afternoon,8,10% discount,1
1224,9397.93,Phone Case|Sports Cap,afternoon,8,20% discount,1
1225,9853.93,T-Shirt,morning,8,Free Shipping,0
1226,9440.33,Coffee Mug,evening,8,10% discount,0
1227,17147.38,Cushion|Earbuds,afternoon,7,Free Shipping,0
1228,8738.37,Phone Case|Nike Shoes,afternoon,8,Free Shipping,0
1229,15481.92,Jeans|Phone Case,morning,3,Free Shipping,0
1230,3243.42,Backpack,morning,3,10% discount,0
1231,6251.18,Puma Sneakers,night,7,5% discount,1
1232,6996.96,Earbuds|Adidas Running Shoes|T-Shirt,night,5,Free Shipping,0
1233,10937.98,Jacket|Cushion,evening,3,10% discount,0
1234,4959.18,Phone Case,afternoon,4,Free Shipping,0
1235,2619.01,Nike Shoes,evening,2,10% discount,1
1236,5607.73,Cushion,night,3,5% discount,1
1237,15185.9,Earbuds|Nike Shoes,night,8,5% discount,0
1238,8253.91,Phone Case,morning,10,10% discount,1
1239,19877.2,T-Shirt|Nike Shoes|T-Shirt,afternoon,2,10% discount,0
1240,6537.45,T-Shirt,evening,3,5% discount,0
1241,2857.19,Jeans,night,1,10% discount,0
1242,1010.45,Cushion,afternoon,4,Free Shipping,0
1243,4552.92,Phone Case,afternoon,0,5% discount,0
1244,8194.55,Jeans,afternoon,8,5% discount,1
1245,7654.03,Backpack|Adidas Running Shoes,afternoon,1,20% discount,0
1246,10634.96,Adidas Running Shoes|Phone Case,afternoon,10,10% discount,1
1247,7488.8,Coffee Mug,evening,5,20% discount,0
1248,7603.88,Puma Sneakers,night,9,Free Shipping,0
1249,9026.58,Sports Cap,night,9,Free Shipping,0
1250,9445.44,Jeans,night,2,20% discount,1
1251,6348.52,Earbuds,night,5,Free Shipping,1
1252,13830.15,Jeans|Jeans,afternoon,9,Free Shipping,0
1253,8416.52,Coffee Mug|Nike Shoes,morning,7,Free Shipping,0
1254,1784.91,Sports Cap,morning,2,10% discount,0
1255,6158.45,Earbuds,evening,6,20% discount,0
1256,4052.68,Phone Case,afternoon,9,Free Shipping,0
1257,5853.47,Nike Shoes,night,10,10% discount,0
1258,9876.73,Cushion,afternoon,3,Free Shipping,0
1259,6275.82,T-Shirt|Cushion,afternoon,8,10% discount,0
1260,6059.75,Coffee Mug,night,4,10% discount,1
1261,12318.9,Backpack|Sports Cap,afternoon,1,10% discount,1
1262,5201.41,Nike Shoes,afternoon,2,Free Shipping,0
1263,6729.38,Backpack|Phone Case,night,9,10% discount,0
1264,14178.26,Jacket|Jeans,afternoon,0,5% discount,0
1265,5247.99,Cushion,morning,6,Free Shipping,0
1266,8415.71,Backpack,night,7,20% discount,1
1267,7329.43,Jacket|Sports Cap,night,0,Free Shipping,1
1268,7169.77,Earbuds,afternoon,0,20% discount,0
1269,13500.36,Backpack|Coffee Mug|Coffee Mug,morning,7,Free Shipping,0
1270,4606.61,Earbuds,night,3,Free Shipping,1
1271,8157.75,Backpack|Phone Case,afternoon,7,Free Shipping,0
1272,7900.46,Adidas Running Shoes|Adidas Running Shoes,morning,2,Free Shipping,0
1273,8091.65,Adidas Running Shoes,afternoon,10,20% discount,0
1274,3197.83,Jacket,afternoon,8,Free Shipping,0
1275,14205.97,Jeans|Cushion,evening,1,5% discount,1
1276,7303.77,Cushion,evening,8,5% discount,0
1277,9755.61,Wristband,night,9,10% discount,1
1278,9465.67,Coffee Mug|Earbuds,morning,0,10% discount,0
1279,8020.59,Jacket,evening,2,20% discount,0
1280,6576.73,Phone Case,morning,0,Free Shipping,1
1281,9205.23,Adidas Running Shoes,afternoon,9,20% discount,0
1282,8655.38,Jeans,night,9,5% discount,1
1283,2790.34,Coffee Mug,afternoon,3,10% discount,1
1284,9722.28,Nike Shoes|Wristband,morning,6,10% discount,1
1285,4887.17,Jeans,night,10,Free Shipping,1
1286,8432.21,Cushion,afternoon,2,20% discount,1
1287,4089.53,Sports Cap,afternoon,9,Free Shipping,0
1288,1562.59,Backpack,afternoon,3,20% discount,0
1289,5732.06,Jeans,afternoon,5,10% discount,0
1290,6543.08,Puma Sneakers|Cushion,morning,0,Free Shipping,1
1291,3535.91,Adidas Running Shoes|Earbuds,afternoon,7,10% discount,1
1292,2594.61,Earbuds|Earbuds,night,9,10% discount,1
1293,3914.95,Jeans,afternoon,3,Free Shipping,0
1294,4834.25,Earbuds,morning,3,5% discount,0
1295,6438.31,Puma Sneakers,morning,5,5% discount,0
1296,5304.34,Phone Case,afternoon,9,Free Shipping,0
1297,17493.67,Sports Cap|Earbuds,evening,8,20% discount,1
1298,3125.14,Puma Sneakers,evening,1,20% discount,1
1299,5093.48,Nike Shoes,evening,10,20% discount,0
1300,10725.95,Sports Cap|Wristband,afternoon,3,10% discount,0
1301,14369.38,T-Shirt|Puma Sneakers|Backpack,evening,6,Free Shipping,0
1302,3675.37,Sports Cap,morning,0,10% discount,0
1303,3217.84,Jeans,evening,1,Free Shipping,0
1304,17799.07,Coffee Mug|Phone Case,afternoon,3,5% discount,1
1305,16809.44,Jacket|Coffee Mug,night,3,20% discount,0
1306,7971.74,Coffee Mug|T-Shirt,night,2,Free Shipping,1
1307,7501.56,Sports Cap,afternoon,2,5% discount,0
1308,5997.42,Adidas Running Shoes,afternoon,4,Free Shipping,0
1309,3130.1,Coffee Mug,evening,0,20% discount,0
1310,4751.13,Jacket,evening,3,Free Shipping,0
1311,4896.65,Wristband,morning,10,5% discount,0
1312,9046.31,Puma Sneakers,night,0,10% discount,1
1313,2819.45,Sports Cap,night,0,10% discount,1
1314,4352.59,Phone Case,afternoon,10,5% discount,1
1315,8098.54,Phone Case,afternoon,6,10% discount,0
1316,7819.26,Phone Case,night,1,Free Shipping,0
1317,3388.9,Adidas Running Shoes,night,10,Free Shipping,0
1318,18366.82,Earbuds|Backpack|Jacket,evening,6,10% discount,1
1319,5607.69,Cushion,evening,8,Free Shipping,0
1320,7188.35,Coffee Mug,night,4,10% discount,0
1321,3435.18,Jacket,morning,2,Free Shipping,0
1322,6601.03,Earbuds,night,10,5% discount,0
1323,8695.13,Phone Case,night,3,20% discount,1
1324,2582.26,Wristband,afternoon,2,Free Shipping,0
1325,1543.77,Coffee Mug,morning,5,10% discount,0
1326,13046.88,Phone Case|Adidas Running Shoes,night,10,10% discount,0
1327,5968.8,Adidas Running Shoes|Coffee Mug,morning,4,5% discount,0
1328,1634.59,Coffee Mug,afternoon,10,Free Shipping,0
1329,8853.8,Jacket,night,5,Free Shipping,0
1330,9952.04,Cushion,morning,3,Free Shipping,0
1331,7981.56,Cushion,evening,8,Free Shipping,0
1332,8649.18,Adidas Running Shoes,afternoon,3,20% discount,1
1333,11684.51,Puma Sneakers|Earbuds,afternoon,8,Free Shipping,0
1334,7408.6,Jeans|Jeans,evening,8,10% discount,0
1335,4700.91,Sports Cap,evening,0,20% discount,0
1336,1524.49,Coffee Mug,afternoon,4,10% discount,0
1337,9446.81,Earbuds,afternoon,0,5% discount,1
1338,9131.32,Coffee Mug,evening,0,10% discount,1
1339,3908.63,Wristband,morning,0,10% discount,1
1340,14975.84,Sports Cap|Coffee Mug,night,7,5% discount,0
1341,7763.26,Phone Case|Phone Case,night,7,Free Shipping,0
1342,5932.88,Jeans,morning,0,20% discount,1
1343,7802.04,Nike Shoes|Coffee Mug,afternoon,1,20% discount,1
1344,5953.1,Coffee Mug,afternoon,2,10% discount,1
1345,1714.31,Jacket,afternoon,7,20% discount,1
1346,9650.14,Phone Case,morning,1,10% discount,0
1347,5190.48,Wristband,afternoon,1,20% discount,1
1348,15909.68,Phone Case|Wristband,afternoon,6,20% discount,1
1349,15135.91,Cushion|Phone Case|T-Shirt,afternoon,8,Free Shipping,0
1350,8376.85,Wristband,morning,10,Free Shipping,0
1351,9893.19,Cushion|Coffee Mug,morning,1,Free Shipping,0
1352,9301.18,Nike Shoes,afternoon,7,10% discount,0
1353,18968.67,Puma Sneakers|Phone Case|Adidas Running Shoes,evening,1,10% discount,1
1354,8279.06,Coffee Mug,evening,1,Free Shipping,0
1355,4682.6,Earbuds,night,1,5% discount,0
1356,2277.19,Jeans,morning,4,5% discount,0
1357,9613.6,Earbuds,night,9,5% discount,0
1358,8408.08,Sports Cap,afternoon,0,Free Shipping,0
1359,3985.15,T-Shirt,night,10,10% discount,1
1360,5047.88,Jacket|Adidas Running Shoes,evening,8,10% discount,1
1361,10532.76,Cushion|Coffee Mug,night,2,20% discount,1
1362,4933.39,Jeans|Jacket,evening,3,Free Shipping,1
1363,19491.77,Adidas Running Shoes|Phone Case,evening,6,5% discount,0
1364,10010.01,Cushion|Nike Shoes|Cushion,morning,9,Free Shipping,0
1365,4763.34,Sports Cap,night,1,5% discount,0
1366,14692.72,Jeans|Earbuds,night,6,Free Shipping,0
1367,1016.39,Coffee Mug,evening,4,20% discount,0
1368,14003.52,Coffee Mug|T-Shirt,morning,6,20% discount,1
1369,9174.43,Earbuds,afternoon,8,20% discount,1
1370,9353.73,Nike Shoes|Earbuds,evening,7,10% discount,0
1371,9944.91,Earbuds|Coffee Mug,morning,1,20% discount,0
1372,5181.49,Cushion,night,5,5% discount,1
1373,7861.92,Cushion,afternoon,6,10% discount,0
1374,8752.37,Jacket,night,4,Free Shipping,0
1375,8002.32,Coffee Mug,afternoon,8,20% discount,1
1376,7103.12,Coffee Mug,morning,2,Free Shipping,1
1377,1444.34,Jeans,night,4,Free Shipping,0
1378,17598.39,Puma Sneakers|Earbuds|Puma Sneakers,morning,2,20% discount,1
1379,4644.85,T-Shirt,night,8,5% discount,0
1380,9487.38,Puma Sneakers,morning,2,5% discount,0
1381,13113.66,T-Shirt|Jeans,night,7,20% discount,1
1382,7563.46,Sports Cap|Jacket,afternoon,8,10% discount,0
1383,21338.74,T-Shirt|Cushion|Jacket,evening,9,5% discount,1
1384,6477.42,Adidas Running Shoes,afternoon,0,20% discount,1
1385,2419.88,Jacket,afternoon,1,20% discount,1
1386,8109.16,Jeans,morning,8,5% discount,0
1387,2272.02,T-Shirt,evening,10,Free Shipping,0
1388,6837.4,Jacket,morning,5,Free Shipping,1
1389,2599.13,Jacket,afternoon,7,5% discount,0
1390,4756.33,Earbuds,night,9,Free Shipping,0
1391,8658.08,T-Shirt,night,6,Free Shipping,0
1392,10737.77,Jeans|Backpack,afternoon,7,5% discount,0
1393,8657.34,Jacket|Jacket,evening,0,20% discount,1
1394,10563.62,Cushion|Earbuds,morning,7,5% discount,0
1395,13319.12,Adidas Running Shoes|Backpack,evening,2,10% discount,1
1396,8907.75,Phone Case,night,8,20% discount,0
1397,4940.46,Jacket,evening,8,Free Shipping,0
1398,4100.17,Jacket,morning,0,20% discount,0
1399,2645.48,Coffee Mug,morning,6,Free Shipping,0
1400,14969.07,Phone Case|Jeans|Cushion,afternoon,9,Free Shipping,0
1401,4822.65,Adidas Running Shoes,evening,1,10% discount,1
1402,7084.87,Phone Case,night,3,20% discount,0
1403,7008.0,Adidas Running Shoes,night,2,20% discount,1
1404,9830.93,T-Shirt,evening,4,10% discount,0
1405,6294.74,Sports Cap,evening,6,Free Shipping,1
1406,5028.62,Cushion|Coffee Mug,evening,1,5% discount,0
1407,6387.63,T-Shirt|Sports Cap,morning,8,Free Shipping,1
1408,1659.69,T-Shirt,evening,4,Free Shipping,0
1409,10919.41,Jeans|Wristband,night,7,10% discount,1
1410,5661.47,Earbuds,night,2,5% discount,0
1411,8207.95,Backpack,night,6,Free Shipping,0
1412,10901.99,Adidas Running Shoes|Cushion,afternoon,0,Free Shipping,1
1413,10568.78,Wristband|Phone Case,evening,10,20% discount,0
1414,17311.43,Nike Shoes|Nike Shoes|Wristband,evening,7,Free Shipping,0
1415,14743.85,Jacket|Sports Cap,evening,6,10% discount,1
1416,9235.78,Earbuds,evening,8,Free Shipping,1
1417,16819.19,Phone Case|Wristband,morning,5,Free Shipping,1
1418,2337.39,Wristband,afternoon,1,20% discount,0
1419,1147.85,Earbuds,afternoon,3,5% discount,0
1420,13679.22,Earbuds|Cushion,afternoon,8,10% discount,0
1421,3777.8,Backpack,evening,6,10% discount,1
1422,4784.23,Coffee Mug,evening,7,10% discount,1
1423,9724.86,Sports Cap|Cushion,night,2,Free Shipping,1
1424,1812.63,Jacket,evening,0,5% discount,0
1425,11809.76,Phone Case|Jacket|Coffee Mug,morning,0,5% discount,0
1426,5842.77,Jeans,morning,5,10% discount,0
1427,15506.22,Backpack|T-Shirt,morning,2,5% discount,0
1428,13497.06,Adidas Running Shoes|Earbuds|Earbuds,evening,1,10% discount,1
1429,8643.33,Coffee Mug|Cushion,night,5,5% discount,0
1430,3941.72,Jeans,evening,2,20% discount,1
1431,8569.48,T-Shirt,afternoon,2,10% discount,1
1432,1452.47,Puma Sneakers,afternoon,8,20% discount,0
1433,6549.49,Backpack,evening,1,Free Shipping,1
1434,13664.55,Coffee Mug|Coffee Mug,morning,5,10% discount,0
1435,13918.09,Phone Case|Phone Case,afternoon,2,Free Shipping,1
1436,2838.98,Cushion,evening,8,20% discount,1
1437,2384.14,Phone Case,night,4,10% discount,1
1438,3627.52,Coffee Mug,afternoon,10,Free Shipping,0
1439,2080.57,Wristband,night,1,5% discount,0
1440,4150.64,Jeans,afternoon,3,5% discount,1
1441,4411.27,Backpack,morning,6,Free Shipping,0
1442,3681.71,Jeans,night,3,Free Shipping,1
1443,3587.62,Wristband,evening,2,10% discount,0
1444,11087.75,Jeans|Phone Case,evening,0,Free Shipping,1
1445,14130.98,Jeans|Coffee Mug,afternoon,3,20% discount,1
1446,4869.81,Phone Case,night,5,20% discount,1
1447,12021.29,T-Shirt|T-Shirt,evening,3,Free Shipping,0
1448,4682.28,Jacket,morning,1,10% discount,1
1449,5598.5,Puma Sneakers,afternoon,1,Free Shipping,0
1450,5538.55,Adidas Running Shoes|Earbuds,morning,3,20% discount,1
1451,5801.57,T-Shirt,evening,2,10% discount,0
1452,9169.0,Phone Case,night,9,10% discount,0
1453,6644.71,Coffee Mug,evening,10,Free Shipping,0
1454,9738.02,Cushion,night,0,5% discount,0
1455,7484.7,Jacket,morning,3,20% discount,1
1456,17901.73,Phone Case|Jeans|T-Shirt,afternoon,3,10% discount,1
1457,8511.59,Sports Cap,morning,7,10% discount,1
1458,14703.69,Coffee Mug|Cushion,evening,3,Free Shipping,0
1459,2437.74,Earbuds,afternoon,7,Free Shipping,1
1460,13370.59,Coffee Mug|Puma Sneakers,afternoon,9,5% discount,1
1461,5497.23,Sports Cap,evening,6,10% discount,0
1462,17270.19,Phone Case|Earbuds|T-Shirt,morning,6,10% discount,0
1463,13636.92,Cushion|Cushion|Nike Shoes,night,4,10% discount,0
1464,7508.17,Cushion,morning,9,5% discount,0
1465,7866.23,Sports Cap,night,1,5% discount,1
1466,11801.66,Nike Shoes|Cushion|Sports Cap,afternoon,9,10% discount,1
1467,3192.1,Phone Case,morning,0,Free Shipping,0
1468,13403.45,Nike Shoes|Jeans,night,1,5% discount,0
1469,7206.74,Puma Sneakers|Cushion,afternoon,4,5% discount,0
1470,22718.44,Backpack|Puma Sneakers|T-Shirt,afternoon,5,20% discount,0
1471,8998.84,Coffee Mug|Sports Cap,afternoon,8,5% discount,0
1472,18837.11,Adidas Running Shoes|Jeans|Cushion,afternoon,4,10% discount,1
1473,12336.19,Cushion|Puma Sneakers,morning,5,10% discount,0
1474,6193.06,Sports Cap,night,7,5% discount,0
1475,9773.02,T-Shirt,night,4,Free Shipping,0
1476,9144.55,Earbuds,evening,7,Free Shipping,0
1477,8328.03,Wristband,morning,9,20% discount,0
1478,2049.41,Jacket,night,0,Free Shipping,0
1479,11504.47,Sports Cap|Nike Shoes,afternoon,5,Free Shipping,0
1480,8478.51,Adidas Running Shoes|Puma Sneakers,morning,4,Free Shipping,1
1481,12259.67,Wristband|Backpack|Sports Cap,morning,6,5% discount,0
1482,2345.86,Phone Case,night,9,Free Shipping,0
1483,8461.62,Sports Cap,night,1,Free Shipping,0
1484,20813.12,Nike Shoes|Sports Cap|Jeans,afternoon,9,5% discount,0
1485,10167.45,T-Shirt|Cushion,afternoon,3,Free Shipping,1
1486,11690.77,Puma Sneakers|Jeans,evening,7,5% discount,1
1487,8932.95,Phone Case|Cushion,afternoon,6,20% discount,1
1488,16732.99,Adidas Running Shoes|Earbuds|Cushion,morning,7,Free Shipping,1
1489,3097.79,Adidas Running Shoes,morning,1,5% discount,0
1490,7914.25,Puma Sneakers,evening,7,10% discount,0
1491,14959.83,Jeans|Jeans,evening,3,10% discount,0
1492,15009.72,Wristband|Phone Case|Earbuds,afternoon,7,Free Shipping,0
1493,9102.96,Phone Case,afternoon,0,Free Shipping,1
1494,2940.45,Phone Case,afternoon,3,20% discount,0
1495,9316.39,Earbuds|Wristband,afternoon,0,10% discount,0
1496,8655.71,Phone Case,evening,7,5% discount,1
1497,10559.86,Adidas Running Shoes|Coffee Mug,evening,0,20% discount,0
1498,6026.76,Jeans|Cushion,morning,4,Free Shipping,0
1499,10788.16,Jacket|Phone Case,night,7,5% discount,0
1500,14945.87,Jeans|Jacket,afternoon,4,Free Shipping,0
1501,4229.29,Jacket,morning,4,20% discount,1
1502,4324.29,Adidas Running Shoes,evening,2,Free Shipping,0
1503,1027.04,Puma Sneakers,afternoon,2,10% discount,0
1504,12961.75,Backpack|Jeans,afternoon,4,5% discount,1
1505,7212.22,Coffee Mug,night,8,Free Shipping,1
1506,4200.69,T-Shirt,afternoon,4,Free Shipping,0
1507,6439.04,Cushion,evening,7,5% discount,0
1508,3694.74,Wristband,afternoon,10,Free Shipping,0
1509,9159.83,Earbuds,morning,10,10% discount,1
1510,9864.09,Adidas Running Shoes,afternoon,1,20% discount,0
1511,1600.98,Puma Sneakers,morning,7,Free Shipping,0
1512,5225.49,Jacket,afternoon,6,Free Shipping,0
1513,13531.5,Adidas Running Shoes|Coffee Mug,night,4,10% discount,1
1514,7910.44,Cushion,afternoon,3,20% discount,1
1515,2402.53,Cushion,morning,5,Free Shipping,0
1516,9439.5,Adidas Running Shoes,night,0,Free Shipping,0
1517,2493.58,Nike Shoes,morning,10,Free Shipping,1
1518,4661.24,Backpack,afternoon,4,10% discount,0
1519,5923.41,Sports Cap,afternoon,8,10% discount,0
1520,6572.4,Wristband,morning,2,10% discount,1
1521,5044.62,Cushion,evening,2,Free Shipping,0
1522,10835.9,Phone Case|Backpack,morning,9,20% discount,0
1523,3144.55,Sports Cap,night,3,Free Shipping,1
1524,6619.41,T-Shirt,night,0,5% discount,1
1525,5395.06,Puma Sneakers,night,10,20% discount,1
1526,9874.31,Puma Sneakers,afternoon,9,5% discount,0
1527,1353.77,Backpack,morning,4,10% discount,0
1528,7740.01,Earbuds,afternoon,6,Free Shipping,1
1529,2075.12,Earbuds,evening,2,Free Shipping,0
1530,5013.26,Sports Cap,morning,5,10% discount,0
1531,16456.32,Phone Case|Coffee Mug,afternoon,6,5% discount,1
1532,7862.96,T-Shirt|Coffee Mug,evening,7,Free Shipping,0
1533,13764.97,Puma Sneakers|Cushion|Backpack,morning,2,5% discount,0
1534,3703.44,Puma Sneakers,morning,9,5% discount,0
1535,9047.35,Phone Case|Cushion,morning,10,10% discount,0
1536,13267.28,Jeans|Earbuds,evening,0,Free Shipping,1
1537,5393.26,Earbuds,evening,0,Free Shipping,0
1538,7635.85,Earbuds,afternoon,10,Free Shipping,0
1539,3120.19,Coffee Mug|Cushion,morning,6,10% discount,0
1540,1603.23,Cushion,morning,4,10% discount,1
1541,3810.3,Backpack,night,1,10% discount,0
1542,7324.35,Backpack,night,6,Free Shipping,0
1543,3033.5,Coffee Mug,morning,1,Free Shipping,0
1544,7782.14,Earbuds,morning,10,20% discount,1
1545,1477.64,Wristband,morning,7,Free Shipping,0
1546,3018.42,Backpack,night,2,Free Shipping,0
1547,9321.96,Cushion|Wristband,evening,1,Free Shipping,0
1548,3822.63,Puma Sneakers,evening,1,10% discount,0
1549,18494.37,T-Shirt|Phone Case|Coffee Mug,night,5,Free Shipping,1
1550,15347.54,Nike Shoes|Puma Sneakers|Cushion,morning,10,5% discount,0
1551,9797.91,Nike Shoes,afternoon,4,Free Shipping,0
1552,2490.02,Earbuds,night,3,5% discount,0
1553,2505.0,Sports Cap,morning,5,Free Shipping,0
1554,10113.24,Puma Sneakers|Earbuds,night,5,5% discount,1
1555,6993.87,Coffee Mug,night,1,Free Shipping,1
1556,2964.8,Adidas Running Shoes|Earbuds,evening,1,10% discount,1
1557,7256.2,Wristband,night,7,20% discount,0
1558,17019.15,Puma Sneakers|Cushion,evening,2,5% discount,0
1559,14571.44,Wristband|Coffee Mug,evening,1,10% discount,0
1560,2007.96,Backpack,morning,7,Free Shipping,0
1561,10185.81,Earbuds|Puma Sneakers,morning,1,5% discount,1
1562,4582.71,Backpack,evening,10,5% discount,1
1563,6905.17,Jacket,afternoon,7,20% discount,1
1564,4513.15,Phone Case,evening,7,20% discount,0
1565,13901.5,Puma Sneakers|Backpack|Jeans,night,10,10% discount,0
1566,12439.01,Nike Shoes|Backpack|Earbuds,afternoon,3,20% discount,1
1567,8554.9,Jeans,morning,10,10% discount,0
1568,10653.0,T-Shirt|T-Shirt,morning,0,5% discount,0
1569,11385.2,Coffee Mug|Backpack,morning,9,20% discount,0
1570,9681.41,T-Shirt|Wristband,evening,0,10% discount,0
1571,17156.77,Backpack|Adidas Running Shoes,afternoon,2,10% discount,0
1572,11286.96,Cushion|Adidas Running Shoes,afternoon,9,5% discount,1
1573,3539.93,Nike Shoes,night,0,20% discount,0
1574,8078.26,Coffee Mug,morning,10,Free Shipping,0
1575,1833.69,Phone Case,morning,5,20% discount,0
1576,3183.26,Puma Sneakers,night,3,Free Shipping,0
1577,9311.31,Phone Case,night,6,Free Shipping,0
1578,9263.53,Jeans,morning,1,Free Shipping,1
1579,9734.98,Sports Cap,morning,3,5% discount,0
1580,6712.77,Wristband,afternoon,8,10% discount,1
1581,2379.61,Puma Sneakers,night,8,20% discount,1
1582,4374.64,T-Shirt,night,0,10% discount,0
1583,13876.77,Earbuds|Puma Sneakers,night,3,10% discount,0
1584,3876.32,Jacket,evening,6,10% discount,1
1585,4028.25,Earbuds,morning,7,5% discount,0
1586,11907.76,Sports Cap|Cushion,morning,6,Free Shipping,0
1587,19373.89,Coffee Mug|Cushion|Wristband,evening,3,20% discount,1
1588,8990.33,Backpack,morning,8,10% discount,1
1589,7467.77,Backpack,evening,2,Free Shipping,1
1590,2524.44,Jeans,night,0,10% discount,0
1591,12133.16,Jeans|Wristband,evening,6,10% discount,0
1592,5604.86,Adidas Running Shoes,night,10,20% discount,1
1593,8869.89,Nike Shoes|Jeans,night,6,10% discount,1
1594,1016.58,Sports Cap,evening,4,10% discount,0
1595,4618.08,Jeans,afternoon,0,20% discount,0
1596,12757.86,Sports Cap|Jacket|Backpack,afternoon,10,20% discount,0
1597,9503.53,T-Shirt,morning,9,10% discount,1
1598,4670.68,Wristband,afternoon,8,5% discount,1
1599,7138.36,Earbuds,morning,0,10% discount,1
1600,14438.38,Cushion|Nike Shoes|Cushion,morning,1,Free Shipping,0
1601,1626.32,Puma Sneakers,evening,8,20% discount,0
1602,5969.96,Jeans|Phone Case,morning,3,20% discount,1
1603,12205.4,Jeans|Coffee Mug|Cushion,afternoon,5,Free Shipping,0
1604,5833.75,Coffee Mug,afternoon,8,5% discount,1
1605,3377.52,Sports Cap,evening,3,20% discount,1
1606,2872.43,Nike Shoes,evening,4,10% discount,0
1607,6102.54,Cushion,night,4,Free Shipping,0
1608,13568.98,Nike Shoes|Coffee Mug,evening,5,Free Shipping,0
1609,5169.73,Nike Shoes,morning,0,10% discount,0
1610,9463.47,T-Shirt,afternoon,0,5% discount,1
1611,10987.2,Phone Case|Adidas Running Shoes,night,6,5% discount,0
1612,2721.03,Cushion,evening,6,10% discount,0
1613,8488.88,Wristband,morning,10,Free Shipping,1
1614,11363.53,Puma Sneakers|Cushion,evening,8,10% discount,0
1615,8489.92,Sports Cap,night,6,20% discount,1
1616,8107.33,Adidas Running Shoes,night,2,20% discount,0
1617,11296.01,Jeans|Cushion,evening,8,10% discount,0
1618,4923.68,Nike Shoes,night,2,20% discount,0
1619,13537.83,Nike Shoes|Puma Sneakers,night,8,Free Shipping,1
1620,7623.25,T-Shirt,evening,2,5% discount,0
1621,4431.3,Sports Cap,evening,0,10% discount,0
1622,2374.34,Earbuds,morning,8,5% discount,0
1623,6402.98,Adidas Running Shoes,morning,7,20% discount,0
1624,3212.12,Sports Cap,morning,10,Free Shipping,1
1625,3123.35,Adidas Running Shoes,afternoon,5,Free Shipping,0
1626,2665.09,Backpack,evening,0,5% discount,1
1627,8263.36,Sports Cap,morning,5,Free Shipping,0
1628,15358.08,Jacket|Phone Case,night,0,10% discount,0
1629,8285.43,Wristband,morning,5,5% discount,0
1630,10273.4,Phone Case|Nike Shoes,morning,1,20% discount,1
1631,2555.51,Wristband,afternoon,8,Free Shipping,0
1632,9845.76,Puma Sneakers|Sports Cap,evening,9,5% discount,0
1633,11809.62,Jacket|T-Shirt|Coffee Mug,afternoon,3,10% discount,1
1634,6913.03,Cushion,evening,10,20% discount,0
1635,5509.23,Phone Case,night,10,5% discount,1
1636,4198.45,Sports Cap,evening,6,10% discount,0
1637,4077.3,Earbuds,night,6,5% discount,1
1638,13359.11,Jeans|T-Shirt,evening,8,20% discount,1
1639,12144.21,Earbuds|Earbuds|Nike Shoes,evening,6,10% discount,1
1640,4571.13,Jeans,afternoon,2,10% discount,0
1641,1089.17,Phone Case,night,9,Free Shipping,0
1642,7047.19,Wristband,morning,10,10% discount,0
1643,11131.7,Puma Sneakers|T-Shirt,afternoon,2,Free Shipping,0
1644,9142.31,Wristband,afternoon,2,20% discount,1
1645,7349.51,T-Shirt,morning,7,20% discount,1
1646,15900.98,Phone Case|Jacket,night,4,10% discount,0
1647,7864.77,Jeans,night,8,5% discount,0
1648,2931.9,Nike Shoes,evening,0,Free Shipping,0
1649,12899.08,Cushion|Phone Case,afternoon,3,20% discount,0
1650,11740.39,T-Shirt|Nike Shoes,night,6,10% discount,1
1651,14527.94,T-Shirt|Phone Case,night,7,Free Shipping,0
1652,5578.05,Phone Case,morning,0,Free Shipping,1
1653,11478.48,Backpack|Jeans,evening,10,10% discount,1
1654,14237.08,Jacket|Coffee Mug,night,6,5% discount,0
1655,7828.36,Jacket|T-Shirt,evening,5,10% discount,1
1656,16005.54,Earbuds|Sports Cap,afternoon,10,Free Shipping,1
1657,13953.35,Phone Case|Nike Shoes|T-Shirt,morning,2,Free Shipping,1
1658,12744.92,Backpack|Phone Case|Wristband,night,8,Free Shipping,0
1659,3851.36,Puma Sneakers,afternoon,5,10% discount,0
1660,3695.95,Nike Shoes,morning,10,10% discount,0
1661,14684.63,Backpack|Sports Cap,evening,8,20% discount,1
1662,2008.29,Nike Shoes,night,3,5% discount,0
1663,11643.04,T-Shirt|Phone Case,afternoon,4,20% discount,1
1664,8801.78,Phone Case,night,7,Free Shipping,1
1665,4566.59,Cushion,afternoon,10,20% discount,0
1666,4207.61,Cushion,afternoon,2,Free Shipping,0
1667,8725.92,Jeans,afternoon,2,Free Shipping,0
1668,16074.34,Coffee Mug|Cushion,evening,9,10% discount,0
1669,3119.87,Adidas Running Shoes,evening,9,10% discount,0
1670,3561.83,Phone Case,night,1,5% discount,1
1671,16393.28,Coffee Mug|Puma Sneakers,afternoon,1,5% discount,0
1672,10379.16,Phone Case|Jeans,evening,2,5% discount,1
1673,8343.08,Phone Case,night,6,10% discount,0
1674,16724.35,Earbuds|Backpack,morning,1,20% discount,1
1675,1691.71,Phone Case,evening,9,20% discount,1
1676,3483.46,Nike Shoes|Earbuds,evening,3,10% discount,1
1677,6637.03,Nike Shoes,morning,7,10% discount,0
1678,8894.15,Puma Sneakers,evening,9,10% discount,0
1679,7679.48,Sports Cap,afternoon,2,Free Shipping,0
1680,2513.02,Phone Case,afternoon,5,5% discount,0
1681,9552.28,Jeans,night,4,10% discount,1
1682,6864.98,Adidas Running Shoes,afternoon,6,Free Shipping,1
1683,1893.95,Puma Sneakers,evening,10,10% discount,0
1684,12840.82,Wristband|Coffee Mug,evening,2,10% discount,0
1685,2273.91,Coffee Mug,evening,10,Free Shipping,0
1686,2960.21,Puma Sneakers,afternoon,6,10% discount,1
1687,9819.33,Sports Cap,afternoon,7,10% discount,1
1688,10637.67,Jacket|Phone Case|Phone Case,morning,7,10% discount,1
1689,3663.53,T-Shirt,morning,4,10% discount,0
1690,3666.44,Earbuds,night,3,10% discount,0
1691,9013.85,Puma Sneakers,evening,5,20% discount,1
1692,8882.37,T-Shirt,night,6,20% discount,0
1693,1046.05,Cushion,night,6,20% discount,0
1694,17376.19,Phone Case|Backpack,afternoon,10,Free Shipping,0
1695,9661.75,Sports Cap,night,5,5% discount,0
1696,4987.51,Coffee Mug,night,3,5% discount,0
1697,8734.14,Jacket,afternoon,4,Free Shipping,0
1698,6937.06,Earbuds|Adidas Running Shoes,evening,3,Free Shipping,1
1699,7856.99,Cushion|T-Shirt,night,3,20% discount,0
1700,23973.54,Puma Sneakers|Jeans|Adidas Running Shoes,night,4,10% discount,1
1701,5095.62,Sports Cap,afternoon,10,20% discount,1
1702,8158.52,Nike Shoes,night,1,5% discount,0
1703,15259.88,Backpack|Adidas Running Shoes,night,3,Free Shipping,0
1704,6269.76,Coffee Mug|Earbuds,evening,6,10% discount,1
1705,5981.28,Backpack,afternoon,4,5% discount,0
1706,15013.05,Puma Sneakers|Cushion|T-Shirt,afternoon,10,5% discount,0
1707,7766.57,T-Shirt|Phone Case,morning,9,10% discount,1
1708,4293.55,Puma Sneakers,evening,8,10% discount,0
1709,2427.86,Backpack,evening,4,10% discount,0
1710,8186.3,Nike Shoes,night,10,Free Shipping,0
1711,7343.44,Coffee Mug|Nike Shoes,morning,9,10% discount,1
1712,9910.96,Adidas Running Shoes|Backpack,afternoon,2,Free Shipping,1
1713,5568.41,Phone Case|Phone Case,morning,10,10% discount,0
1714,7150.21,T-Shirt,afternoon,0,10% discount,0
1715,17429.15,Earbuds|Phone Case,night,6,10% discount,0
1716,9909.52,T-Shirt,evening,8,10% discount,0
1717,5196.97,Adidas Running Shoes,morning,10,10% discount,0
1718,15823.59,Coffee Mug|Cushion,night,9,20% discount,1
1719,9115.43,Earbuds,night,9,Free Shipping,0
1720,15854.48,Wristband|Jeans,night,10,10% discount,1
1721,1511.43,Adidas Running Shoes,afternoon,10,Free Shipping,0
1722,6869.99,Jeans,evening,2,Free Shipping,0
1723,11091.47,T-Shirt|Jacket,morning,1,Free Shipping,0
1724,11046.42,Puma Sneakers|Cushion,afternoon,8,10% discount,1
1725,3036.34,Jacket,evening,8,20% discount,0
1726,1801.54,Wristband,night,0,20% discount,0
1727,6172.55,T-Shirt,evening,10,20% discount,0
1728,10802.68,Backpack|Phone Case,night,2,Free Shipping,1
1729,3706.96,Backpack,evening,1,Free Shipping,1
1730,16246.54,Coffee Mug|Jacket|Backpack,morning,6,5% discount,0
1731,1285.62,Jeans,afternoon,6,5% discount,0
1732,9578.52,Puma Sneakers,morning,9,Free Shipping,0
1733,6355.41,Jacket,morning,1,10% discount,0
1734,18633.22,Phone Case|Backpack,evening,8,10% discount,0
1735,9038.34,T-Shirt,afternoon,4,10% discount,1
1736,4814.28,Jeans|Adidas Running Shoes,morning,8,20% discount,0
1737,10762.46,Earbuds|Wristband,night,0,Free Shipping,1
1738,7488.51,Backpack,night,5,10% discount,1
1739,15127.22,Cushion|Cushion,night,8,5% discount,0
1740,5861.2,Wristband,night,9,5% discount,1
1741,6368.02,Nike Shoes,night,4,Free Shipping,1
1742,8640.14,Sports Cap|Wristband,night,7,5% discount,0
1743,11990.5,Wristband|Coffee Mug,morning,5,10% discount,1
1744,5538.43,Nike Shoes,evening,10,5% discount,0
1745,5979.45,Phone Case|Nike Shoes,night,9,10% discount,0
1746,2309.61,Sports Cap,night,10,Free Shipping,0
1747,15653.77,Earbuds|Jacket,afternoon,7,5% discount,0
1748,6385.5,T-Shirt,morning,5,20% discount,1
1749,7687.86,Phone Case,afternoon,10,10% discount,0
1750,6190.85,Coffee Mug,afternoon,1,5% discount,0
1751,8084.23,Adidas Running Shoes,afternoon,9,10% discount,0
1752,5527.0,Jacket,evening,8,20% discount,1
1753,12367.54,Jacket|Jacket|Cushion,morning,10,10% discount,1
1754,9269.24,Backpack,afternoon,7,5% discount,1
1755,2080.06,Puma Sneakers,night,3,5% discount,0
1756,7630.02,Jacket,afternoon,6,5% discount,0
1757,18556.0,Sports Cap|Nike Shoes,afternoon,9,20% discount,1
1758,12615.23,Sports Cap|Puma Sneakers|Cushion,afternoon,0,20% discount,1
1759,10891.82,Adidas Running Shoes|Earbuds,morning,10,10% discount,1
1760,9841.88,Cushion|Backpack,afternoon,1,20% discount,1
1761,9061.71,T-Shirt,morning,5,10% discount,1
1762,2253.97,Phone Case,morning,6,Free Shipping,1
1763,15263.24,Puma Sneakers|Phone Case|Puma Sneakers,evening,9,5% discount,0
1764,13232.82,Jeans|Sports Cap|Backpack,morning,7,20% discount,0
1765,9803.1,Jeans,morning,8,Free Shipping,0
1766,10386.79,T-Shirt|Jeans,evening,1,5% discount,0
1767,4465.7,Nike Shoes,evening,5,20% discount,0
1768,5666.61,Jeans|T-Shirt,evening,4,10% discount,0
1769,12305.84,Jeans|Cushion,night,2,Free Shipping,0
1770,7914.4,Jeans,morning,6,10% discount,1
1771,7748.87,Adidas Running Shoes,evening,9,20% discount,1
1772,1447.83,Phone Case,evening,10,5% discount,0
1773,6429.4,Jacket,afternoon,3,5% discount,0
1774,8574.64,Jacket,night,7,5% discount,0
1775,9416.84,Puma Sneakers|Sports Cap,morning,8,20% discount,0
1776,5490.98,Jeans,morning,6,10% discount,0
1777,3020.02,Coffee Mug,afternoon,2,20% discount,0
1778,2859.02,Cushion,evening,2,20% discount,1
1779,1871.54,Phone Case,morning,4,Free Shipping,0
1780,3769.21,Jeans|Coffee Mug,night,1,Free Shipping,0
1781,19274.58,Coffee Mug|Nike Shoes|Backpack,night,0,20% discount,0
1782,1081.61,Jacket,evening,10,20% discount,0
1783,23041.23,Backpack|Jacket|Cushion,evening,5,Free Shipping,0
1784,10060.86,Coffee Mug|T-Shirt,afternoon,4,5% discount,0
1785,2883.4,Coffee Mug,morning,7,5% discount,0
1786,8947.69,Jacket,afternoon,0,20% discount,1
1787,7269.82,Backpack,afternoon,10,20% discount,1
1788,2681.98,Puma Sneakers,evening,3,5% discount,0
1789,8431.97,Coffee Mug|Cushion,evening,7,Free Shipping,0
1790,6614.04,Backpack,morning,10,10% discount,0
1791,8513.79,T-Shirt|Phone Case,night,1,Free Shipping,0
1792,5862.55,Adidas Running Shoes|Cushion,afternoon,1,5% discount,1
1793,8313.66,Earbuds,afternoon,8,5% discount,0
1794,1198.58,Puma Sneakers,evening,2,20% discount,0
1795,4050.19,Puma Sneakers,morning,9,10% discount,0
1796,5387.83,Nike Shoes,morning,0,10% discount,1
1797,7906.78,Coffee Mug|Adidas Running Shoes,evening,6,10% discount,1
1798,7909.11,Adidas Running Shoes,night,9,10% discount,0
1799,6456.15,Wristband,morning,4,10% discount,1
1800,4010.66,Nike Shoes,morning,7,Free Shipping,0
1801,1142.26,Jacket,afternoon,2,Free Shipping,0
1802,12109.86,Wristband|Cushion,evening,1,Free Shipping,1
1803,7997.81,Cushion,night,2,20% discount,1
1804,3397.79,Wristband,morning,5,10% discount,0
1805,6046.44,Coffee Mug,night,9,10% discount,1
1806,1734.6,Earbuds,afternoon,7,20% discount,0
1807,16611.08,Wristband|Nike Shoes|Coffee Mug,evening,1,5% discount,0
1808,9409.72,Nike Shoes,morning,9,20% discount,0
1809,2785.98,Cushion,morning,3,Free Shipping,0
1810,1058.38,Jeans,night,2,20% discount,1
1811,9324.42,Sports Cap|Sports Cap|Cushion,evening,6,20% discount,0
1812,11260.68,Jacket|Jeans,morning,2,5% discount,0
1813,5922.51,Wristband,evening,0,20% discount,1
1814,26278.32,Puma Sneakers|Phone Case|Adidas Running Shoes,night,6,Free Shipping,1
1815,1567.31,Cushion,morning,0,Free Shipping,0
1816,8881.54,Nike Shoes,evening,6,Free Shipping,0
1817,13278.5,Cushion|Earbuds,morning,9,10% discount,0
1818,10409.93,Sports Cap|Phone Case,afternoon,0,Free Shipping,1
1819,12596.75,Jeans|Cushion,night,0,10% discount,1
1820,9768.58,Phone Case,evening,7,Free Shipping,0
1821,5171.32,Phone Case|Wristband,afternoon,4,10% discount,0
1822,8401.97,Jeans,afternoon,1,5% discount,0
1823,2744.45,Wristband,evening,2,5% discount,0
1824,11764.63,Jeans|Backpack,night,4,10% discount,0
1825,7129.06,Jacket,afternoon,7,20% discount,0
1826,9466.11,Puma Sneakers|Coffee Mug,morning,4,20% discount,1
1827,7685.04,Cushion|Sports Cap,morning,1,10% discount,0
1828,6433.34,Coffee Mug,morning,9,20% discount,0
1829,11160.76,Jeans|Coffee Mug,afternoon,7,10% discount,0
1830,9675.9,Phone Case,morning,7,Free Shipping,0
1831,1495.68,T-Shirt,afternoon,7,Free Shipping,0
1832,5196.11,Nike Shoes,night,3,5% discount,0
1833,12836.47,Earbuds|Sports Cap|Adidas Running Shoes,evening,10,10% discount,0
1834,5272.02,Phone Case,evening,8,10% discount,1
1835,9171.5,Phone Case|Sports Cap,evening,6,Free Shipping,0
1836,10649.32,Nike Shoes|Wristband|Phone Case,evening,1,Free Shipping,1
1837,11645.28,Jeans|Earbuds,evening,4,Free Shipping,0
1838,8749.76,Nike Shoes|Earbuds,afternoon,3,Free Shipping,1
1839,15729.38,Jacket|Puma Sneakers,evening,0,5% discount,0
1840,13432.4,Jacket|Phone Case,morning,4,Free Shipping,0
1841,1942.51,Sports Cap,afternoon,4,5% discount,1
1842,5137.22,Phone Case,night,0,Free Shipping,1
1843,5609.06,Jacket|Adidas Running Shoes,night,7,20% discount,1
1844,9320.85,Coffee Mug|T-Shirt|Jeans,evening,0,10% discount,1
1845,17138.92,Phone Case|Backpack,night,0,5% discount,0
1846,5385.53,Coffee Mug|Cushion,evening,5,10% discount,0
1847,14526.31,Nike Shoes|Backpack,afternoon,10,5% discount,0
1848,19045.53,Sports Cap|Sports Cap|Backpack,morning,5,5% discount,0
1849,3570.32,Jeans|Adidas Running Shoes,evening,10,5% discount,0
1850,13432.21,Jacket|Adidas Running Shoes,morning,4,Free Shipping,0
1851,18126.07,Backpack|Wristband,night,2,10% discount,0
1852,3857.2,Jacket,morning,8,10% discount,0
1853,13625.8,Sports Cap|Nike Shoes,night,5,10% discount,1
1854,13721.25,Phone Case|Cushion,afternoon,0,20% discount,1
1855,5021.97,Backpack|Cushion,night,4,10% discount,1
1856,9251.72,Phone Case|Nike Shoes,night,9,5% discount,1
1857,7870.6,Backpack,night,6,Free Shipping,0
1858,5967.82,Puma Sneakers|T-Shirt,afternoon,8,10% discount,0
1859,21991.57,Backpack|Coffee Mug|Jacket,evening,2,20% discount,1
1860,10696.39,Puma Sneakers|Cushion|Backpack,afternoon,4,20% discount,1
1861,15893.96,Sports Cap|Earbuds,evening,7,10% discount,0
1862,11885.71,Coffee Mug|Earbuds,evening,6,20% discount,1
1863,1758.81,T-Shirt,night,9,20% discount,0
1864,4159.59,Adidas Running Shoes,morning,8,5% discount,0
1865,3809.49,Cushion,evening,1,5% discount,1
1866,9763.62,Coffee Mug,afternoon,8,20% discount,1
1867,2517.43,Cushion,morning,4,20% discount,0
1868,3691.54,Cushion,night,6,5% discount,0
1869,9987.45,Wristband,morning,3,Free Shipping,1
1870,11592.64,Earbuds|Jeans,night,3,10% discount,1
1871,2335.26,Phone Case,morning,10,20% discount,1
1872,11020.54,Earbuds|Puma Sneakers|Sports Cap,night,1,Free Shipping,1
1873,9573.85,Backpack,night,0,Free Shipping,0
1874,16924.88,Coffee Mug|Nike Shoes|Phone Case,morning,1,5% discount,0
1875,8519.71,Backpack|Jeans,afternoon,6,10% discount,0
1876,8576.51,Phone Case,night,4,10% discount,1
1877,3543.94,Cushion,afternoon,9,10% discount,0
1878,3364.17,Cushion,morning,0,10% discount,0
1879,6299.03,Jacket,evening,9,5% discount,0
1880,7396.31,Sports Cap,morning,7,10% discount,1
1881,2164.04,Earbuds,morning,3,Free Shipping,1
1882,23065.14,Cushion|Backpack|Phone Case,evening,8,5% discount,0
1883,7782.22,Phone Case|Puma Sneakers,night,0,20% discount,0
1884,1162.62,Sports Cap,afternoon,10,20% discount,0
1885,11925.13,Wristband|Earbuds,afternoon,9,20% discount,1
1886,21054.42,Phone Case|Jeans|Adidas Running Shoes,morning,10,20% discount,0
1887,12967.07,Cushion|Backpack,morning,3,5% discount,0
1888,16274.2,Earbuds|Earbuds|Cushion,afternoon,8,20% discount,0
1889,4946.97,Puma Sneakers,afternoon,8,Free Shipping,0
1890,6913.72,Sports Cap,evening,3,5% discount,0
1891,18952.32,Backpack|Jacket,night,9,Free Shipping,1
1892,8427.93,Earbuds,night,10,Free Shipping,0
1893,5923.45,Phone Case|Wristband,morning,0,Free Shipping,0
1894,4368.45,Puma Sneakers|Backpack,night,2,10% discount,1
1895,5580.0,Adidas Running Shoes,night,2,10% discount,0
1896,9873.3,Phone Case,morning,3,Free Shipping,0
1897,9982.82,Coffee Mug,evening,6,Free Shipping,1
1898,12367.03,Earbuds|Sports Cap,morning,7,10% discount,0
1899,9795.4,Wristband,morning,7,5% discount,0
1900,5767.77,Nike Shoes|Phone Case,afternoon,3,Free Shipping,0
1901,8991.53,Backpack,afternoon,10,20% discount,1
1902,7056.73,Cushion,morning,0,Free Shipping,0
1903,5756.51,Wristband|Phone Case,morning,3,20% discount,1
1904,3750.61,Sports Cap,night,4,10% discount,1
1905,8683.11,Earbuds,evening,1,5% discount,1
1906,7437.37,Jeans,evening,4,10% discount,0
1907,11824.15,Coffee Mug|Phone Case,morning,3,20% discount,1
1908,8708.32,Coffee Mug,morning,10,Free Shipping,0
1909,7445.53,Wristband|Puma Sneakers,morning,1,20% discount,1
1910,2604.53,Earbuds,evening,1,10% discount,0
1911,17134.83,Cushion|Jacket|Cushion,night,6,5% discount,1
1912,9974.41,Jacket,evening,2,5% discount,0
1913,8701.68,Wristband,morning,1,10% discount,1
1914,12900.6,Earbuds|Cushion,evening,2,20% discount,1
1915,9767.97,Cushion,afternoon,1,Free Shipping,0
1916,1127.96,Nike Shoes,evening,3,20% discount,0
1917,6538.82,Phone Case,morning,6,10% discount,0
1918,2459.61,Adidas Running Shoes,night,2,10% discount,0
1919,9960.67,Coffee Mug,morning,7,Free Shipping,0
1920,7368.81,Earbuds,night,7,5% discount,0
1921,6878.65,T-Shirt,night,10,10% discount,0
1922,8585.99,Adidas Running Shoes,evening,6,10% discount,1
1923,6778.07,Puma Sneakers,afternoon,9,Free Shipping,0
1924,10882.26,Sports Cap|Backpack,night,0,20% discount,0
1925,11484.43,Adidas Running Shoes|Jacket|Jacket,morning,9,Free Shipping,0
1926,5098.25,Nike Shoes,morning,10,20% discount,1
1927,17015.88,Earbuds|Wristband,evening,0,10% discount,0
1928,5481.37,Puma Sneakers|T-Shirt,morning,10,20% discount,0
1929,15817.12,Cushion|Adidas Running Shoes|Nike Shoes,morning,1,20% discount,1
1930,3702.3,Earbuds,afternoon,3,20% discount,1
1931,3530.92,Jeans,night,8,5% discount,0
1932,18861.47,Jeans|Jeans|Phone Case,evening,4,5% discount,1
1933,6377.79,Jeans|Adidas Running Shoes,evening,7,10% discount,1
1934,13678.32,Earbuds|Coffee Mug,morning,9,Free Shipping,0
1935,17058.46,Phone Case|Jacket,night,7,5% discount,0
1936,2312.62,Earbuds,afternoon,7,10% discount,0
1937,9084.25,Earbuds|T-Shirt,morning,5,10% discount,1
1938,18482.22,Puma Sneakers|Phone Case|Phone Case,afternoon,4,Free Shipping,0
1939,1135.24,Phone Case,morning,8,Free Shipping,0
1940,6270.39,T-Shirt,night,2,10% discount,0
1941,13032.86,Earbuds|Earbuds,morning,5,Free Shipping,0
1942,8278.27,Coffee Mug,evening,0,5% discount,0
1943,7185.09,Coffee Mug,morning,1,10% discount,1
1944,11611.34,Jeans|T-Shirt,afternoon,9,10% discount,0
1945,10302.57,Phone Case|Puma Sneakers,night,0,10% discount,1
1946,8856.12,Wristband,night,6,Free Shipping,1
1947,11391.59,Nike Shoes|Adidas Running Shoes,evening,9,10% discount,0
1948,4433.1,Earbuds,night,7,10% discount,0
1949,13448.07,Puma Sneakers|Nike Shoes,morning,2,5% discount,0
1950,7838.56,Cushion|Adidas Running Shoes,night,8,10% discount,1
1951,3409.57,Earbuds,morning,0,Free Shipping,1
1952,6036.3,Jeans,night,0,10% discount,0
1953,20121.79,T-Shirt|Cushion|Sports Cap,night,8,20% discount,1
1954,12984.89,Sports Cap|Sports Cap,evening,0,10% discount,1
1955,6839.03,T-Shirt,morning,3,10% discount,0
1956,9266.99,Jeans,night,2,Free Shipping,1
1957,7915.72,Adidas Running Shoes,night,4,5% discount,0
1958,2176.34,Earbuds,night,2,20% discount,1
1959,7448.71,Earbuds,evening,7,20% discount,1
1960,9699.32,Cushion,morning,7,Free Shipping,0
1961,3388.01,Jacket,evening,10,10% discount,0
1962,6006.93,Earbuds,morning,2,20% discount,1
1963,8175.8,Cushion|Jacket,night,10,20% discount,0
1964,6858.59,Cushion,evening,5,5% discount,0
1965,12337.24,Earbuds|Jacket,night,1,5% discount,1
1966,7625.03,Adidas Running Shoes|Cushion,evening,2,5% discount,1
1967,3228.2,Phone Case,morning,0,20% discount,0
1968,4807.15,Earbuds,night,7,Free Shipping,0
1969,14375.02,Jacket|Phone Case,morning,9,20% discount,1
1970,7976.5,Jacket,evening,8,20% discount,0
1971,6676.09,Puma Sneakers,evening,10,Free Shipping,1
1972,5177.17,Jeans,afternoon,10,10% discount,0
1973,6562.46,Backpack,night,5,Free Shipping,0
1974,15309.73,Puma Sneakers|Wristband,afternoon,6,5% discount,1
1975,7164.46,Coffee Mug|Phone Case|Jeans,night,10,Free Shipping,0
1976,9888.47,Cushion,afternoon,5,Free Shipping,0
1977,14972.27,Phone Case|Jeans|Cushion,morning,10,Free Shipping,1
1978,6655.76,Puma Sneakers,evening,2,10% discount,0
1979,3316.13,Jeans,evening,7,20% discount,1
1980,6561.82,Sports Cap|Jacket,afternoon,3,Free Shipping,0
1981,8445.1,Puma Sneakers|Cushion,evening,5,10% discount,0
1982,7836.47,Earbuds,evening,9,20% discount,1
1983,14611.22,Wristband|Earbuds,afternoon,4,20% discount,1
1984,4020.45,Jeans|Backpack,afternoon,9,Free Shipping,0
1985,6548.08,T-Shirt,morning,9,10% discount,0
1986,8856.2,Puma Sneakers|Jacket|Nike Shoes,evening,9,20% discount,1
1987,15144.16,Jacket|Jacket|Jeans,evening,1,10% discount,0
1988,9051.18,Backpack,morning,7,20% discount,1
1989,16200.78,Jacket|Cushion,morning,4,5% discount,0
1990,15576.68,Wristband|Puma Sneakers|Coffee Mug,morning,10,5% discount,0
1991,16633.29,Earbuds|Adidas Running Shoes,night,1,Free Shipping,0
1992,6507.98,Jacket,morning,0,20% discount,0
1993,16168.75,Backpack|Phone Case,morning,4,5% discount,0
1994,12018.23,Puma Sneakers|Puma Sneakers,morning,2,10% discount,0
1995,2448.71,Coffee Mug,evening,9,5% discount,0
1996,3205.56,Jeans,night,6,10% discount,0
1997,6360.08,Jacket|Coffee Mug,evening,9,Free Shipping,1
1998,15338.35,Jacket|Wristband,evening,5,20% discount,0
1999,8256.17,Wristband,afternoon,7,20% discount,1
2000,6489.08,Puma Sneakers,evening,2,5% discount,1
2001,6371.5,Backpack|Adidas Running Shoes,night,7,5% discount,0
2002,6436.88,Jeans,night,10,Free Shipping,0
2003,2902.3,Phone Case,evening,6,Free Shipping,0
2004,6264.4,Coffee Mug|Wristband,evening,6,10% discount,1
2005,6643.71,Sports Cap,evening,9,Free Shipping,1
2006,7335.33,Phone Case|Wristband,night,5,5% discount,0
2007,10772.62,Sports Cap|Puma Sneakers,afternoon,1,20% discount,0
2008,3056.48,Phone Case,evening,4,Free Shipping,0
2009,18355.77,Jacket|Wristband|Puma Sneakers,morning,10,20% discount,1
2010,8271.93,Wristband,morning,3,10% discount,0
2011,2378.78,Backpack|T-Shirt,evening,4,5% discount,0
2012,9566.79,Backpack|T-Shirt,morning,4,Free Shipping,0
2013,4172.12,Wristband,afternoon,7,20% discount,0
2014,10816.78,Earbuds|Wristband,afternoon,1,Free Shipping,0
2015,3222.35,Coffee Mug,morning,1,20% discount,0
2016,9105.37,Jeans|Jacket|Wristband,evening,9,20% discount,1
2017,9495.74,Adidas Running Shoes,afternoon,3,10% discount,0
2018,11147.39,Jacket|Coffee Mug,morning,10,10% discount,0
2019,2385.65,Puma Sneakers,evening,5,Free Shipping,1
2020,14277.01,Sports Cap|Earbuds|Puma Sneakers,morning,2,10% discount,1
2021,7574.51,Coffee Mug,morning,10,10% discount,0
2022,20782.05,Backpack|Phone Case|Jeans,afternoon,0,10% discount,0
2023,8297.49,Coffee Mug,morning,0,Free Shipping,0
2024,20582.43,T-Shirt|T-Shirt|Earbuds,afternoon,2,10% discount,0
2025,7627.43,Coffee Mug,afternoon,10,10% discount,1
2026,16237.78,Phone Case|Nike Shoes,night,1,5% discount,0
2027,6457.11,Coffee Mug,afternoon,10,10% discount,0
2028,1890.01,Jeans,evening,0,Free Shipping,1
2029,7847.05,Phone Case,afternoon,3,10% discount,1
2030,16406.54,Wristband|Nike Shoes|T-Shirt,afternoon,10,20% discount,1
2031,9390.9,Puma Sneakers|Sports Cap,morning,6,10% discount,1
2032,6484.01,Jeans|Jeans,night,6,Free Shipping,0
2033,2478.5,Jeans,afternoon,7,Free Shipping,0
2034,4727.28,Earbuds,evening,5,5% discount,0
2035,7816.99,Earbuds,evening,4,5% discount,0
2036,1114.36,Jeans,evening,4,5% discount,0
2037,6429.96,Nike Shoes,evening,4,5% discount,0
2038,6215.21,Adidas Running Shoes|Earbuds,night,5,20% discount,1
2039,12634.24,Nike Shoes|Wristband,night,4,5% discount,1
2040,17705.09,Adidas Running Shoes|Nike Shoes,evening,0,10% discount,1
2041,1010.44,Puma Sneakers,night,10,Free Shipping,0
2042,6634.22,Backpack,morning,6,5% discount,1
2043,7871.97,Cushion,morning,4,20% discount,1
2044,11378.4,Jeans|T-Shirt,night,3,5% discount,0
2045,7151.77,Coffee Mug,evening,10,20% discount,1
2046,7760.23,Coffee Mug|Cushion,night,4,10% discount,0
2047,7056.8,Puma Sneakers,morning,0,5% discount,0
2048,6641.19,Cushion|T-Shirt,night,4,5% discount,0
2049,8933.29,Coffee Mug,night,9,20% discount,1
2050,2842.89,Jacket,evening,0,Free Shipping,0
2051,4711.45,T-Shirt,afternoon,1,5% discount,0
2052,20798.41,Jacket|Earbuds|Phone Case,morning,1,20% discount,0
2053,11441.56,Earbuds|Nike Shoes,morning,9,5% discount,1
2054,1360.16,Sports Cap,afternoon,4,Free Shipping,0
2055,7428.61,Adidas Running Shoes,morning,2,10% discount,0
2056,3651.48,Earbuds,afternoon,8,Free Shipping,0
2057,4556.56,Cushion,evening,8,20% discount,1
2058,9622.83,Jacket,morning,4,5% discount,0
2059,5090.07,Coffee Mug,night,7,20% discount,1
2060,5504.32,Earbuds|Jeans,morning,3,20% discount,0
2061,8875.28,T-Shirt|Wristband,afternoon,2,5% discount,0
2062,6444.55,Wristband|Sports Cap,night,7,Free Shipping,0
2063,13074.51,Nike Shoes|Earbuds,night,9,20% discount,0
2064,9428.45,Adidas Running Shoes,evening,2,10% discount,0
2065,8418.52,Puma Sneakers,afternoon,3,20% discount,1
2066,15876.35,Cushion|Puma Sneakers,morning,3,10% discount,0
2067,5778.88,Cushion,night,1,10% discount,0
2068,16697.47,Sports Cap|Wristband|Wristband,evening,6,Free Shipping,1
2069,3927.45,Phone Case,night,7,20% discount,1
2070,3537.0,Backpack,afternoon,0,Free Shipping,0
2071,3611.15,Wristband,night,3,20% discount,0
2072,2507.19,Puma Sneakers,afternoon,7,10% discount,0
2073,5079.24,Cushion,evening,3,20% discount,1
2074,12844.95,Cushion|T-Shirt,night,6,Free Shipping,0
2075,5927.09,Coffee Mug,morning,7,10% discount,0
2076,1157.75,Wristband,morning,2,Free Shipping,0
2077,13669.4,Jacket|Sports Cap|Adidas Running Shoes,morning,3,10% discount,1
2078,23279.19,Backpack|Coffee Mug|Earbuds,evening,5,10% discount,1
2079,9252.08,Nike Shoes|Coffee Mug,afternoon,8,10% discount,1
2080,15461.68,Jacket|Adidas Running Shoes|Earbuds,afternoon,6,5% discount,0
2081,9255.51,Phone Case,morning,1,10% discount,1
2082,10690.75,Jacket|Sports Cap,afternoon,4,5% discount,0
2083,14982.03,Earbuds|Wristband|Coffee Mug,afternoon,10,5% discount,0
2084,8679.13,Puma Sneakers,night,5,10% discount,0
2085,13977.26,Wristband|Phone Case,night,10,10% discount,1
2086,11682.52,Phone Case|Backpack,morning,9,Free Shipping,0
2087,13386.03,Coffee Mug|Coffee Mug,morning,0,5% discount,0
2088,12845.72,Earbuds|Puma Sneakers,evening,8,Free Shipping,1
2089,5302.99,T-Shirt,morning,8,5% discount,1
2090,6772.58,Wristband,night,0,5% discount,0
2091,4556.89,Jacket|Wristband,night,1,20% discount,1
2092,8622.89,Cushion|Jacket,afternoon,7,10% discount,1
2093,6946.92,Phone Case,night,2,Free Shipping,0
2094,6380.29,Sports Cap,evening,8,20% discount,0
2095,11070.06,Phone Case|Phone Case|Adidas Running Shoes,evening,4,Free Shipping,0
2096,9030.8,T-Shirt,evening,6,20% discount,0
2097,9865.26,Coffee Mug,evening,7,5% discount,0
2098,9879.67,Coffee Mug,afternoon,0,Free Shipping,1
2099,16551.85,Puma Sneakers|Sports Cap,afternoon,0,20% discount,1
2100,14005.7,Adidas Running Shoes|Nike Shoes|Wristband,morning,3,Free Shipping,0
2101,11040.88,Adidas Running Shoes|Coffee Mug,afternoon,6,10% discount,0
2102,4883.48,Cushion|Coffee Mug,afternoon,2,10% discount,1
2103,12482.67,T-Shirt|Jeans|Earbuds,night,4,10% discount,0
2104,5995.3,Adidas Running Shoes|Cushion,morning,8,5% discount,0
2105,8069.71,Jacket|Cushion,morning,3,Free Shipping,0
2106,7570.22,Coffee Mug|Coffee Mug,afternoon,8,10% discount,0
2107,19672.89,Nike Shoes|Cushion|Jacket,night,1,10% discount,1
2108,7914.7,Phone Case,evening,8,5% discount,0
2109,4200.91,Cushion,morning,8,20% discount,1
2110,12362.97,Phone Case|Adidas Running Shoes|Cushion,night,8,5% discount,0
2111,13334.88,Nike Shoes|Phone Case,night,5,5% discount,0
2112,2583.16,Jacket,evening,2,5% discount,1
2113,15077.47,Wristband|Phone Case,night,0,20% discount,1
2114,3671.15,Wristband,morning,1,Free Shipping,0
2115,4221.31,Coffee Mug,night,6,20% discount,1
2116,6485.9,Cushion|Coffee Mug,night,8,5% discount,0
2117,21905.4,Cushion|Phone Case|Jacket,afternoon,5,Free Shipping,0
2118,1688.87,Jeans,night,5,5% discount,0
2119,9502.85,Jeans,evening,9,5% discount,0
2120,14170.04,Backpack|Phone Case|Jeans,morning,5,20% discount,1
2121,4927.11,Phone Case,night,2,Free Shipping,0
2122,3792.21,Coffee Mug,night,3,10% discount,1
2123,7653.6,Wristband,morning,6,20% discount,1
2124,11077.91,Coffee Mug|Earbuds|Backpack,afternoon,3,5% discount,0
2125,1399.27,Phone Case,morning,7,10% discount,0
2126,8988.46,Cushion,night,9,10% discount,1
2127,6931.43,T-Shirt|Jacket,evening,0,Free Shipping,1
2128,6476.96,Coffee Mug,morning,4,10% discount,1
2129,8946.43,Cushion|Phone Case,morning,3,Free Shipping,0
2130,16979.68,Earbuds|Nike Shoes,morning,2,10% discount,1
2131,1627.28,Nike Shoes,morning,8,Free Shipping,0
2132,1801.25,Coffee Mug,morning,2,Free Shipping,0
2133,3524.48,Phone Case,morning,6,Free Shipping,0
2134,13509.56,Jeans|Nike Shoes,afternoon,6,10% discount,0
2135,9130.75,Phone Case,evening,3,10% discount,0
2136,9862.65,Coffee Mug,morning,1,20% discount,1
2137,4934.0,Coffee Mug,morning,5,10% discount,1
2138,3376.85,Cushion|Jacket,evening,7,5% discount,0
2139,1699.31,T-Shirt,morning,0,10% discount,0
2140,9521.81,Puma Sneakers|Adidas Running Shoes,night,7,Free Shipping,0
2141,14972.02,Backpack|Jeans|Wristband,morning,10,10% discount,1
2142,8931.46,Phone Case,morning,1,5% discount,0
2143,3958.97,Adidas Running Shoes,morning,0,20% discount,0
2144,13417.58,Sports Cap|Jeans,morning,3,20% discount,0
2145,3845.74,Wristband,night,3,Free Shipping,0
2146,3580.83,Jacket,afternoon,5,10% discount,1
2147,15260.4,Backpack|Backpack|Puma Sneakers,night,5,10% discount,1
2148,14124.84,Jeans|Jeans,afternoon,9,Free Shipping,1
2149,14756.32,Jacket|Wristband,night,10,20% discount,1
2150,2417.47,Adidas Running Shoes,night,9,5% discount,1
2151,4540.13,Coffee Mug|Backpack,evening,5,Free Shipping,0
2152,1727.92,Adidas Running Shoes,afternoon,10,Free Shipping,0
2153,2534.52,Phone Case,night,8,5% discount,0
2154,9376.0,T-Shirt,night,10,Free Shipping,0
2155,13045.98,Backpack|Cushion,afternoon,8,5% discount,0
2156,7029.13,T-Shirt,evening,3,20% discount,1
2157,4358.41,Adidas Running Shoes,night,1,10% discount,1
2158,5903.12,Sports Cap,night,7,Free Shipping,1
2159,9363.45,Puma Sneakers,evening,2,Free Shipping,0
2160,8957.18,Backpack,afternoon,3,5% discount,0
2161,8643.39,Sports Cap|Backpack,morning,7,Free Shipping,0
2162,3538.75,Puma Sneakers,evening,7,10% discount,0
2163,4296.15,Coffee Mug,morning,4,20% discount,0
2164,8068.86,Phone Case,night,6,5% discount,0
2165,7292.9,Phone Case,evening,2,10% discount,0
2166,10609.12,T-Shirt|Cushion,afternoon,7,Free Shipping,1
2167,7218.69,Adidas Running Shoes|Nike Shoes,afternoon,1,5% discount,0
2168,4868.02,Phone Case,afternoon,0,20% discount,0
2169,6769.74,Phone Case|Nike Shoes,evening,1,20% discount,0
2170,3886.97,Jacket,afternoon,8,5% discount,0
2171,6130.72,T-Shirt,morning,5,10% discount,0
2172,15958.37,Jeans|Phone Case,evening,2,Free Shipping,0
2173,15493.49,Jacket|Nike Shoes,night,2,20% discount,1
2174,1291.92,Jeans,night,1,10% discount,0
2175,2033.76,Wristband,morning,4,Free Shipping,0
2176,1854.77,Wristband,afternoon,7,5% discount,0
2177,5257.9,Earbuds,night,9,Free Shipping,0
2178,3230.39,Coffee Mug,night,9,Free Shipping,0
2179,19260.8,Earbuds|Backpack|Coffee Mug,morning,4,5% discount,0
2180,4929.82,Sports Cap,night,6,Free Shipping,0
2181,4959.55,Coffee Mug,evening,3,Free Shipping,0
2182,4999.75,Jacket,evening,9,10% discount,1
2183,8751.32,Earbuds,afternoon,9,10% discount,0
2184,3931.92,Cushion,morning,8,Free Shipping,0
2185,8688.56,T-Shirt,evening,3,Free Shipping,0
2186,9882.6,Nike Shoes,afternoon,5,20% discount,1
2187,7073.6,Phone Case,afternoon,8,Free Shipping,0
2188,5595.75,Jeans,morning,9,10% discount,0
2189,2186.93,Cushion,night,9,20% discount,0
2190,1307.96,Jeans,afternoon,9,5% discount,0
2191,8121.02,Nike Shoes|Cushion,evening,3,Free Shipping,0
2192,2608.83,Phone Case,night,9,Free Shipping,0
2193,3149.72,Jacket,afternoon,10,Free Shipping,0
2194,9251.01,Sports Cap,evening,0,Free Shipping,1
2195,3624.66,Cushion,night,2,Free Shipping,0
2196,15743.46,Adidas Running Shoes|Backpack|Puma Sneakers,morning,2,10% discount,1
2197,26174.98,Cushion|T-Shirt|Wristband,night,7,Free Shipping,1
2198,9483.05,Coffee Mug,afternoon,1,10% discount,0
2199,8096.52,Backpack,night,6,20% discount,1
2200,5703.33,Wristband,evening,8,10% discount,1
2201,4856.56,Earbuds,evening,1,5% discount,1
2202,14605.61,Jacket|Sports Cap|Cushion,afternoon,10,20% discount,1
2203,17496.56,Jacket|Coffee Mug|Nike Shoes,evening,8,10% discount,0
2204,13389.61,Puma Sneakers|Phone Case|Wristband,evening,2,Free Shipping,1
2205,18127.31,Earbuds|Earbuds,evening,8,10% discount,1
2206,6587.07,Coffee Mug,night,8,Free Shipping,0
2207,1468.06,Phone Case,evening,6,5% discount,0
2208,4216.75,Cushion,night,10,20% discount,0
2209,1865.59,Sports Cap,night,3,5% discount,0
2210,1126.64,Puma Sneakers,evening,10,Free Shipping,0
2211,1908.62,Jeans,morning,6,20% discount,0
2212,9494.31,Earbuds,afternoon,6,Free Shipping,0
2213,7934.22,Backpack|Jeans,morning,2,5% discount,0
2214,2396.27,Nike Shoes,morning,7,10% discount,0
2215,3085.66,Earbuds,afternoon,1,Free Shipping,0
2216,13406.41,Adidas Running Shoes|Coffee Mug,morning,5,20% discount,1
2217,7730.73,Earbuds|Wristband,afternoon,3,Free Shipping,0
2218,13237.33,Cushion|Nike Shoes,afternoon,4,20% discount,1
2219,5965.72,T-Shirt|Wristband,morning,4,10% discount,1
2220,5327.26,Earbuds,night,1,Free Shipping,0
2221,6743.58,Adidas Running Shoes,morning,5,10% discount,0
2222,6555.85,Earbuds,night,3,5% discount,1
2223,2475.83,Cushion,morning,8,5% discount,1
2224,7281.45,Jeans,afternoon,10,10% discount,1
2225,3871.17,Earbuds|Backpack,afternoon,3,5% discount,1
2226,21187.72,Earbuds|T-Shirt|Phone Case,evening,5,10% discount,0
2227,6235.59,Earbuds|Coffee Mug,morning,10,10% discount,1
2228,9371.88,Cushion|Backpack,morning,6,5% discount,1
2229,5073.4,Wristband,evening,8,20% discount,0
2230,3826.92,Phone Case,afternoon,9,5% discount,0
2231,6167.4,Earbuds|Earbuds,evening,4,Free Shipping,0
2232,8541.5,Phone Case,evening,7,10% discount,0
2233,13218.72,Cushion|Wristband,morning,4,Free Shipping,0
2234,8647.22,Adidas Running Shoes|Jacket,morning,10,5% discount,0
2235,6589.07,Jeans,morning,7,5% discount,0
2236,9858.32,Adidas Running Shoes,evening,0,20% discount,1
2237,6650.81,Adidas Running Shoes,afternoon,5,10% discount,0
2238,14418.8,Phone Case|Coffee Mug|Cushion,morning,8,Free Shipping,0
2239,6105.88,Earbuds|Coffee Mug,morning,4,5% discount,1
2240,4795.28,Cushion,morning,7,10% discount,1
2241,12301.28,T-Shirt|Nike Shoes,night,4,10% discount,1
2242,5417.63,Phone Case,morning,4,10% discount,0
2243,14655.54,Adidas Running Shoes|Wristband,afternoon,3,10% discount,0
2244,5596.92,Coffee Mug,afternoon,10,10% discount,1
2245,1559.62,Cushion,afternoon,5,Free Shipping,0
2246,11429.55,T-Shirt|Nike Shoes,night,7,5% discount,1
2247,1521.43,Backpack,night,0,20% discount,1
2248,2739.46,Phone Case|Puma Sneakers,morning,5,5% discount,0
2249,3903.52,Cushion,morning,8,Free Shipping,0
2250,14224.65,Phone Case|Jeans|T-Shirt,night,7,10% discount,0
2251,5589.54,Sports Cap,afternoon,5,20% discount,0
2252,2545.04,Wristband,night,0,5% discount,1
2253,9053.32,T-Shirt,evening,4,10% discount,0
2254,4926.45,Earbuds,night,10,20% discount,1
2255,12881.51,Puma Sneakers|Wristband,afternoon,6,10% discount,0
2256,1608.18,Coffee Mug,evening,6,20% discount,0
2257,9738.25,Puma Sneakers,afternoon,10,10% discount,1
2258,8715.82,Sports Cap,evening,1,5% discount,0
2259,12887.61,Nike Shoes|Wristband,afternoon,4,20% discount,1
2260,4637.08,Adidas Running Shoes,night,7,Free Shipping,0
2261,8923.54,T-Shirt,night,9,20% discount,0
2262,19409.52,Adidas Running Shoes|Adidas Running Shoes|Backpack,night,10,10% discount,0
2263,9019.64,Earbuds|Earbuds,morning,0,10% discount,0
2264,17004.52,Phone Case|Cushion,night,5,Free Shipping,0
2265,18308.13,Puma Sneakers|T-Shirt,evening,7,20% discount,1
2266,3558.95,Phone Case,evening,5,10% discount,0
2267,15925.14,Backpack|T-Shirt,morning,0,5% discount,0
2268,22050.75,Phone Case|Cushion|Cushion,evening,8,Free Shipping,1
2269,4096.44,Coffee Mug,evening,1,10% discount,0
2270,5712.17,Jacket|Phone Case,morning,4,20% discount,1
2271,3105.18,Adidas Running Shoes,morning,1,Free Shipping,1
2272,22193.13,Phone Case|Phone Case|Coffee Mug,night,1,Free Shipping,1
2273,1150.91,Wristband,afternoon,9,5% discount,0
2274,5993.44,Jacket,afternoon,1,10% discount,1
2275,2952.07,Sports Cap,night,3,5% discount,0
2276,12942.59,Coffee Mug|Puma Sneakers|Jacket,evening,8,10% discount,1
2277,2196.71,Puma Sneakers,evening,5,20% discount,0
2278,8836.86,Backpack,night,4,Free Shipping,0
2279,2205.84,Adidas Running Shoes,evening,1,10% discount,0
2280,2571.19,T-Shirt,night,2,10% discount,0
2281,24893.67,Jeans|Earbuds|Earbuds,morning,4,20% discount,1
2282,11202.13,Backpack|Wristband,morning,10,20% discount,0
2283,10999.73,Coffee Mug|T-Shirt,evening,2,20% discount,1
2284,9256.57,Sports Cap,evening,8,20% discount,0
2285,11484.33,T-Shirt|Coffee Mug,evening,7,Free Shipping,0
2286,2109.26,T-Shirt,afternoon,8,Free Shipping,0
2287,10093.22,Nike Shoes|Jacket,morning,4,Free Shipping,0
2288,6193.77,Coffee Mug,night,7,20% discount,0
2289,16900.18,Nike Shoes|Cushion,afternoon,9,10% discount,0
2290,15756.96,Jacket|Wristband,morning,5,5% discount,0
2291,9081.6,Sports Cap,night,1,Free Shipping,0
2292,6505.36,Backpack,afternoon,1,Free Shipping,0
2293,2295.64,T-Shirt,morning,10,20% discount,0
2294,10884.25,Cushion|Backpack,night,1,5% discount,0
2295,5275.1,Puma Sneakers,afternoon,10,Free Shipping,0
2296,9424.74,Phone Case,morning,1,5% discount,0
2297,7980.81,Coffee Mug|Phone Case,morning,2,10% discount,1
2298,1514.18,Phone Case,night,7,10% discount,0
2299,9788.46,Adidas Running Shoes,evening,8,Free Shipping,0
2300,15866.92,Nike Shoes|Phone Case|Earbuds,evening,3,20% discount,0
2301,7501.59,Jacket|Earbuds,afternoon,1,Free Shipping,0
2302,9293.67,T-Shirt,night,6,20% discount,1
2303,8300.95,Backpack,morning,3,Free Shipping,1
2304,15529.42,Jacket|Wristband|Wristband,evening,4,10% discount,1
2305,3706.78,Cushion,evening,7,Free Shipping,0
2306,2461.1,Jeans,afternoon,2,5% discount,0
2307,7747.48,Jacket|Nike Shoes,evening,5,Free Shipping,0
2308,3923.84,Jacket,afternoon,2,10% discount,0
2309,7128.33,Nike Shoes|Phone Case,morning,5,5% discount,0
2310,13641.17,Sports Cap|T-Shirt,evening,5,20% discount,1
2311,1783.83,Adidas Running Shoes,morning,5,Free Shipping,0
2312,4190.46,Coffee Mug,afternoon,2,5% discount,0
2313,1649.13,Nike Shoes,night,8,5% discount,0
2314,14290.7,Backpack|Jeans,morning,6,10% discount,1
2315,8344.57,Wristband,evening,2,10% discount,1
2316,9310.95,T-Shirt|Cushion,evening,7,10% discount,1
2317,3964.08,Phone Case,night,6,Free Shipping,0
2318,13862.93,Cushion|Cushion,night,9,5% discount,0
2319,6363.32,Cushion|Coffee Mug,afternoon,0,5% discount,0
2320,11351.32,Sports Cap|Sports Cap|Earbuds,evening,4,20% discount,1
2321,4414.27,T-Shirt,night,9,10% discount,1
2322,9336.26,Adidas Running Shoes|Earbuds,morning,4,10% discount,1
2323,5247.67,Adidas Running Shoes,evening,5,5% discount,0
2324,14710.39,Adidas Running Shoes|Coffee Mug,afternoon,10,10% discount,0
2325,24835.65,Jacket|Earbuds|Cushion,morning,6,10% discount,1
2326,5924.39,Cushion,evening,5,10% discount,1
2327,6298.63,Nike Shoes,morning,6,5% discount,0
2328,13021.4,Phone Case|Backpack,evening,4,10% discount,1
2329,4114.57,Adidas Running Shoes,afternoon,3,Free Shipping,0
2330,7817.86,Wristband,afternoon,10,5% discount,0
2331,5329.42,Nike Shoes|Earbuds,night,0,5% discount,0
2332,4681.61,T-Shirt,morning,2,5% discount,0
2333,9042.48,Sports Cap,night,5,20% discount,0
2334,2897.13,Phone Case,afternoon,2,10% discount,0
2335,12551.8,Earbuds|Cushion,night,10,20% discount,0
2336,8140.52,Backpack,afternoon,4,5% discount,0
2337,14928.13,Earbuds|Phone Case|Cushion,night,0,Free Shipping,0
2338,7635.41,Earbuds,night,8,10% discount,1
2339,10326.99,Earbuds|Adidas Running Shoes|Earbuds,morning,0,10% discount,0
2340,8034.51,T-Shirt,afternoon,2,5% discount,1
2341,9015.95,Backpack|Earbuds,morning,9,Free Shipping,0
2342,4842.17,Earbuds,afternoon,8,5% discount,0
2343,9152.74,Puma Sneakers|Cushion,evening,1,10% discount,0
2344,6843.46,Jeans,afternoon,5,10% discount,1
2345,12714.09,Nike Shoes|Puma Sneakers,morning,2,20% discount,0
2346,5370.12,Jacket,morning,3,10% discount,0
2347,2261.48,T-Shirt,night,7,20% discount,0
2348,9817.58,Sports Cap,afternoon,2,10% discount,0
2349,9571.55,Adidas Running Shoes|Nike Shoes,afternoon,2,20% discount,1
2350,1193.8,Puma Sneakers,evening,0,10% discount,0
2351,5328.95,Coffee Mug,afternoon,7,Free Shipping,0
2352,6557.39,Puma Sneakers,evening,3,10% discount,0
2353,10728.61,Wristband|Jacket,night,6,20% discount,1
2354,3827.23,Earbuds,afternoon,4,10% discount,1
2355,12415.03,Jeans|T-Shirt,night,2,20% discount,0
2356,2552.05,Wristband,afternoon,5,Free Shipping,0
2357,9953.77,Puma Sneakers,evening,3,5% discount,0
2358,10595.58,Sports Cap|Adidas Running Shoes,morning,0,Free Shipping,0
2359,5184.61,T-Shirt,evening,2,20% discount,0
2360,16069.79,Earbuds|Cushion,morning,9,10% discount,0
2361,5761.07,Puma Sneakers,afternoon,4,Free Shipping,1
2362,7365.02,Nike Shoes,night,1,Free Shipping,0
2363,3418.33,Jacket,evening,1,20% discount,1
2364,6786.08,Coffee Mug|Wristband,evening,9,20% discount,1
2365,5336.86,Jeans,morning,8,10% discount,1
2366,8795.33,Nike Shoes,evening,6,5% discount,0
2367,19880.83,Phone Case|Puma Sneakers|Coffee Mug,morning,3,Free Shipping,0
2368,15536.42,Jacket|Phone Case,night,7,5% discount,0
2369,5527.94,Nike Shoes|Phone Case,afternoon,5,10% discount,0
2370,3030.7,Jacket,night,8,20% discount,0
2371,2639.06,Jacket,evening,10,20% discount,0
2372,7771.08,Backpack,night,0,10% discount,0
2373,7896.23,Wristband,morning,4,20% discount,0
2374,17679.45,Phone Case|Phone Case,evening,3,Free Shipping,0
2375,1765.95,Adidas Running Shoes,night,4,Free Shipping,0
2376,4204.99,T-Shirt,morning,7,Free Shipping,1
2377,4525.7,Earbuds,morning,4,20% discount,1
2378,5831.09,Backpack,afternoon,1,10% discount,1
2379,1146.85,T-Shirt,afternoon,2,10% discount,0
2380,7922.83,Cushion,morning,7,Free Shipping,1
2381,6289.87,Jeans|Jacket,night,3,Free Shipping,0
2382,19082.48,Earbuds|Sports Cap|Phone Case,night,5,5% discount,0
2383,6602.95,Cushion,evening,7,20% discount,0
2384,8755.13,Phone Case|Coffee Mug,afternoon,9,10% discount,1
2385,11033.77,Wristband|T-Shirt,evening,9,Free Shipping,1
2386,14518.3,Nike Shoes|Nike Shoes|Coffee Mug,evening,5,Free Shipping,1
2387,5747.85,Jeans,evening,8,10% discount,1
2388,9959.55,T-Shirt|T-Shirt,morning,1,Free Shipping,1
2389,6128.38,Coffee Mug,evening,9,10% discount,1
2390,19650.85,Backpack|Nike Shoes|Earbuds,evening,2,10% discount,0
2391,18775.53,Jacket|Wristband,night,7,Free Shipping,1
2392,12878.47,Phone Case|Adidas Running Shoes,morning,6,Free Shipping,0
2393,23945.32,Earbuds|T-Shirt|Phone Case,afternoon,3,20% discount,1
2394,4410.52,Jacket,morning,0,20% discount,1
2395,9233.83,Adidas Running Shoes,afternoon,2,Free Shipping,1
2396,4916.81,Jacket,night,5,20% discount,0
2397,15959.77,Puma Sneakers|Puma Sneakers,morning,9,20% discount,1
2398,12030.8,Adidas Running Shoes|Earbuds,morning,8,20% discount,1
2399,6597.99,Nike Shoes,night,10,5% discount,0
2400,14833.58,Jacket|T-Shirt,night,1,Free Shipping,0
2401,9597.83,Jeans,morning,10,10% discount,0
2402,17217.1,Phone Case|Jeans|Nike Shoes,afternoon,6,20% discount,1
2403,8556.94,Coffee Mug,morning,9,Free Shipping,0
2404,9295.9,Jeans,morning,3,Free Shipping,0
2405,4049.86,Backpack,morning,10,Free Shipping,0
2406,6591.68,Jacket|Puma Sneakers,morning,1,Free Shipping,0
2407,1530.32,Phone Case,evening,2,Free Shipping,0
2408,6945.61,Phone Case,evening,6,10% discount,1
2409,14424.59,Earbuds|Jeans,afternoon,2,5% discount,0
2410,4886.96,Phone Case,night,4,Free Shipping,0
2411,5796.72,Jeans|Backpack,morning,8,20% discount,1
2412,5389.07,Coffee Mug,evening,0,Free Shipping,1
2413,1365.4,Wristband,afternoon,5,Free Shipping,1
2414,3731.86,Wristband,night,5,20% discount,1
2415,1998.84,Wristband,evening,4,5% discount,0
2416,3789.64,Cushion|Phone Case,evening,10,5% discount,0
2417,7744.74,T-Shirt,evening,0,5% discount,0
2418,2714.35,Jeans,evening,9,5% discount,0
2419,13577.9,Cushion|Wristband,morning,9,20% discount,1
2420,8296.05,Phone Case,evening,7,Free Shipping,1
2421,11424.47,Phone Case|Nike Shoes,morning,3,10% discount,0
2422,6623.43,Wristband,morning,3,Free Shipping,0
2423,9172.15,Earbuds,afternoon,10,10% discount,1
2424,9990.92,Puma Sneakers,morning,3,10% discount,1
2425,9357.18,Earbuds|Coffee Mug,morning,0,10% discount,1
2426,5252.41,Wristband|Nike Shoes,evening,8,20% discount,1
2427,6209.76,Adidas Running Shoes,morning,0,20% discount,0
2428,6929.78,Nike Shoes,evening,5,Free Shipping,1
2429,2996.66,Jacket,afternoon,8,Free Shipping,0
2430,11289.28,Backpack|Jacket,morning,4,5% discount,0
2431,9246.09,T-Shirt,evening,4,10% discount,1
2432,9213.84,Nike Shoes,evening,4,20% discount,0
2433,13493.24,T-Shirt|Earbuds,evening,3,Free Shipping,1
2434,1481.43,Earbuds,afternoon,2,20% discount,0
2435,5600.78,Puma Sneakers,evening,10,5% discount,0
2436,12557.36,Jeans|Wristband,evening,8,20% discount,1
2437,2876.0,Puma Sneakers,morning,1,20% discount,0
2438,1094.57,Jeans,morning,9,Free Shipping,0
2439,12604.91,Adidas Running Shoes|Cushion,evening,6,Free Shipping,0
2440,12018.34,Earbuds|Cushion,morning,0,10% discount,0
2441,15487.48,Cushion|T-Shirt,afternoon,3,5% discount,0
2442,8875.39,Nike Shoes,night,3,Free Shipping,1
2443,23008.68,Wristband|Coffee Mug|Earbuds,evening,1,5% discount,1
2444,7385.3,Backpack,night,10,10% discount,1
2445,4221.37,Adidas Running Shoes,morning,2,5% discount,1
2446,1801.52,Nike Shoes,night,6,Free Shipping,0
2447,9281.97,Puma Sneakers,evening,0,Free Shipping,0
2448,2677.64,Jacket,morning,0,10% discount,0
2449,4471.35,Wristband,night,5,5% discount,0
2450,4564.97,T-Shirt,morning,3,Free Shipping,1
2451,9900.77,Jacket|Adidas Running Shoes,evening,5,5% discount,0
2452,5059.63,Backpack,afternoon,2,20% discount,1
2453,1913.55,Phone Case,evening,7,Free Shipping,0
2454,6043.38,Jacket,morning,0,10% discount,1
2455,7679.56,Backpack,night,10,20% discount,1
2456,15282.24,T-Shirt|Nike Shoes|Coffee Mug,afternoon,10,10% discount,0
2457,9221.09,Adidas Running Shoes,morning,10,Free Shipping,0
2458,6232.58,Backpack,afternoon,0,10% discount,0
2459,15524.65,Nike Shoes|Phone Case|Cushion,evening,8,10% discount,1
2460,5933.59,Earbuds,morning,0,10% discount,1
2461,2590.48,Adidas Running Shoes,night,7,5% discount,0
2462,1393.72,Cushion,night,10,10% discount,1
2463,3769.19,Coffee Mug,afternoon,2,10% discount,0
2464,6729.06,Phone Case,night,4,10% discount,0
2465,9560.38,Nike Shoes,morning,8,5% discount,0
2466,3790.87,T-Shirt,morning,6,10% discount,0
2467,13283.92,T-Shirt|Jeans,morning,8,Free Shipping,0
2468,2134.09,Jeans,morning,2,20% discount,0
2469,14510.4,Nike Shoes|Jacket,evening,4,20% discount,1
2470,7705.75,Adidas Running Shoes,morning,4,5% discount,0
2471,14870.96,Phone Case|Puma Sneakers,evening,5,10% discount,0
2472,7893.63,Coffee Mug,afternoon,8,Free Shipping,0
2473,6687.52,Wristband,night,8,Free Shipping,0
2474,7451.92,Jacket,night,6,5% discount,0
2475,14173.93,Earbuds|Adidas Running Shoes|Wristband,afternoon,6,20% discount,0
2476,10495.92,Jacket|Backpack,morning,8,10% discount,0
2477,2590.73,Backpack,evening,1,5% discount,0
2478,9021.74,Phone Case|T-Shirt,evening,0,20% discount,0
2479,11071.63,Nike Shoes|Cushion,afternoon,0,Free Shipping,1
2480,16622.94,Adidas Running Shoes|Nike Shoes|Nike Shoes,evening,6,10% discount,1
2481,3912.71,Jacket,evening,8,20% discount,1
2482,6347.05,Coffee Mug,afternoon,9,Free Shipping,0
2483,4243.59,T-Shirt,afternoon,7,5% discount,0
2484,1204.76,Puma Sneakers,afternoon,8,10% discount,0
2485,9241.43,Sports Cap,night,0,10% discount,1
2486,12955.78,Wristband|Sports Cap,evening,8,5% discount,1
2487,1813.07,Adidas Running Shoes,morning,9,20% discount,0
2488,5857.12,T-Shirt,morning,6,20% discount,0
2489,1079.59,Nike Shoes,night,8,20% discount,0
2490,2165.87,Coffee Mug,evening,10,Free Shipping,0
2491,8753.09,Wristband|Adidas Running Shoes,evening,2,Free Shipping,0
2492,7922.34,Coffee Mug,night,2,10% discount,0
2493,5843.64,Coffee Mug,morning,3,10% discount,1
2494,6194.5,Phone Case|Jacket,night,7,Free Shipping,0
2495,15364.06,Puma Sneakers|Puma Sneakers,night,6,5% discount,0
2496,9830.07,Wristband,morning,10,20% discount,1
2497,3340.08,Backpack,afternoon,0,20% discount,0
2498,11259.4,Puma Sneakers|Nike Shoes,afternoon,8,10% discount,0
2499,7061.43,Jeans,afternoon,6,10% discount,0
2500,5055.88,Coffee Mug,afternoon,2,Free Shipping,0
2501,6792.71,Jeans,evening,5,Free Shipping,0
2502,13730.28,Backpack|Earbuds|Phone Case,afternoon,0,10% discount,1
2503,3510.8,Jeans,morning,7,5% discount,0
2504,4373.09,Backpack,morning,8,5% discount,0
2505,16087.13,Jacket|Coffee Mug|Adidas Running Shoes,night,8,Free Shipping,0
2506,14853.03,Adidas Running Shoes|Earbuds,evening,2,10% discount,1
2507,2901.84,Coffee Mug,evening,10,5% discount,0
2508,5513.66,Cushion|Nike Shoes,night,5,Free Shipping,0
2509,3046.84,Earbuds,morning,3,20% discount,0
2510,9886.83,Earbuds,evening,9,20% discount,0
2511,8326.67,Coffee Mug,morning,8,20% discount,1
2512,6372.06,Adidas Running Shoes,afternoon,5,Free Shipping,1
2513,8408.86,Jacket,afternoon,8,5% discount,0
2514,7153.61,Sports Cap,morning,8,20% discount,0
2515,6650.9,Coffee Mug|Nike Shoes,night,10,10% discount,1
2516,4263.17,Jacket,afternoon,2,Free Shipping,0
2517,4127.03,Jacket,night,4,10% discount,1
2518,4242.56,Cushion,evening,4,5% discount,0
2519,7076.41,Nike Shoes|Jeans,morning,4,5% discount,0
2520,9329.93,Backpack,night,0,Free Shipping,0
2521,14358.21,Jacket|Coffee Mug,night,6,Free Shipping,0
2522,3227.29,Jacket,evening,3,20% discount,0
2523,7881.43,Phone Case,evening,6,20% discount,1
2524,11385.97,Puma Sneakers|Nike Shoes,afternoon,8,10% discount,0
2525,4143.52,Puma Sneakers,afternoon,9,10% discount,1
2526,8380.59,Earbuds,morning,2,10% discount,1
2527,25754.65,Wristband|Sports Cap|Nike Shoes,night,10,Free Shipping,0
2528,9505.37,Phone Case,evening,6,Free Shipping,0
2529,12501.09,Puma Sneakers|Earbuds,night,6,Free Shipping,0
2530,9752.7,Backpack,evening,6,10% discount,1
2531,4912.46,T-Shirt,morning,7,10% discount,1
2532,13407.03,Cushion|Puma Sneakers,evening,2,5% discount,1
2533,9522.31,Cushion,night,8,Free Shipping,0
2534,9493.47,Backpack|Jeans,afternoon,3,20% discount,0
2535,9078.32,Phone Case,evening,7,20% discount,1
2536,6522.27,Wristband,morning,7,10% discount,0
2537,4152.95,Nike Shoes,morning,10,Free Shipping,0
2538,3713.55,Cushion,night,3,5% discount,1
2539,9905.24,Cushion|Phone Case,afternoon,4,Free Shipping,1
2540,8294.11,Adidas Running Shoes,night,4,5% discount,1
2541,24559.65,Earbuds|Phone Case|Cushion,afternoon,9,20% discount,1
2542,21954.49,Sports Cap|Earbuds|Jacket,evening,4,10% discount,0
2543,1774.55,Jeans,evening,3,Free Shipping,0
2544,19472.57,Adidas Running Shoes|Earbuds,afternoon,6,10% discount,0
2545,16457.8,Earbuds|Puma Sneakers|Cushion,morning,0,10% discount,1
2546,15348.5,Coffee Mug|Phone Case|Wristband,night,8,5% discount,1
2547,16922.52,Puma Sneakers|Jacket|T-Shirt,afternoon,0,10% discount,0
2548,20741.54,Adidas Running Shoes|T-Shirt|Nike Shoes,afternoon,6,10% discount,0
2549,8176.45,Coffee Mug|Coffee Mug,afternoon,10,20% discount,1
2550,4528.99,Puma Sneakers|Nike Shoes,night,9,5% discount,0
2551,8964.86,Puma Sneakers|Coffee Mug,morning,9,10% discount,0
2552,1353.26,Wristband,evening,8,Free Shipping,0
2553,3204.68,Coffee Mug,night,7,5% discount,1
2554,12187.06,Jacket|Sports Cap|Coffee Mug,evening,7,Free Shipping,0
2555,10772.48,Phone Case|Backpack,evening,2,5% discount,1
2556,8875.5,Phone Case,night,8,10% discount,1
2557,4313.13,Wristband,morning,7,10% discount,0
2558,5296.23,Adidas Running Shoes,afternoon,6,Free Shipping,0
2559,1516.5,Backpack,afternoon,9,10% discount,0
2560,2568.6,Jeans,morning,4,20% discount,1
2561,11857.48,Coffee Mug|Phone Case,evening,10,5% discount,0
2562,7141.4,Puma Sneakers,afternoon,0,10% discount,1
2563,3431.27,Phone Case,evening,9,20% discount,1
2564,8196.67,Jacket,evening,0,20% discount,0
2565,14255.26,Adidas Running Shoes|Coffee Mug,morning,3,5% discount,0
2566,8680.77,Puma Sneakers,night,5,20% discount,0
2567,1420.54,T-Shirt,night,3,20% discount,0
2568,8051.21,T-Shirt,evening,1,Free Shipping,1
2569,8873.08,Coffee Mug,afternoon,5,5% discount,0
2570,4872.54,Earbuds,afternoon,6,Free Shipping,1
2571,4388.4,Earbuds,afternoon,2,10% discount,1
2572,4000.33,T-Shirt,night,8,5% discount,1
2573,7526.98,Jeans|Earbuds,morning,10,10% discount,0
2574,3569.39,Phone Case,night,4,20% discount,0
2575,3986.92,Wristband|Earbuds,afternoon,2,Free Shipping,0
2576,8235.85,T-Shirt,morning,9,10% discount,1
2577,2216.96,Sports Cap,afternoon,6,Free Shipping,0
2578,4085.82,Sports Cap,morning,9,10% discount,1
2579,12042.76,Wristband|Puma Sneakers,evening,3,Free Shipping,0
2580,4996.4,Adidas Running Shoes,evening,10,10% discount,1
2581,9155.44,Cushion|Coffee Mug,evening,0,5% discount,0
2582,10193.29,Nike Shoes|Adidas Running Shoes,night,4,Free Shipping,0
2583,11558.65,Cushion|Earbuds,morning,5,Free Shipping,0
2584,5380.78,Jacket,afternoon,3,10% discount,0
2585,9752.99,Nike Shoes|Puma Sneakers,afternoon,10,10% discount,1
2586,14330.44,Earbuds|Cushion,morning,0,5% discount,0
2587,12688.7,Adidas Running Shoes|Cushion,night,2,20% discount,1
2588,3020.51,Wristband,afternoon,7,Free Shipping,0
2589,2987.82,Earbuds,night,1,10% discount,0
2590,6017.39,Jacket,evening,5,20% discount,1
2591,5805.76,Wristband,afternoon,3,20% discount,0
2592,6252.74,Cushion|Adidas Running Shoes|Earbuds,evening,4,Free Shipping,0
2593,4609.54,Adidas Running Shoes,evening,6,5% discount,0
2594,13432.93,Coffee Mug|Earbuds|Backpack,afternoon,0,5% discount,0
2595,11622.89,Cushion|Cushion,morning,3,Free Shipping,1
2596,19355.22,Earbuds|Jeans|Puma Sneakers,afternoon,1,Free Shipping,1
2597,1146.08,Jeans,night,0,10% discount,0
2598,7228.52,Nike Shoes,evening,3,10% discount,0
2599,6673.92,Jacket,afternoon,1,10% discount,1
2600,12632.06,Backpack|Nike Shoes,afternoon,8,Free Shipping,0
2601,12779.04,Sports Cap|T-Shirt,evening,1,5% discount,0
2602,6777.81,Nike Shoes,morning,10,20% discount,0
2603,8766.85,Sports Cap|Jeans,night,4,20% discount,1
2604,1984.82,Earbuds,morning,9,5% discount,0
2605,2016.8,Jacket,afternoon,1,20% discount,1
2606,7416.56,Phone Case,afternoon,10,Free Shipping,1
2607,8921.17,Wristband,morning,7,Free Shipping,0
2608,8840.27,Sports Cap,morning,2,5% discount,0
2609,17868.88,Jeans|Adidas Running Shoes,evening,10,Free Shipping,1
2610,19747.44,Jacket|Jeans|Phone Case,afternoon,4,Free Shipping,0
2611,17770.73,Nike Shoes|Nike Shoes,afternoon,10,20% discount,1
2612,3787.75,Nike Shoes,evening,4,10% discount,0
2613,1749.09,Jeans,night,7,Free Shipping,0
2614,15419.25,Cushion|Jacket,morning,10,10% discount,1
2615,1459.74,Adidas Running Shoes,afternoon,3,Free Shipping,0
2616,16498.28,Cushion|Cushion,afternoon,9,20% discount,1
2617,14044.22,Puma Sneakers|Coffee Mug,morning,9,10% discount,1
2618,5729.71,Phone Case,afternoon,2,10% discount,0
2619,4810.79,Adidas Running Shoes,night,10,10% discount,0
2620,1700.62,Jacket,night,6,10% discount,0
2621,10461.76,Backpack|Phone Case,night,2,20% discount,1
2622,10399.85,Jeans|Coffee Mug,night,9,10% discount,1
2623,3374.35,Coffee Mug,evening,4,Free Shipping,0
2624,3860.76,Wristband,evening,6,10% discount,0
2625,8643.86,Backpack,afternoon,10,20% discount,1
2626,8299.1,Adidas Running Shoes,evening,6,20% discount,1
2627,3171.93,T-Shirt,morning,5,5% discount,1
2628,10472.48,Earbuds|Earbuds,night,4,20% discount,0
2629,1502.86,Phone Case,night,4,10% discount,0
2630,17483.12,Coffee Mug|Coffee Mug,evening,7,Free Shipping,0
2631,3288.35,Coffee Mug,night,8,10% discount,0
2632,15532.58,Jacket|Jeans|Nike Shoes,afternoon,1,10% discount,0
2633,16502.68,Coffee Mug|Wristband|Wristband,night,4,5% discount,0
2634,13382.54,Puma Sneakers|Adidas Running Shoes,afternoon,3,Free Shipping,1
2635,8196.17,Cushion|Adidas Running Shoes,afternoon,2,5% discount,1
2636,1870.88,Cushion,morning,1,20% discount,0
2637,3244.67,Sports Cap,evening,2,Free Shipping,0
2638,8409.33,Backpack,night,8,Free Shipping,0
2639,1982.06,Jacket,night,7,5% discount,0
2640,6451.25,Wristband,afternoon,2,10% discount,0
2641,11836.7,Earbuds|Coffee Mug,morning,8,5% discount,0
2642,13408.44,Puma Sneakers|T-Shirt,night,7,5% discount,1
2643,8545.8,Jacket,evening,7,5% discount,1
2644,4668.11,Sports Cap,morning,3,5% discount,1
2645,18235.42,Puma Sneakers|Sports Cap,evening,9,Free Shipping,1
2646,9734.93,Puma Sneakers,afternoon,5,20% discount,0
2647,9132.29,Puma Sneakers|Nike Shoes,morning,5,Free Shipping,0
2648,2112.27,T-Shirt,night,2,10% discount,0
2649,8794.19,Adidas Running Shoes,evening,8,Free Shipping,0
2650,4374.55,Coffee Mug|T-Shirt,evening,0,Free Shipping,0
2651,12767.28,Adidas Running Shoes|Jeans|Nike Shoes,afternoon,10,Free Shipping,0
2652,5371.46,Jacket,evening,7,Free Shipping,0
2653,2469.08,Wristband,evening,1,5% discount,0
2654,3262.39,T-Shirt,morning,2,20% discount,1
2655,7928.02,Cushion,evening,0,20% discount,1
2656,14762.13,Cushion|Backpack,morning,4,Free Shipping,0
2657,11374.59,Cushion|Wristband|Earbuds,evening,0,Free Shipping,1
2658,4523.51,Coffee Mug,evening,7,Free Shipping,1
2659,5400.53,Earbuds,night,1,Free Shipping,0
2660,5626.06,Coffee Mug,morning,3,10% discount,1
2661,3396.79,T-Shirt,evening,7,5% discount,0
2662,1889.85,Jacket,night,0,Free Shipping,0
2663,5364.45,Cushion|Jacket,evening,4,Free Shipping,0
2664,12268.08,Adidas Running Shoes|Earbuds,night,6,10% discount,0
2665,7284.56,Wristband|Jeans,afternoon,6,Free Shipping,1
2666,1312.03,Coffee Mug,afternoon,2,20% discount,1
2667,3795.77,Cushion,afternoon,10,5% discount,0
2668,3725.95,Sports Cap,evening,7,Free Shipping,1
2669,6999.73,Jacket|Phone Case,morning,5,20% discount,1
2670,6237.95,Backpack,morning,2,5% discount,1
2671,14816.03,Cushion|Nike Shoes,night,7,20% discount,0
2672,4517.65,Earbuds,evening,7,Free Shipping,0
2673,14959.73,Nike Shoes|Phone Case|Jeans,morning,0,Free Shipping,0
2674,16092.27,Coffee Mug|Cushion|Cushion,night,9,Free Shipping,0
2675,3435.09,Jacket,afternoon,6,10% discount,0
2676,2922.73,Phone Case,evening,4,Free Shipping,0
2677,7292.93,Sports Cap,morning,7,20% discount,1
2678,1092.51,Jacket,morning,10,5% discount,0
2679,11039.33,Jacket|Cushion,afternoon,4,10% discount,0
2680,9054.73,Puma Sneakers,afternoon,4,20% discount,1
2681,12414.78,Wristband|Wristband,morning,4,10% discount,1
2682,16658.05,Cushion|Earbuds,evening,2,5% discount,0
2683,4148.57,Sports Cap,afternoon,6,10% discount,0
2684,5135.04,Jeans,evening,8,5% discount,0
2685,4102.27,Backpack,night,0,5% discount,0
2686,14632.96,Coffee Mug|Phone Case,morning,9,10% discount,1
2687,10621.04,Cushion|Earbuds,afternoon,7,Free Shipping,0
2688,7674.37,Wristband,afternoon,7,10% discount,1
2689,7088.48,Phone Case,morning,3,10% discount,0
2690,7287.37,Adidas Running Shoes,evening,7,5% discount,1
2691,9056.34,Backpack,afternoon,3,Free Shipping,1
2692,22913.25,Nike Shoes|T-Shirt|Cushion,evening,0,10% discount,1
2693,13913.24,Earbuds|Earbuds,afternoon,1,5% discount,0
2694,15772.98,Earbuds|Earbuds,morning,6,Free Shipping,1
2695,15030.4,T-Shirt|Sports Cap,night,0,5% discount,0
2696,2470.1,Sports Cap,night,9,5% discount,0
2697,7132.67,Phone Case|Jeans,morning,1,Free Shipping,0
2698,6460.77,Puma Sneakers|Sports Cap,evening,4,Free Shipping,0
2699,21349.63,Phone Case|Adidas Running Shoes|Sports Cap,night,3,Free Shipping,0
2700,12566.08,Jacket|Nike Shoes,evening,3,5% discount,0
2701,2378.81,Phone Case,night,0,Free Shipping,0
2702,3103.06,Cushion,afternoon,3,Free Shipping,0
2703,9208.25,Phone Case,afternoon,0,20% discount,1
2704,8165.67,Adidas Running Shoes,night,5,5% discount,1
2705,9088.68,Nike Shoes,afternoon,9,10% discount,0
2706,1202.02,Backpack,night,2,Free Shipping,0
2707,5586.83,Nike Shoes|Backpack,evening,7,Free Shipping,0
2708,3682.03,Earbuds,evening,1,5% discount,0
2709,5052.44,Backpack|Jacket,morning,3,5% discount,0
2710,7469.98,Puma Sneakers,afternoon,8,20% discount,1
2711,12750.49,Backpack|Earbuds,evening,6,Free Shipping,0
2712,8428.91,Puma Sneakers,evening,9,Free Shipping,1
2713,13344.46,Jacket|Earbuds,evening,2,Free Shipping,0
2714,8712.66,Puma Sneakers,evening,8,Free Shipping,0
2715,16754.86,Phone Case|Wristband|Wristband,afternoon,3,5% discount,0
2716,10893.01,Earbuds|Adidas Running Shoes,morning,6,10% discount,1
2717,25634.2,Nike Shoes|Phone Case|Jeans,morning,3,Free Shipping,0
2718,5803.68,Jacket,night,7,5% discount,0
2719,4577.51,Jeans,evening,6,20% discount,0
2720,13021.26,Cushion|Adidas Running Shoes,morning,8,Free Shipping,0
2721,6229.95,Jacket,afternoon,3,20% discount,1
2722,4731.74,Coffee Mug,evening,9,10% discount,0
2723,16624.9,Wristband|Jacket,evening,5,20% discount,1
2724,7327.92,Adidas Running Shoes,evening,4,10% discount,1
2725,9050.7,Sports Cap,night,2,20% discount,0
2726,16394.93,Puma Sneakers|Cushion|Jeans,evening,5,Free Shipping,0
2727,2860.33,Jacket,morning,2,5% discount,0
2728,10520.61,Wristband|Cushion,night,2,Free Shipping,0
2729,9663.95,Puma Sneakers,morning,0,10% discount,1
2730,9839.67,T-Shirt|Cushion,night,6,10% discount,0
2731,1845.94,Jeans,evening,7,20% discount,0
2732,9937.01,Jeans,afternoon,6,10% discount,0
2733,2970.71,Backpack,night,3,5% discount,0
2734,12692.32,Cushion|Nike Shoes,evening,5,5% discount,0
2735,7626.24,Jacket,afternoon,0,10% discount,1
2736,7271.88,Wristband,morning,4,5% discount,0
2737,10808.08,Cushion|Coffee Mug,night,6,Free Shipping,1
2738,7132.97,Wristband|Earbuds,evening,3,20% discount,1
2739,6336.87,Backpack,afternoon,5,20% discount,1
2740,7898.15,T-Shirt,afternoon,0,5% discount,1
2741,6458.61,Adidas Running Shoes,night,2,10% discount,1
2742,11083.13,Earbuds|T-Shirt,evening,3,5% discount,0
2743,8439.98,Coffee Mug,evening,9,10% discount,0
2744,8211.52,Cushion|Jacket,morning,10,5% discount,0
2745,3161.02,Earbuds,night,10,Free Shipping,0
2746,10237.68,Earbuds|Nike Shoes,evening,1,Free Shipping,1
2747,9513.66,Coffee Mug,night,9,20% discount,0
2748,14031.18,Puma Sneakers|Backpack|T-Shirt,night,3,Free Shipping,0
2749,13026.91,Earbuds|Jeans,afternoon,9,Free Shipping,0
2750,5840.31,Phone Case,morning,5,20% discount,1
2751,14016.02,Cushion|Earbuds,evening,3,10% discount,0
2752,8222.82,Jacket,night,9,10% discount,1
2753,14054.13,Earbuds|Backpack,afternoon,3,10% discount,0
2754,18507.47,T-Shirt|Backpack|Sports Cap,evening,0,20% discount,1
2755,6854.59,Coffee Mug,afternoon,5,Free Shipping,0
2756,5342.15,Jeans,evening,2,5% discount,0
2757,6115.49,Coffee Mug,evening,4,Free Shipping,0
2758,20775.37,T-Shirt|Earbuds|Earbuds,night,2,Free Shipping,1
2759,1581.84,Backpack,night,2,Free Shipping,0
2760,4211.86,Backpack,evening,0,Free Shipping,0
2761,18532.89,Phone Case|Backpack|Adidas Running Shoes,morning,5,Free Shipping,0
2762,5657.63,T-Shirt,evening,9,10% discount,1
2763,6338.16,Cushion,night,1,5% discount,0
2764,8329.6,Cushion|Coffee Mug,morning,0,5% discount,1
2765,2310.05,Earbuds,evening,4,5% discount,0
2766,4716.35,Adidas Running Shoes,night,6,Free Shipping,0
2767,11079.9,Cushion|Sports Cap,afternoon,1,5% discount,0
2768,4144.56,T-Shirt,night,0,Free Shipping,1
2769,9264.26,Jeans,night,4,5% discount,1
2770,12382.98,Coffee Mug|Backpack,night,4,5% discount,0
2771,2861.42,Jeans,afternoon,8,10% discount,0
2772,5149.17,Cushion,evening,1,10% discount,1
2773,11425.31,Coffee Mug|Jeans,night,3,10% discount,0
2774,12868.81,Cushion|Jacket,afternoon,4,Free Shipping,0
2775,8254.61,Cushion,afternoon,1,Free Shipping,1
2776,13073.23,Sports Cap|Earbuds,night,9,Free Shipping,0
2777,9296.12,Phone Case|Cushion,night,6,20% discount,0
2778,4231.41,Nike Shoes,night,4,Free Shipping,1
2779,8840.22,Earbuds,night,5,20% discount,0
2780,15648.5,Phone Case|Adidas Running Shoes,afternoon,10,10% discount,0
2781,19042.38,Puma Sneakers|Earbuds|Wristband,night,2,10% discount,1
2782,7759.48,Cushion|Adidas Running Shoes,afternoon,7,Free Shipping,1
2783,8117.49,Nike Shoes,night,9,10% discount,0
2784,8103.85,Nike Shoes,night,9,5% discount,0
2785,7955.3,Sports Cap,afternoon,3,10% discount,1
2786,5670.17,Jeans,afternoon,1,5% discount,0
2787,5852.02,Jacket|Nike Shoes,evening,4,Free Shipping,0
2788,7403.84,Coffee Mug,morning,8,10% discount,0
2789,13207.94,Cushion|Backpack,morning,6,Free Shipping,1
2790,7863.43,Earbuds|Adidas Running Shoes,evening,8,20% discount,1
2791,6546.1,Jacket,evening,8,Free Shipping,1
2792,9439.65,Earbuds,evening,10,5% discount,1
2793,8634.27,Nike Shoes,night,10,20% discount,1
2794,6520.19,Cushion,night,7,Free Shipping,0
2795,7231.21,Jeans,evening,5,20% discount,0
2796,18045.73,Wristband|Jacket|Backpack,evening,10,Free Shipping,0
2797,5776.15,Phone Case,morning,10,10% discount,1
2798,8539.8,Jacket,morning,10,20% discount,1
2799,1564.21,Adidas Running Shoes,morning,8,20% discount,0
2800,3016.06,Backpack,afternoon,4,10% discount,1
2801,18531.34,Puma Sneakers|Sports Cap|Phone Case,afternoon,6,Free Shipping,0
2802,10632.65,Jeans|Coffee Mug,evening,3,10% discount,0
2803,3885.41,Earbuds,morning,5,20% discount,1
2804,1034.94,Sports Cap,evening,1,10% discount,1
2805,6149.99,Jeans,evening,6,Free Shipping,1
2806,18555.65,Jacket|Jacket|Wristband,afternoon,4,20% discount,1
2807,6133.45,Earbuds,night,0,20% discount,0
2808,3959.99,Coffee Mug,night,9,Free Shipping,1
2809,3063.66,Coffee Mug,morning,1,20% discount,0
2810,9734.41,Earbuds|Sports Cap|Cushion,morning,6,10% discount,1
2811,10619.79,Puma Sneakers|Coffee Mug,night,3,10% discount,0
2812,8883.98,T-Shirt,evening,4,10% discount,0
2813,1975.77,Earbuds,evening,1,20% discount,1
2814,6457.59,Phone Case,evening,10,5% discount,0
2815,9561.74,Wristband|Backpack,afternoon,3,Free Shipping,1
2816,4311.73,Cushion,morning,7,10% discount,0
2817,4362.98,Cushion,morning,4,Free Shipping,0
2818,10547.88,Earbuds|Wristband,afternoon,1,Free Shipping,1
2819,13372.81,Adidas Running Shoes|Cushion|Coffee Mug,night,3,5% discount,0
2820,10649.53,Coffee Mug|Backpack|T-Shirt,afternoon,7,Free Shipping,0
2821,7089.89,Backpack,evening,0,10% discount,1
2822,8205.82,Cushion,night,6,Free Shipping,0
2823,5427.44,Wristband|Jacket,night,2,Free Shipping,1
2824,8870.16,T-Shirt,morning,4,5% discount,0
2825,11017.08,Sports Cap|Backpack,morning,3,10% discount,1
2826,15855.12,Phone Case|Jacket|Cushion,evening,10,5% discount,0
2827,11148.05,T-Shirt|Nike Shoes,afternoon,1,20% discount,1
2828,7009.19,Sports Cap,morning,9,20% discount,1
2829,2596.57,Wristband,night,6,Free Shipping,0
2830,9895.56,Jeans,morning,0,5% discount,1
2831,7665.91,Wristband,morning,4,20% discount,0
2832,9572.27,Cushion,evening,4,5% discount,0
2833,8275.22,Cushion,night,7,Free Shipping,1
2834,10338.77,Backpack|T-Shirt,evening,6,20% discount,0
2835,5429.85,Phone Case,afternoon,8,Free Shipping,1
2836,12779.25,Wristband|Nike Shoes|Cushion,morning,3,5% discount,0
2837,13701.48,Earbuds|Phone Case,evening,10,Free Shipping,1
2838,8648.13,Phone Case,night,5,10% discount,0
2839,7336.21,Coffee Mug,evening,6,Free Shipping,1
2840,5163.35,Cushion,afternoon,9,5% discount,1
2841,17177.36,Puma Sneakers|Puma Sneakers,morning,4,10% discount,0
2842,3770.21,Cushion,afternoon,10,20% discount,1
2843,10555.37,Nike Shoes|Wristband,morning,2,10% discount,0
2844,19659.57,Cushion|Coffee Mug|Coffee Mug,morning,8,5% discount,1
2845,3989.33,Jacket,afternoon,8,10% discount,0
2846,14018.36,Jacket|Nike Shoes,evening,7,10% discount,0
2847,8939.05,Backpack,night,3,20% discount,1
2848,6626.39,Sports Cap,morning,0,10% discount,0
2849,3879.04,Nike Shoes,afternoon,2,10% discount,1
2850,9210.02,Coffee Mug,afternoon,8,Free Shipping,1
2851,9348.79,Jacket|Nike Shoes,evening,7,5% discount,0
2852,2766.08,Adidas Running Shoes,morning,9,5% discount,0
2853,9715.84,Jeans,night,5,10% discount,0
2854,10267.69,Puma Sneakers|Coffee Mug,morning,6,5% discount,0
2855,13042.01,Backpack|Backpack,morning,0,Free Shipping,0
2856,6966.77,Backpack|Backpack,night,8,Free Shipping,0
2857,12816.35,Coffee Mug|Earbuds,night,9,10% discount,0
2858,7763.31,Nike Shoes,morning,0,10% discount,1
2859,4030.68,Wristband,afternoon,3,5% discount,0
2860,6679.26,Sports Cap|Jacket,morning,10,10% discount,0
2861,9693.12,Earbuds,evening,3,Free Shipping,1
2862,14222.79,Earbuds|Wristband,afternoon,8,20% discount,0
2863,9853.08,Sports Cap,afternoon,6,5% discount,1
2864,8688.07,Adidas Running Shoes,night,10,20% discount,1
2865,1548.09,Jacket,evening,3,Free Shipping,0
2866,7984.99,T-Shirt,afternoon,7,5% discount,0
2867,9426.68,Jacket,evening,9,Free Shipping,0
2868,13043.5,Adidas Running Shoes|Cushion,afternoon,0,Free Shipping,1
2869,3274.66,Cushion,afternoon,1,10% discount,1
2870,1442.58,Jeans,afternoon,2,Free Shipping,0
2871,7287.77,Wristband,afternoon,9,10% discount,1
2872,14274.34,Nike Shoes|Jacket,afternoon,8,5% discount,0
2873,8629.44,Backpack,evening,5,10% discount,0
2874,2079.85,Cushion,evening,9,10% discount,0
2875,9089.09,Jacket,afternoon,9,Free Shipping,1
2876,1085.58,Phone Case,evening,5,20% discount,0
2877,1189.91,Wristband,morning,9,20% discount,0
2878,1211.51,Coffee Mug,night,8,Free Shipping,0
2879,1982.25,Earbuds,night,10,10% discount,0
2880,13360.47,Adidas Running Shoes|Adidas Running Shoes,evening,7,10% discount,1
2881,12179.38,Wristband|Jeans,night,7,10% discount,1
2882,3934.08,Earbuds,evening,8,10% discount,1
2883,6724.77,Coffee Mug|Coffee Mug,night,9,10% discount,1
2884,3535.75,Earbuds,evening,7,10% discount,0
2885,5407.34,Earbuds,afternoon,8,20% discount,1
2886,4418.4,Backpack,evening,9,10% discount,0
2887,7619.92,Wristband,evening,10,Free Shipping,0
2888,8015.9,Wristband,morning,9,Free Shipping,0
2889,12079.93,Jacket|Nike Shoes|Puma Sneakers,morning,0,10% discount,1
2890,14471.99,Jacket|Earbuds,evening,1,5% discount,1
2891,1943.79,Puma Sneakers,evening,6,Free Shipping,1
2892,2127.35,Jeans,evening,9,10% discount,1
2893,8929.4,Puma Sneakers|Puma Sneakers,morning,9,20% discount,1
2894,6598.51,Wristband,night,7,Free Shipping,1
2895,8563.47,T-Shirt,evening,4,20% discount,1
2896,12527.06,Puma Sneakers|Cushion,morning,1,10% discount,1
2897,19569.79,Jeans|Backpack|Coffee Mug,night,4,20% discount,1
2898,5554.38,Nike Shoes|T-Shirt,night,4,20% discount,0
2899,11332.0,Earbuds|Wristband,morning,8,10% discount,1
2900,9846.57,Jeans,evening,3,Free Shipping,0
2901,4952.74,Backpack,evening,9,5% discount,0
2902,1803.44,Jacket,night,8,10% discount,0
2903,4325.96,Sports Cap,morning,8,20% discount,1
2904,9434.41,Jeans|Jeans,afternoon,8,5% discount,0
2905,14779.59,Wristband|Phone Case,afternoon,5,Free Shipping,0
2906,21259.88,Sports Cap|Cushion|Sports Cap,afternoon,4,Free Shipping,0
2907,8370.63,Sports Cap,night,9,10% discount,0
2908,4322.36,Earbuds,afternoon,10,10% discount,1
2909,4273.54,Sports Cap,night,4,10% discount,1
2910,5443.56,Wristband,afternoon,1,5% discount,0
2911,9549.28,Earbuds|Phone Case,night,6,10% discount,0
2912,9405.98,Cushion,morning,9,10% discount,0
2913,4321.93,Jeans,evening,6,5% discount,0
2914,5571.66,Wristband,evening,3,5% discount,0
2915,5775.94,Nike Shoes,night,10,10% discount,0
2916,1886.71,Coffee Mug,night,6,20% discount,1
2917,3473.21,Phone Case,afternoon,8,5% discount,1
2918,4347.52,Backpack,afternoon,5,Free Shipping,0
2919,6466.04,Backpack,night,9,20% discount,0
2920,12380.7,Coffee Mug|Nike Shoes,morning,0,20% discount,1
2921,1200.18,Sports Cap,morning,7,20% discount,1
2922,1401.83,Earbuds,afternoon,9,Free Shipping,1
2923,4410.53,T-Shirt|Wristband,afternoon,5,10% discount,0
2924,6069.8,Jacket,afternoon,9,Free Shipping,1
2925,9623.75,Cushion,evening,1,5% discount,0
2926,6367.86,Earbuds,evening,10,10% discount,0
2927,4955.49,Wristband|Puma Sneakers,night,5,5% discount,0
2928,2737.38,Backpack,morning,2,5% discount,0
2929,5124.47,Earbuds,evening,8,5% discount,0
2930,9952.27,Jacket|Adidas Running Shoes,morning,9,10% discount,0
2931,1523.81,Wristband,evening,5,20% discount,1
2932,7323.16,Cushion,morning,7,5% discount,0
2933,3885.11,T-Shirt,night,10,Free Shipping,0
2934,15437.85,T-Shirt|Jacket,afternoon,8,20% discount,1
2935,17646.76,Backpack|Jacket|Jeans,afternoon,0,20% discount,0
2936,1620.5,Phone Case,afternoon,9,20% discount,0
2937,8796.68,Wristband,evening,7,5% discount,0
2938,13974.35,Phone Case|Nike Shoes,afternoon,0,10% discount,1
2939,13565.52,T-Shirt|Jeans,night,5,20% discount,1
2940,9962.28,Wristband,afternoon,7,20% discount,0
2941,11818.17,Cushion|Nike Shoes,afternoon,2,5% discount,0
2942,11555.5,Nike Shoes|Phone Case,night,0,Free Shipping,0
2943,9167.74,Wristband,afternoon,9,20% discount,1
2944,20899.12,Cushion|Jeans|Puma Sneakers,afternoon,7,5% discount,0
2945,13931.72,Wristband|Jeans,afternoon,0,10% discount,0
2946,4624.99,Coffee Mug,night,8,Free Shipping,0
2947,19959.05,Jacket|Jacket|Sports Cap,evening,2,5% discount,0
2948,15327.98,Cushion|Backpack|Earbuds,morning,7,5% discount,0
2949,3202.56,Earbuds|Coffee Mug,morning,0,10% discount,1
2950,5814.74,Cushion|Cushion,morning,8,5% discount,1
2951,25942.45,Phone Case|Jeans|Sports Cap,night,5,10% discount,1
2952,10896.41,Cushion|Wristband,night,4,20% discount,1
2953,18411.42,Adidas Running Shoes|Adidas Running Shoes|Wristband,morning,2,Free Shipping,0
2954,7311.26,Adidas Running Shoes,afternoon,7,20% discount,0
2955,4728.42,Adidas Running Shoes,evening,8,Free Shipping,0
2956,12764.92,Backpack|Jacket|Jeans,night,10,20% discount,1
2957,7500.25,Nike Shoes,night,6,Free Shipping,0
2958,19418.76,Earbuds|Adidas Running Shoes|Nike Shoes,afternoon,2,10% discount,0
2959,5736.61,Cushion,evening,9,5% discount,1
2960,2266.96,Nike Shoes,night,1,5% discount,0
2961,11295.78,T-Shirt|Backpack,morning,3,20% discount,1
2962,9613.81,Phone Case|Sports Cap|Puma Sneakers,afternoon,6,5% discount,0
2963,1357.82,Jacket,evening,6,Free Shipping,0
2964,9547.19,Nike Shoes,evening,9,Free Shipping,0
2965,18143.84,Nike Shoes|Wristband,afternoon,9,5% discount,0
2966,12115.01,Wristband|Backpack|Cushion,evening,0,10% discount,0
2967,6155.41,Earbuds,afternoon,0,Free Shipping,0
2968,12105.26,Coffee Mug|Puma Sneakers,afternoon,0,10% discount,0
2969,17005.55,Wristband|Sports Cap,afternoon,1,20% discount,0
2970,10192.4,Jeans|Phone Case,evening,1,20% discount,0
2971,2820.6,Phone Case,afternoon,5,20% discount,0
2972,10893.82,Earbuds|Phone Case|Wristband,night,0,10% discount,0
2973,13455.37,Earbuds|Earbuds,afternoon,7,Free Shipping,0
2974,4183.57,Backpack,night,3,10% discount,0
2975,8110.54,Jeans|Backpack|Coffee Mug,night,2,10% discount,0
2976,4477.19,Cushion,afternoon,10,5% discount,0
2977,2670.45,Earbuds,evening,8,20% discount,0
2978,11400.33,Cushion|Coffee Mug,morning,1,Free Shipping,0
2979,10433.21,Phone Case|Earbuds,morning,8,Free Shipping,0
2980,7136.09,Phone Case,evening,0,10% discount,1
2981,1699.24,Backpack,afternoon,2,20% discount,0
2982,13394.29,Puma Sneakers|Earbuds,morning,0,10% discount,0
2983,11676.08,Cushion|Nike Shoes,afternoon,3,10% discount,0
2984,14779.17,Wristband|Earbuds|Cushion,evening,10,Free Shipping,0
2985,6103.68,Phone Case,evening,1,20% discount,1
2986,15907.15,T-Shirt|Coffee Mug,afternoon,3,20% discount,1
2987,1571.18,Nike Shoes,afternoon,4,10% discount,0
2988,1010.36,Adidas Running Shoes,evening,10,20% discount,0
2989,6590.0,Adidas Running Shoes,night,8,10% discount,0
2990,4942.35,Nike Shoes,evening,2,20% discount,0
2991,7462.72,Nike Shoes,evening,9,Free Shipping,0
2992,5844.23,Jeans|Cushion,night,1,5% discount,1
2993,3279.61,Adidas Running Shoes,night,10,Free Shipping,0
2994,9922.74,Phone Case,morning,4,5% discount,0
2995,9076.83,Jacket,afternoon,7,5% discount,0
2996,7815.42,T-Shirt,morning,8,Free Shipping,0
2997,2214.8,Backpack,morning,0,5% discount,0
2998,2381.83,Earbuds,morning,5,Free Shipping,0
2999,7715.76,Nike Shoes,night,8,Free Shipping,0
3000,10775.84,Nike Shoes|Cushion,night,4,10% discount,0
3001,5399.18,Phone Case,evening,4,Free Shipping,1
3002,7005.07,Phone Case|Puma Sneakers,night,8,20% discount,0
3003,8370.71,Jeans,evening,1,10% discount,1
3004,12788.07,Puma Sneakers|Sports Cap|Adidas Running Shoes,afternoon,5,Free Shipping,0
3005,19007.51,Phone Case|Earbuds,morning,2,Free Shipping,0
3006,9639.99,Cushion,morning,6,Free Shipping,0
3007,7407.18,Nike Shoes,afternoon,4,10% discount,1
3008,6516.61,Coffee Mug,evening,7,Free Shipping,0
3009,8714.77,Cushion,evening,10,10% discount,0
3010,10870.51,Earbuds|T-Shirt,morning,5,5% discount,0
3011,18813.25,Earbuds|Cushion|Backpack,evening,1,20% discount,0
3012,9027.96,T-Shirt|T-Shirt|Coffee Mug,evening,4,5% discount,0
3013,7289.83,Jacket,afternoon,0,Free Shipping,0
3014,7468.46,Puma Sneakers,evening,9,10% discount,0
3015,9658.95,Backpack,night,0,10% discount,0
3016,4423.57,Backpack,afternoon,8,10% discount,0
3017,7944.79,Coffee Mug|Sports Cap,night,1,5% discount,0
3018,7827.75,Wristband|Adidas Running Shoes,evening,4,5% discount,0
3019,5627.26,Jacket,evening,3,20% discount,0
3020,6396.97,Phone Case,afternoon,2,10% discount,1
3021,9050.19,T-Shirt,night,7,5% discount,0
3022,8055.61,T-Shirt,evening,5,10% discount,0
3023,1233.62,Sports Cap,afternoon,9,10% discount,0
3024,2116.19,Backpack,evening,9,10% discount,0
3025,2607.66,Cushion,afternoon,9,5% discount,0
3026,5625.54,Nike Shoes|Cushion,evening,1,Free Shipping,0
3027,4684.21,Earbuds,night,9,5% discount,1
3028,2894.15,Jeans,night,7,Free Shipping,1
3029,10757.85,Wristband|Sports Cap,morning,4,10% discount,0
3030,10028.65,Sports Cap|Nike Shoes|Earbuds,evening,5,20% discount,1
3031,9586.08,Puma Sneakers,morning,6,5% discount,0
3032,7820.12,Adidas Running Shoes,evening,0,10% discount,0
3033,1606.9,Cushion,evening,10,20% discount,0
3034,4674.54,Adidas Running Shoes,night,7,Free Shipping,0
3035,16653.95,Jacket|Phone Case|Earbuds,evening,7,20% discount,1
3036,8527.56,Phone Case|Sports Cap,morning,5,5% discount,0
3037,7958.07,Nike Shoes|T-Shirt,night,3,Free Shipping,0
3038,19433.57,Jeans|Earbuds|Nike Shoes,afternoon,6,10% discount,1
3039,10923.9,Cushion|Earbuds,night,8,Free Shipping,0
3040,6224.64,Coffee Mug,afternoon,0,20% discount,0
3041,7382.66,Puma Sneakers|Coffee Mug,night,10,10% discount,0
3042,8185.86,Coffee Mug,afternoon,5,Free Shipping,0
3043,14195.7,Wristband|Adidas Running Shoes,night,9,10% discount,0
3044,3752.66,Coffee Mug,night,2,10% discount,1
3045,9441.52,Jacket,evening,0,10% discount,1
3046,9398.76,Cushion|Backpack,night,3,10% discount,1
3047,16626.45,Jacket|Backpack|Wristband,afternoon,8,10% discount,0
3048,1818.73,Earbuds,afternoon,9,20% discount,1
3049,8706.89,Puma Sneakers,evening,4,Free Shipping,0
3050,10026.62,Adidas Running Shoes|Puma Sneakers,night,2,10% discount,0
3051,9021.81,Jeans,morning,6,Free Shipping,0
3052,7986.0,Backpack,night,1,Free Shipping,1
3053,11738.04,Puma Sneakers|Cushion|Jeans,morning,1,Free Shipping,0
3054,6067.04,Phone Case|Phone Case,morning,5,10% discount,1
3055,9183.37,Adidas Running Shoes,evening,4,10% discount,1
3056,6003.31,Cushion,morning,7,5% discount,0
3057,13932.18,Adidas Running Shoes|Phone Case,evening,9,Free Shipping,0
3058,8511.9,Puma Sneakers,morning,1,20% discount,1
3059,8392.38,Nike Shoes,night,8,5% discount,1
3060,5140.13,Cushion,morning,7,5% discount,0
3061,19565.47,Phone Case|Phone Case|Cushion,afternoon,8,20% discount,0
3062,1411.22,Wristband,morning,4,10% discount,1
3063,10304.16,Cushion|Jeans,evening,2,Free Shipping,0
3064,1263.63,T-Shirt,afternoon,10,10% discount,0
3065,15343.9,Cushion|Earbuds|Cushion,evening,0,10% discount,1
3066,5899.67,Jeans|Earbuds,night,6,10% discount,1
3067,9541.23,Earbuds|Sports Cap,afternoon,1,20% discount,1
3068,13920.81,Adidas Running Shoes|Cushion|Adidas Running Shoes,afternoon,4,20% discount,0
3069,8531.96,Puma Sneakers|Earbuds,night,3,Free Shipping,0
3070,5551.73,Coffee Mug,evening,3,10% discount,1
3071,18715.51,Sports Cap|Coffee Mug,night,2,Free Shipping,0
3072,7612.61,Cushion,morning,2,20% discount,1
3073,6592.1,Nike Shoes,morning,2,5% discount,0
3074,15062.9,Phone Case|Puma Sneakers,night,2,Free Shipping,0
3075,5625.57,Jacket|Backpack,afternoon,6,Free Shipping,0
3076,12128.23,Jeans|Earbuds,night,1,20% discount,1
3077,13703.76,Cushion|Jacket,evening,8,10% discount,0
3078,7987.82,Phone Case,afternoon,2,10% discount,0
3079,7594.28,Cushion,morning,3,5% discount,0
3080,2363.91,Earbuds,night,7,Free Shipping,1
3081,1483.84,Coffee Mug,evening,9,20% discount,1
3082,5403.0,Sports Cap,evening,0,Free Shipping,0
3083,10170.08,Backpack|Jeans,evening,0,Free Shipping,0
3084,2006.24,Cushion,night,0,10% discount,0
3085,7086.98,Earbuds,morning,8,20% discount,1
3086,8359.7,Adidas Running Shoes|Jeans,night,2,10% discount,1
3087,10219.21,Puma Sneakers|Earbuds,night,4,Free Shipping,1
3088,12984.29,Phone Case|Wristband,afternoon,3,Free Shipping,1
3089,7834.23,Jacket,evening,4,Free Shipping,0
3090,3651.72,Coffee Mug,morning,6,Free Shipping,0
3091,1516.38,Adidas Running Shoes,morning,6,Free Shipping,0
3092,8817.04,Earbuds,night,4,10% discount,1
3093,3138.25,Jacket,afternoon,1,20% discount,0
3094,1125.34,Cushion,morning,3,Free Shipping,0
3095,3001.06,Adidas Running Shoes,evening,9,10% discount,1
3096,15646.32,Coffee Mug|Jeans,evening,6,5% discount,0
3097,1243.41,Wristband,afternoon,2,Free Shipping,0
3098,11463.53,Puma Sneakers|Jacket|Puma Sneakers,afternoon,0,10% discount,0
3099,16283.86,Cushion|Earbuds,evening,10,Free Shipping,0
3100,17338.06,Phone Case|Backpack|Jeans,evening,3,10% discount,1
3101,12153.71,Nike Shoes|Cushion,evening,0,10% discount,0
3102,5402.76,Jacket,afternoon,7,10% discount,1
3103,9987.28,Cushion,evening,10,Free Shipping,0
3104,9724.51,Coffee Mug,afternoon,2,Free Shipping,0
3105,4826.8,Nike Shoes,night,9,5% discount,0
3106,9070.47,Coffee Mug,morning,7,5% discount,1
3107,7799.22,Coffee Mug,night,10,10% discount,0
3108,13574.84,Jeans|Coffee Mug,evening,0,Free Shipping,1
3109,3342.06,Sports Cap,night,10,5% discount,0
3110,7631.02,Adidas Running Shoes,night,8,20% discount,1
3111,12063.16,Jacket|Coffee Mug,evening,0,20% discount,1
3112,9042.92,Jacket,night,9,5% discount,1
3113,4797.03,Puma Sneakers,evening,4,20% discount,1
3114,11397.99,Cushion|Backpack,morning,6,10% discount,1
3115,4966.46,Coffee Mug|Phone Case,evening,7,10% discount,1
3116,9545.9,Sports Cap,evening,8,20% discount,0
3117,9286.42,Sports Cap,evening,7,20% discount,1
3118,4845.86,Earbuds,morning,6,20% discount,0
3119,1152.71,Coffee Mug,night,4,10% discount,0
3120,7232.24,Earbuds,night,6,5% discount,0
3121,6444.47,Sports Cap,night,9,10% discount,0
3122,4166.29,Jeans,evening,7,5% discount,0
3123,13054.1,Adidas Running Shoes|Earbuds,evening,7,10% discount,0
3124,7827.09,Earbuds,morning,0,10% discount,0
3125,6800.77,Coffee Mug,morning,1,10% discount,0
3126,8549.0,Sports Cap,night,2,20% discount,0
3127,12641.52,Puma Sneakers|Cushion,night,0,10% discount,1
3128,2353.93,Cushion|Coffee Mug,evening,4,5% discount,1
3129,6154.83,Sports Cap|Nike Shoes,afternoon,0,Free Shipping,1
3130,9508.34,Puma Sneakers,night,3,10% discount,1
3131,5228.97,Jeans,night,1,10% discount,0
3132,7380.86,Jeans,night,6,Free Shipping,0
3133,3808.52,Coffee Mug,afternoon,4,20% discount,1
3134,10360.12,T-Shirt|Phone Case,morning,4,Free Shipping,0
3135,17683.93,Cushion|Adidas Running Shoes|Coffee Mug,afternoon,0,Free Shipping,0
3136,10658.99,Sports Cap|T-Shirt,evening,4,10% discount,0
3137,9213.51,Cushion|Phone Case|Wristband,morning,9,10% discount,0
3138,4644.31,Wristband,evening,7,Free Shipping,1
3139,9478.46,Cushion,afternoon,4,20% discount,1
3140,16923.74,Wristband|Cushion,night,1,Free Shipping,1
3141,2322.25,Jacket,night,1,5% discount,0
3142,9458.79,Earbuds,morning,2,20% discount,0
3143,4494.89,Sports Cap,morning,5,10% discount,1
3144,3935.89,Cushion|Nike Shoes,night,7,20% discount,0
3145,1765.38,Coffee Mug,evening,5,Free Shipping,0
3146,18648.19,Nike Shoes|Jacket,night,9,5% discount,0
3147,4058.43,Nike Shoes,evening,9,Free Shipping,0
3148,2356.74,Earbuds,night,8,20% discount,1
3149,3071.33,Jacket,evening,7,20% discount,1
3150,1536.59,Wristband,morning,7,5% discount,1
3151,6648.09,Sports Cap|Earbuds,evening,2,10% discount,1
3152,2091.26,Coffee Mug,morning,10,10% discount,1
3153,13749.93,Earbuds|Sports Cap,morning,4,Free Shipping,1
3154,15772.89,T-Shirt|Backpack|T-Shirt,evening,2,Free Shipping,0
3155,9305.82,T-Shirt,morning,4,10% discount,0
3156,13464.44,Sports Cap|Cushion,morning,4,10% discount,1
3157,9493.8,Puma Sneakers,evening,10,10% discount,0
3158,9070.0,Backpack,morning,8,5% discount,0
3159,5116.74,Sports Cap,night,8,Free Shipping,0
3160,13203.13,Phone Case|Backpack,evening,6,Free Shipping,1
3161,5819.74,Coffee Mug,evening,0,20% discount,0
3162,3940.87,Cushion,afternoon,7,10% discount,0
3163,2759.41,Phone Case,afternoon,7,5% discount,0
3164,1436.12,Earbuds,afternoon,9,Free Shipping,0
3165,9924.14,Puma Sneakers,afternoon,5,20% discount,1
3166,18436.46,Coffee Mug|Jeans,night,10,20% discount,1
3167,18428.9,T-Shirt|Earbuds|Adidas Running Shoes,night,5,5% discount,0
3168,4310.16,Jacket,afternoon,7,Free Shipping,0
3169,3180.41,Coffee Mug,afternoon,10,5% discount,0
3170,12003.98,Nike Shoes|Earbuds,night,9,20% discount,0
3171,9722.1,Adidas Running Shoes,night,6,10% discount,0
3172,1422.94,Coffee Mug,evening,5,10% discount,1
3173,20179.73,Coffee Mug|Cushion|Nike Shoes,evening,7,20% discount,0
3174,8713.85,Cushion|Sports Cap,afternoon,0,20% discount,1
3175,14388.66,Earbuds|Puma Sneakers,evening,5,10% discount,1
3176,7698.94,Earbuds,evening,5,5% discount,0
3177,8242.89,Wristband|T-Shirt,morning,7,10% discount,1
3178,7900.46,Phone Case,evening,0,5% discount,0
3179,7527.52,Coffee Mug,morning,5,Free Shipping,0
3180,8949.64,Earbuds|Earbuds,evening,3,20% discount,1
3181,8239.86,Cushion,evening,3,20% discount,0
3182,14392.9,Earbuds|Backpack|Sports Cap,evening,7,10% discount,0
3183,5795.06,Adidas Running Shoes,evening,0,Free Shipping,0
3184,5971.24,Coffee Mug,night,8,10% discount,1
3185,9918.51,Jeans,evening,9,20% discount,1
3186,3440.76,Jeans,night,7,Free Shipping,1
3187,4671.4,Coffee Mug,morning,7,Free Shipping,0
3188,14567.64,Phone Case|Sports Cap,morning,4,Free Shipping,0
3189,6815.57,Backpack,morning,1,20% discount,1
3190,6979.93,Sports Cap,evening,5,10% discount,0
3191,1391.36,Coffee Mug,evening,10,10% discount,0
3192,8871.69,Sports Cap,morning,8,10% discount,1
3193,8637.13,Earbuds,evening,0,10% discount,0
3194,12447.6,Earbuds|Puma Sneakers,morning,6,5% discount,0
3195,10024.53,Earbuds|Backpack,night,0,10% discount,1
3196,5248.28,Backpack,evening,1,10% discount,1
3197,9929.62,Sports Cap,morning,10,Free Shipping,1
3198,16709.57,Puma Sneakers|Jeans|Adidas Running Shoes,evening,8,5% discount,0
3199,12809.3,Sports Cap|Nike Shoes,evening,6,Free Shipping,0
3200,6307.6,Cushion,morning,10,5% discount,1
3201,1574.67,Wristband,evening,10,Free Shipping,0
3202,9334.13,Adidas Running Shoes,afternoon,9,Free Shipping,1
3203,12930.05,Jeans|Phone Case,evening,3,Free Shipping,1
3204,7950.5,Jeans|T-Shirt,night,5,20% discount,1
3205,10773.3,Backpack|Jeans,evening,8,10% discount,0
3206,8149.81,Backpack|Adidas Running Shoes,night,10,Free Shipping,0
3207,9405.18,Adidas Running Shoes,evening,1,Free Shipping,0
3208,6885.19,Adidas Running Shoes,night,0,10% discount,1
3209,11479.43,Earbuds|Backpack,morning,4,10% discount,0
3210,6142.93,Wristband,afternoon,4,5% discount,0
3211,7151.57,Phone Case|Jeans,evening,9,Free Shipping,0
3212,17049.45,Cushion|Phone Case|T-Shirt,evening,0,Free Shipping,0
3213,3583.74,Puma Sneakers,evening,1,5% discount,1
3214,8165.04,Sports Cap,evening,9,20% discount,0
3215,9599.75,Puma Sneakers,afternoon,10,Free Shipping,1
3216,14596.37,Jacket|Earbuds,night,5,Free Shipping,1
3217,8803.64,Nike Shoes,morning,9,Free Shipping,0
3218,9381.81,Coffee Mug,morning,6,20% discount,1
3219,8860.43,Phone Case,afternoon,5,10% discount,1
3220,6942.09,Cushion,evening,10,10% discount,0
3221,9406.19,Puma Sneakers,night,0,20% discount,0
3222,10088.38,Puma Sneakers|Coffee Mug,morning,10,5% discount,0
3223,3021.51,Phone Case,night,9,5% discount,0
3224,2252.37,T-Shirt|T-Shirt,evening,7,20% discount,0
3225,4288.04,Cushion,afternoon,4,Free Shipping,0
3226,8452.0,Wristband,morning,2,10% discount,0
3227,14228.55,T-Shirt|Nike Shoes,morning,0,5% discount,0
3228,8099.98,Jacket,afternoon,7,10% discount,0
3229,12372.13,Earbuds|Nike Shoes,night,7,10% discount,1
3230,15539.24,T-Shirt|Earbuds,afternoon,0,Free Shipping,1
3231,10453.42,Wristband|Phone Case,evening,2,10% discount,1
3232,13854.51,Earbuds|Coffee Mug,evening,7,Free Shipping,0
3233,9702.99,Adidas Running Shoes|Backpack,evening,9,5% discount,1
3234,14861.58,Nike Shoes|Coffee Mug|Puma Sneakers,night,6,20% discount,1
3235,3347.93,Phone Case,evening,4,Free Shipping,1
3236,7213.53,Adidas Running Shoes,afternoon,1,20% discount,1
3237,12102.78,Jeans|Cushion,morning,0,10% discount,1
3238,26902.68,Jacket|Sports Cap|Puma Sneakers,morning,9,Free Shipping,0
3239,4319.24,Sports Cap|Nike Shoes,night,1,20% discount,1
3240,16330.37,Puma Sneakers|Jacket,afternoon,2,20% discount,1
3241,2227.7,Sports Cap,night,4,20% discount,0
3242,11465.62,Jacket|Backpack,night,3,20% discount,1
3243,6164.84,Coffee Mug,night,8,Free Shipping,1
3244,16310.86,Adidas Running Shoes|Backpack,morning,7,10% discount,0
3245,1450.45,Coffee Mug,night,9,10% discount,1
3246,12965.19,Coffee Mug|Phone Case,afternoon,5,5% discount,0
3247,2994.12,Cushion,evening,5,10% discount,0
3248,6629.04,Coffee Mug|Phone Case,night,3,10% discount,0
3249,7820.17,Sports Cap,afternoon,1,20% discount,1
3250,7021.12,Nike Shoes|Nike Shoes,afternoon,0,5% discount,0
3251,3023.86,Cushion,afternoon,1,5% discount,1
3252,5870.17,Coffee Mug,evening,6,Free Shipping,0
3253,2758.21,Phone Case,evening,9,10% discount,1
3254,2875.72,Earbuds,evening,0,Free Shipping,1
3255,8754.44,Adidas Running Shoes,evening,2,10% discount,1
3256,2891.16,Wristband,evening,7,Free Shipping,0
3257,8059.57,Coffee Mug,afternoon,0,20% discount,1
3258,8753.0,Jeans|Puma Sneakers,evening,8,5% discount,1
3259,8881.3,Wristband|Cushion,afternoon,6,5% discount,1
3260,6063.46,Backpack,night,10,10% discount,0
3261,18154.05,Sports Cap|Jeans,morning,4,Free Shipping,0
3262,7137.77,Puma Sneakers,night,1,5% discount,0
3263,9380.28,Puma Sneakers,afternoon,5,20% discount,1
3264,9024.43,T-Shirt|Phone Case,night,5,Free Shipping,0
3265,4798.68,Wristband,night,3,20% discount,1
3266,2182.2,Coffee Mug,night,5,5% discount,0
3267,2601.09,Backpack,night,9,20% discount,0
3268,3431.4,Earbuds,morning,9,10% discount,0
3269,13493.96,Earbuds|Jacket,afternoon,0,Free Shipping,0
3270,6707.71,Nike Shoes,afternoon,7,20% discount,1
3271,17852.57,Backpack|Phone Case|Cushion,afternoon,9,5% discount,0
3272,1162.93,Cushion,evening,2,Free Shipping,0
3273,10316.14,Coffee Mug|Backpack,evening,2,5% discount,0
3274,5457.94,Jeans,afternoon,10,Free Shipping,0
3275,7691.68,Backpack,evening,10,Free Shipping,0
3276,2893.63,Jeans,afternoon,7,Free Shipping,0
3277,4468.41,Backpack,evening,6,5% discount,1
3278,3047.96,Jeans,night,1,5% discount,1
3279,19440.99,Coffee Mug|Earbuds|Backpack,afternoon,5,Free Shipping,0
3280,3740.04,Coffee Mug,evening,5,10% discount,0
3281,1120.47,Nike Shoes,night,8,20% discount,0
3282,7670.94,Jeans,night,2,20% discount,0
3283,24674.18,Phone Case|Jeans|Adidas Running Shoes,night,5,Free Shipping,0
3284,16502.39,Cushion|Coffee Mug|Cushion,afternoon,1,5% discount,1
3285,8597.57,Jeans,night,4,5% discount,0
3286,11654.69,Phone Case|Adidas Running Shoes|Jeans,evening,4,5% discount,1
3287,9070.59,Phone Case|Adidas Running Shoes,night,5,10% discount,0
3288,9667.65,Phone Case,morning,8,10% discount,0
3289,6430.23,Phone Case,afternoon,3,5% discount,0
3290,4942.13,Earbuds,night,6,Free Shipping,1
3291,17724.55,Coffee Mug|Phone Case|Coffee Mug,morning,6,Free Shipping,1
3292,13912.91,Nike Shoes|Nike Shoes|Jeans,morning,9,20% discount,1
3293,6859.1,T-Shirt|Adidas Running Shoes,night,4,Free Shipping,0
3294,13149.32,Jeans|Adidas Running Shoes,morning,7,20% discount,0
3295,9668.95,Wristband,night,1,10% discount,1
3296,21676.53,Backpack|Nike Shoes|Wristband,morning,0,10% discount,1
3297,13494.62,Backpack|Cushion,morning,5,5% discount,0
3298,10968.9,Phone Case|Coffee Mug,evening,4,5% discount,1
3299,5353.92,Backpack,evening,8,10% discount,0
3300,2942.12,Jacket,afternoon,8,Free Shipping,0
3301,5891.69,Cushion,afternoon,2,Free Shipping,0
3302,4495.52,Adidas Running Shoes|Wristband,morning,3,Free Shipping,0
3303,1369.51,Wristband,afternoon,4,5% discount,0
3304,2351.54,T-Shirt,afternoon,3,20% discount,0
3305,2283.04,Coffee Mug,afternoon,4,5% discount,0
3306,1606.41,Cushion,night,5,10% discount,1
3307,6534.33,Coffee Mug,night,2,20% discount,1
3308,1386.17,Phone Case,night,10,10% discount,0
3309,14807.21,Puma Sneakers|Backpack,night,8,Free Shipping,0
3310,2093.17,Phone Case,afternoon,0,10% discount,0
3311,1729.74,Adidas Running Shoes,night,6,Free Shipping,1
3312,1095.44,Jacket,evening,5,20% discount,1
3313,11459.67,Jeans|Wristband,afternoon,2,Free Shipping,0
3314,3057.53,Coffee Mug,evening,6,10% discount,0
3315,7836.86,T-Shirt|Backpack,afternoon,7,Free Shipping,0
3316,13412.51,Puma Sneakers|Earbuds,afternoon,10,Free Shipping,0
3317,7126.32,Earbuds,morning,5,Free Shipping,1
3318,1443.22,Sports Cap,night,0,Free Shipping,0
3319,2913.12,Puma Sneakers,afternoon,3,20% discount,0
3320,4180.64,Earbuds,evening,5,20% discount,1
3321,9859.34,Earbuds|Jeans,morning,3,20% discount,1
3322,10290.71,Wristband|Coffee Mug,morning,9,Free Shipping,0
3323,9929.3,Cushion|Puma Sneakers|Sports Cap,night,9,20% discount,0
3324,11765.54,Nike Shoes|Adidas Running Shoes,afternoon,3,10% discount,1
3325,10551.23,Backpack|Cushion,afternoon,5,5% discount,1
3326,4263.6,Wristband,morning,9,20% discount,1
3327,16353.3,Jacket|Sports Cap|Jeans,evening,0,Free Shipping,0
3328,6286.87,Nike Shoes,evening,3,10% discount,0
3329,17157.4,Jeans|Adidas Running Shoes|Puma Sneakers,evening,8,10% discount,1
3330,6574.95,Adidas Running Shoes|Coffee Mug,morning,10,Free Shipping,1
3331,20282.65,Adidas Running Shoes|Jacket|Coffee Mug,night,2,10% discount,0
3332,1443.13,Sports Cap,afternoon,6,10% discount,1
3333,3604.35,Earbuds|Nike Shoes,night,6,20% discount,0
3334,12899.31,Phone Case|Phone Case,night,9,Free Shipping,0
3335,8111.48,Phone Case,evening,9,5% discount,0
3336,5307.6,Jeans,evening,0,Free Shipping,0
3337,7708.32,Earbuds|Nike Shoes,evening,1,20% discount,1
3338,2204.31,Earbuds,night,3,5% discount,0
3339,7446.9,Puma Sneakers,night,3,5% discount,0
3340,4656.78,Puma Sneakers,evening,3,Free Shipping,0
3341,5504.93,Cushion,afternoon,8,Free Shipping,1
3342,6682.63,Sports Cap,night,2,20% discount,1
3343,11849.18,Backpack|Sports Cap,night,6,5% discount,0
3344,8823.23,Phone Case,night,1,5% discount,0
3345,6673.04,Sports Cap,evening,7,Free Shipping,0
3346,4275.81,Wristband,night,0,20% discount,1
3347,14424.0,Puma Sneakers|Backpack,morning,10,10% discount,1
3348,7723.53,T-Shirt,afternoon,9,10% discount,0
3349,13744.4,Phone Case|Phone Case|Jacket,afternoon,6,5% discount,0
3350,13359.39,Phone Case|Sports Cap|Jeans,evening,3,10% discount,0
3351,6135.45,Cushion,afternoon,9,Free Shipping,1
3352,9056.05,Cushion,afternoon,1,5% discount,0
3353,7193.17,Nike Shoes|Puma Sneakers,morning,2,20% discount,1
3354,3325.87,T-Shirt,evening,4,5% discount,0
3355,17883.44,Sports Cap|Earbuds|T-Shirt,morning,10,5% discount,0
3356,6469.07,Sports Cap,evening,5,20% discount,0
3357,8162.39,Jacket|Wristband,afternoon,8,5% discount,0
3358,5974.76,Coffee Mug,night,8,Free Shipping,0
3359,7683.37,Nike Shoes|Cushion,evening,7,20% discount,0
3360,8994.23,Cushion,morning,7,20% discount,0
3361,11953.49,Coffee Mug|Jeans,morning,0,10% discount,0
3362,9831.68,Backpack|Puma Sneakers,afternoon,10,10% discount,1
3363,2833.97,Earbuds,night,3,Free Shipping,0
3364,5447.1,Phone Case,afternoon,9,Free Shipping,0
3365,16889.55,Phone Case|Coffee Mug,afternoon,9,5% discount,0
3366,8787.45,Sports Cap,afternoon,10,Free Shipping,0
3367,7587.9,T-Shirt,night,6,10% discount,1
3368,11538.0,Cushion|Phone Case,afternoon,2,Free Shipping,1
3369,2145.2,Earbuds,night,6,Free Shipping,0
3370,9124.67,Puma Sneakers,morning,4,Free Shipping,0
3371,16744.66,Earbuds|Nike Shoes,afternoon,3,Free Shipping,0
3372,1819.09,Jeans,night,0,Free Shipping,0
3373,15468.51,T-Shirt|Jacket,afternoon,9,5% discount,0
3374,2955.82,Jacket,evening,6,20% discount,0
3375,17056.74,Wristband|Jeans,night,1,20% discount,1
3376,19174.58,Coffee Mug|T-Shirt,night,4,20% discount,1
3377,10188.15,Backpack|Adidas Running Shoes,evening,6,Free Shipping,1
3378,5615.72,Earbuds,afternoon,6,10% discount,0
3379,9379.69,Earbuds,afternoon,3,10% discount,0
3380,12292.6,Jacket|Coffee Mug,morning,8,20% discount,1
3381,10764.49,Wristband|Sports Cap,afternoon,10,5% discount,0
3382,2239.46,Sports Cap,morning,7,5% discount,0
3383,10812.34,Cushion|Adidas Running Shoes,morning,9,Free Shipping,0
3384,10679.89,Coffee Mug|Wristband,night,4,10% discount,1
3385,12103.86,Nike Shoes|Jacket,night,3,5% discount,0
3386,2016.09,Jacket,night,8,Free Shipping,0
3387,13573.58,T-Shirt|Jacket,morning,0,10% discount,0
3388,8199.11,Nike Shoes,morning,9,5% discount,1
3389,19479.15,Adidas Running Shoes|Phone Case|Jeans,afternoon,3,Free Shipping,0
3390,3839.03,Sports Cap,morning,3,5% discount,0
3391,16097.02,Backpack|Cushion|Cushion,evening,10,Free Shipping,1
3392,5560.79,Puma Sneakers,morning,6,10% discount,1
3393,9900.29,Adidas Running Shoes,evening,3,5% discount,0
3394,6726.27,Cushion,morning,10,Free Shipping,1
3395,1208.83,Earbuds,night,9,Free Shipping,0
3396,12729.35,Cushion|Nike Shoes,night,1,5% discount,0
3397,9650.59,Backpack,night,5,10% discount,1
3398,9867.53,Puma Sneakers,morning,4,10% discount,0
3399,2800.43,Jeans,evening,0,10% discount,0
3400,2208.22,Sports Cap,night,6,20% discount,0
3401,14729.91,Wristband|Puma Sneakers,evening,9,5% discount,0
3402,1643.93,Wristband,evening,4,Free Shipping,0
3403,2571.68,Puma Sneakers,morning,6,Free Shipping,0
3404,4320.38,Jacket,morning,9,10% discount,0
3405,16128.88,Earbuds|Earbuds,afternoon,1,20% discount,1
3406,4337.03,Phone Case,afternoon,4,20% discount,1
3407,7156.41,T-Shirt,night,4,Free Shipping,0
3408,8680.29,Cushion,evening,7,5% discount,0
3409,7732.5,Puma Sneakers,afternoon,10,5% discount,0
3410,5302.78,Cushion,evening,10,Free Shipping,0
3411,6769.81,Phone Case,morning,5,5% discount,0
3412,9338.87,Nike Shoes,night,6,5% discount,0
3413,12372.62,Phone Case|Earbuds,evening,0,Free Shipping,1
3414,8917.49,Backpack,morning,6,10% discount,1
3415,9287.0,Backpack|Jacket,afternoon,5,Free Shipping,1
3416,1336.93,Phone Case,morning,4,Free Shipping,0
3417,1258.6,Cushion,evening,3,5% discount,0
3418,3116.47,Puma Sneakers,evening,0,Free Shipping,1
3419,7056.43,Coffee Mug,evening,5,20% discount,1
3420,3125.77,Earbuds,afternoon,10,20% discount,0
3421,18810.35,Coffee Mug|Wristband|Phone Case,evening,5,Free Shipping,1
3422,4770.04,Cushion,evening,7,20% discount,1
3423,5986.94,Adidas Running Shoes|Coffee Mug,evening,3,10% discount,1
3424,1463.65,T-Shirt,afternoon,3,Free Shipping,0
3425,5119.07,Phone Case,morning,3,10% discount,1
3426,18635.01,Nike Shoes|Sports Cap,night,7,Free Shipping,1
3427,14978.3,Adidas Running Shoes|T-Shirt,night,1,20% discount,1
3428,8414.89,Sports Cap,morning,5,Free Shipping,0
3429,11405.25,Wristband|Sports Cap,night,4,10% discount,1
3430,3037.54,Coffee Mug|Wristband,night,5,10% discount,0
3431,10407.14,Sports Cap|Puma Sneakers,night,2,5% discount,0
3432,11602.74,Coffee Mug|Coffee Mug,morning,0,10% discount,1
3433,6962.58,Phone Case,morning,1,Free Shipping,0
3434,12873.55,Earbuds|Coffee Mug,afternoon,4,10% discount,0
3435,9956.5,Coffee Mug,morning,3,5% discount,0
3436,8324.55,Earbuds,night,2,20% discount,0
3437,1282.94,Wristband,morning,0,5% discount,0
3438,16356.28,Adidas Running Shoes|Earbuds,evening,7,Free Shipping,0
3439,5530.45,Earbuds,evening,7,5% discount,0
3440,5045.6,Backpack,evening,10,20% discount,1
3441,10832.51,T-Shirt|Earbuds,morning,7,5% discount,0
3442,23100.77,Jeans|Sports Cap|Jeans,evening,10,10% discount,0
3443,1159.09,Sports Cap,evening,8,Free Shipping,0
3444,4357.19,Sports Cap,evening,7,10% discount,0
3445,10934.48,Earbuds|Earbuds,night,9,Free Shipping,0
3446,2843.58,Sports Cap,night,10,20% discount,0
3447,5496.61,Jacket,evening,0,Free Shipping,0
3448,7200.84,Earbuds,night,7,10% discount,0
3449,9324.31,Jacket,night,3,20% discount,1
3450,7697.23,Coffee Mug,night,0,10% discount,0
3451,9067.85,Jacket,morning,4,20% discount,0
3452,1274.78,Phone Case,evening,0,Free Shipping,1
3453,4616.83,Wristband,night,8,5% discount,0
3454,5276.65,Phone Case,afternoon,4,Free Shipping,1
3455,4396.69,Backpack,afternoon,5,10% discount,0
3456,9020.74,Backpack,night,9,10% discount,0
3457,7239.41,Backpack,afternoon,5,10% discount,1
3458,3961.77,Jeans,evening,6,5% discount,0
3459,8030.75,Phone Case|Jeans,evening,9,10% discount,1
3460,18576.16,Puma Sneakers|Phone Case,morning,8,10% discount,1
3461,3186.55,Coffee Mug,night,4,5% discount,1
3462,6614.32,Puma Sneakers,morning,7,Free Shipping,1
3463,9506.88,Coffee Mug|Earbuds,evening,9,Free Shipping,1
3464,9277.72,Coffee Mug,morning,9,10% discount,1
3465,1777.65,Phone Case,afternoon,10,10% discount,1
3466,5199.45,Nike Shoes|Nike Shoes,evening,9,5% discount,1
3467,11579.33,Phone Case|Cushion,morning,2,20% discount,0
3468,6709.78,Cushion,afternoon,1,10% discount,1
3469,3450.16,Cushion,evening,8,Free Shipping,0
3470,14076.79,Coffee Mug|T-Shirt|Cushion,afternoon,4,20% discount,1
3471,9333.01,Adidas Running Shoes,afternoon,1,Free Shipping,1
3472,4982.18,Backpack,evening,8,20% discount,0
3473,2861.08,Earbuds,evening,7,Free Shipping,0
3474,20397.17,Earbuds|Adidas Running Shoes|Coffee Mug,night,8,Free Shipping,0
3475,12810.56,Adidas Running Shoes|Cushion,night,0,5% discount,0
3476,4761.82,Adidas Running Shoes,night,6,20% discount,0
3477,9416.93,Cushion,evening,6,Free Shipping,0
3478,6095.27,Earbuds,morning,5,20% discount,1
3479,8313.42,Adidas Running Shoes|Puma Sneakers,night,1,Free Shipping,0
3480,16803.14,Nike Shoes|Cushion,evening,1,Free Shipping,1
3481,1259.59,Puma Sneakers,afternoon,4,10% discount,0
3482,10299.09,Earbuds|Backpack,morning,10,10% discount,1
3483,7029.51,Phone Case,afternoon,5,Free Shipping,0
3484,6167.59,Adidas Running Shoes,morning,2,Free Shipping,0
3485,3819.31,Cushion,afternoon,6,5% discount,0
3486,1847.8,Phone Case,morning,8,Free Shipping,0
3487,5989.39,Nike Shoes,evening,4,5% discount,0
3488,12183.43,Coffee Mug|Puma Sneakers,afternoon,10,5% discount,1
3489,6934.3,Sports Cap,night,7,Free Shipping,1
3490,3814.66,Adidas Running Shoes,morning,0,10% discount,0
3491,3548.55,Adidas Running Shoes,evening,5,10% discount,1
3492,11370.95,Jacket|Sports Cap|T-Shirt,night,1,5% discount,1
3493,3724.15,Phone Case|Coffee Mug,night,8,Free Shipping,0
3494,6554.19,Phone Case|T-Shirt,night,10,10% discount,0
3495,9166.53,Wristband,night,1,Free Shipping,0
3496,6550.33,Earbuds,afternoon,0,Free Shipping,1
3497,2239.98,Jeans,morning,10,20% discount,0
3498,8361.43,Coffee Mug|Cushion,night,9,5% discount,1
3499,4840.9,Backpack|T-Shirt,afternoon,2,5% discount,0
3500,6206.44,Coffee Mug,night,3,Free Shipping,0
3501,8354.19,Phone Case|Puma Sneakers,afternoon,0,10% discount,1
3502,12685.23,T-Shirt|Jeans,afternoon,8,5% discount,0
3503,9659.88,Backpack|Jeans,night,1,20% discount,0
3504,2500.74,T-Shirt,evening,3,20% discount,0
3505,5585.32,Earbuds,evening,8,10% discount,1
3506,20876.96,Nike Shoes|T-Shirt|Earbuds,evening,4,5% discount,1
3507,13018.71,Phone Case|Phone Case,night,9,5% discount,0
3508,8033.34,Jacket,afternoon,2,5% discount,1
3509,4607.36,Coffee Mug,morning,5,10% discount,0
3510,12595.88,Cushion|Puma Sneakers,afternoon,1,Free Shipping,0
3511,13804.32,Cushion|T-Shirt|Sports Cap,morning,0,10% discount,0
3512,4560.21,Adidas Running Shoes,morning,5,Free Shipping,0
3513,4593.18,Jeans,afternoon,10,Free Shipping,1
3514,14411.15,Phone Case|T-Shirt,morning,3,10% discount,1
3515,15658.76,Sports Cap|Coffee Mug,night,1,Free Shipping,0
3516,6041.06,Nike Shoes,afternoon,0,20% discount,1
3517,8363.77,Puma Sneakers|Nike Shoes,evening,5,20% discount,0
3518,7821.06,Coffee Mug,morning,10,20% discount,1
3519,4405.12,Phone Case|Phone Case,afternoon,6,10% discount,0
3520,6159.18,Coffee Mug,afternoon,8,Free Shipping,0
3521,4738.91,Cushion,afternoon,0,10% discount,0
3522,7493.34,Phone Case,evening,0,Free Shipping,0
3523,3915.36,Cushion,night,1,10% discount,1
3524,12049.93,Jeans|Puma Sneakers,evening,1,5% discount,0
3525,12658.11,Phone Case|Earbuds,night,10,5% discount,0
3526,5366.31,Adidas Running Shoes,morning,1,Free Shipping,1
3527,9017.99,Cushion,evening,0,5% discount,0
3528,2997.47,Coffee Mug,evening,5,10% discount,1
3529,8277.52,Nike Shoes,night,4,5% discount,0
3530,12533.91,Phone Case|T-Shirt,morning,1,5% discount,0
3531,1401.4,T-Shirt,night,3,5% discount,0
3532,8676.24,Wristband,evening,1,10% discount,0
3533,5429.62,Puma Sneakers,evening,10,5% discount,0
3534,7847.12,Phone Case|Coffee Mug,night,6,5% discount,0
3535,8670.96,Jeans,evening,3,Free Shipping,1
3536,7806.82,Jeans,evening,5,20% discount,1
3537,1252.7,Sports Cap,morning,1,Free Shipping,0
3538,4431.36,Nike Shoes,evening,3,Free Shipping,0
3539,2375.24,Wristband,afternoon,8,Free Shipping,0
3540,13581.21,Jacket|Earbuds|Adidas Running Shoes,afternoon,3,5% discount,0
3541,5761.38,Nike Shoes,afternoon,1,20% discount,0
3542,6968.83,Nike Shoes|Earbuds,morning,0,10% discount,1
3543,11198.6,Puma Sneakers|Cushion,night,2,Free Shipping,0
3544,9563.27,Jacket|Phone Case,afternoon,2,Free Shipping,0
3545,5371.92,T-Shirt,night,3,Free Shipping,0
3546,10264.45,Jacket|Cushion,evening,9,20% discount,1
3547,8896.33,Jeans,afternoon,4,Free Shipping,0
3548,7261.33,Cushion,morning,10,5% discount,0
3549,7112.76,Cushion,afternoon,8,10% discount,0
3550,8276.88,Coffee Mug,evening,9,10% discount,0
3551,4529.9,Coffee Mug,night,4,20% discount,1
3552,5964.39,Nike Shoes,afternoon,9,Free Shipping,1
3553,1318.25,Sports Cap,evening,6,Free Shipping,0
3554,19111.13,Nike Shoes|Wristband|Nike Shoes,afternoon,2,Free Shipping,0
3555,3825.33,Nike Shoes,night,8,10% discount,1
3556,14692.52,T-Shirt|Puma Sneakers,night,3,Free Shipping,0
3557,8551.36,T-Shirt|Wristband|Sports Cap,afternoon,1,10% discount,1
3558,4423.91,Earbuds,afternoon,3,5% discount,0
3559,8141.31,Sports Cap|Cushion|Adidas Running Shoes,morning,1,10% discount,0
3560,6873.57,Jeans,afternoon,9,10% discount,1
3561,9909.38,Sports Cap,morning,3,Free Shipping,1
3562,4849.94,T-Shirt,afternoon,8,Free Shipping,0
3563,7775.93,Nike Shoes|Wristband,morning,8,Free Shipping,0
3564,9318.79,Jeans,afternoon,5,Free Shipping,1
3565,9285.91,Cushion|Earbuds,afternoon,3,10% discount,1
3566,6958.29,Phone Case,night,5,Free Shipping,0
3567,4953.3,Earbuds,evening,10,10% discount,0
3568,9900.31,Jacket,afternoon,3,5% discount,1
3569,6134.8,Earbuds,morning,1,Free Shipping,0
3570,6686.21,Coffee Mug,evening,0,Free Shipping,0
3571,8315.16,Backpack,night,2,20% discount,1
3572,9637.51,T-Shirt,morning,0,10% discount,1
3573,6109.98,Cushion,morning,0,20% discount,0
3574,3821.63,Adidas Running Shoes,afternoon,7,10% discount,1
3575,21072.24,Nike Shoes|Coffee Mug|Backpack,morning,4,20% discount,1
3576,2195.45,Cushion,evening,9,Free Shipping,0
3577,5449.08,Phone Case,evening,0,10% discount,0
3578,7305.47,Puma Sneakers|Puma Sneakers,night,8,20% discount,0
3579,4689.25,Adidas Running Shoes,afternoon,9,5% discount,1
3580,6378.06,T-Shirt|Sports Cap,afternoon,6,10% discount,0
3581,12709.98,Cushion|Jacket,night,2,Free Shipping,1
3582,8498.48,Coffee Mug,afternoon,5,10% discount,0
3583,8501.31,Backpack,night,9,10% discount,0
3584,14173.06,Coffee Mug|Jacket,night,10,5% discount,0
3585,3168.3,Earbuds,evening,6,5% discount,0
3586,9048.84,Earbuds,night,3,20% discount,1
3587,14549.66,Coffee Mug|Coffee Mug,afternoon,8,10% discount,0
3588,9390.57,Sports Cap|Cushion,evening,10,Free Shipping,0
3589,1388.08,Earbuds,night,0,20% discount,0
3590,1246.75,Phone Case,afternoon,9,Free Shipping,0
3591,23238.23,Earbuds|Sports Cap|Jacket,night,10,Free Shipping,0
3592,8244.67,Backpack,afternoon,9,5% discount,0
3593,4381.65,Adidas Running Shoes,morning,0,10% discount,1
3594,8679.73,Earbuds,night,6,5% discount,1
3595,5937.59,Puma Sneakers,night,4,10% discount,1
3596,1818.12,Adidas Running Shoes,night,5,10% discount,1
3597,2380.5,Coffee Mug,afternoon,0,Free Shipping,0
3598,3166.57,Phone Case,night,3,10% discount,0
3599,1566.03,Phone Case,afternoon,0,20% discount,0
3600,9297.97,Coffee Mug,night,9,5% discount,0
3601,10751.56,Coffee Mug|Wristband,evening,0,10% discount,1
3602,8598.58,Adidas Running Shoes|Wristband,night,3,5% discount,0
3603,8146.89,Adidas Running Shoes,night,1,20% discount,0
3604,4656.95,Phone Case,morning,4,10% discount,0
3605,7441.92,Cushion,evening,4,Free Shipping,1
3606,6101.4,Backpack,night,4,5% discount,1
3607,17244.1,Sports Cap|Jeans|Jeans,morning,6,Free Shipping,0
3608,14386.78,Coffee Mug|Coffee Mug|Phone Case,evening,3,5% discount,1
3609,5307.37,T-Shirt,morning,3,20% discount,0
3610,6664.78,Jeans,evening,0,20% discount,1
3611,14784.57,Jacket|Adidas Running Shoes,afternoon,3,Free Shipping,1
3612,9883.81,Earbuds,morning,4,20% discount,1
3613,6401.73,Coffee Mug,evening,3,20% discount,1
3614,11411.28,Adidas Running Shoes|Earbuds,night,9,Free Shipping,1
3615,17985.5,Nike Shoes|Adidas Running Shoes,night,3,Free Shipping,1
3616,1803.28,Nike Shoes,morning,2,Free Shipping,1
3617,9799.79,Coffee Mug,evening,9,10% discount,0
3618,4445.56,Cushion,evening,3,5% discount,0
3619,20665.32,Wristband|Nike Shoes|Nike Shoes,morning,10,10% discount,0
3620,10947.2,Jeans|Wristband,morning,0,5% discount,1
3621,3018.43,Coffee Mug,night,6,10% discount,1
3622,5352.78,Phone Case,afternoon,4,Free Shipping,0
3623,3343.85,Cushion,afternoon,4,10% discount,0
3624,6073.56,Puma Sneakers,afternoon,3,10% discount,1
3625,8460.84,Earbuds,night,6,10% discount,1
3626,9835.03,Earbuds,afternoon,8,10% discount,0
3627,7638.91,Cushion,afternoon,4,5% discount,0
3628,8698.74,Earbuds|Backpack,morning,8,Free Shipping,1
3629,8284.23,Nike Shoes|T-Shirt,afternoon,6,Free Shipping,0
3630,7407.58,Jacket,afternoon,10,10% discount,1
3631,6542.28,Cushion,afternoon,1,5% discount,0
3632,4229.51,Wristband,night,8,10% discount,0
3633,9317.44,Backpack,morning,5,Free Shipping,0
3634,4365.17,Earbuds,afternoon,1,5% discount,0
3635,2874.29,Cushion,evening,4,5% discount,0
3636,4190.07,Earbuds,morning,9,10% discount,0
3637,6819.59,Jeans,night,7,20% discount,1
3638,13677.04,Phone Case|Phone Case,afternoon,10,Free Shipping,0
3639,13163.97,Adidas Running Shoes|Phone Case|Earbuds,evening,1,20% discount,1
3640,8838.94,Nike Shoes,afternoon,5,Free Shipping,1
3641,5566.4,Wristband,morning,6,5% discount,1
3642,4211.52,Coffee Mug,afternoon,1,10% discount,1
3643,1783.86,Backpack,night,2,20% discount,0
3644,6444.02,Phone Case,evening,0,Free Shipping,0
3645,6237.82,Cushion,night,1,20% discount,0
3646,6716.75,T-Shirt|Phone Case,evening,5,20% discount,1
3647,5721.26,Phone Case,evening,5,10% discount,1
3648,8707.33,Coffee Mug,afternoon,2,5% discount,1
3649,1739.63,Cushion,morning,10,Free Shipping,0
3650,6817.94,Wristband|Backpack,evening,3,Free Shipping,0
3651,8471.07,Phone Case|T-Shirt,night,1,Free Shipping,0
3652,14479.7,Puma Sneakers|Earbuds|Earbuds,night,5,10% discount,1
3653,9408.37,Coffee Mug,morning,2,Free Shipping,1
3654,9746.26,Jacket,night,10,5% discount,0
3655,9131.53,Coffee Mug,afternoon,9,5% discount,0
3656,5355.61,Jeans,evening,9,5% discount,0
3657,8383.66,Sports Cap,night,7,10% discount,0
3658,4568.54,T-Shirt,evening,2,5% discount,0
3659,2486.54,Wristband,evening,9,5% discount,0
3660,4013.42,Cushion,night,6,Free Shipping,1
3661,6463.54,Earbuds,morning,5,20% discount,1
3662,3493.62,Coffee Mug,night,2,5% discount,0
3663,8732.15,Cushion,afternoon,2,5% discount,0
3664,4091.77,Backpack,morning,9,10% discount,1
3665,4339.96,T-Shirt,afternoon,10,10% discount,0
3666,2693.69,Nike Shoes,evening,1,Free Shipping,0
3667,1238.08,Nike Shoes,afternoon,7,5% discount,0
3668,16735.62,Cushion|Backpack,evening,7,10% discount,0
3669,17504.51,Earbuds|Jeans,night,5,10% discount,1
3670,3823.31,Adidas Running Shoes,morning,9,10% discount,0
3671,5887.49,Jeans,morning,2,5% discount,0
3672,10540.87,Coffee Mug|Adidas Running Shoes,evening,2,5% discount,0
3673,2865.1,Jeans,afternoon,10,10% discount,1
3674,11839.69,T-Shirt|Puma Sneakers,morning,9,Free Shipping,1
3675,9576.77,Nike Shoes,evening,5,5% discount,0
3676,10228.8,Cushion|Adidas Running Shoes|T-Shirt,afternoon,8,10% discount,1
3677,9730.83,Cushion,morning,10,Free Shipping,0
3678,10686.64,Backpack|Earbuds,morning,8,10% discount,1
3679,6509.79,T-Shirt,afternoon,5,5% discount,1
3680,14273.36,Puma Sneakers|Phone Case,morning,3,10% discount,0
3681,8847.16,T-Shirt|Puma Sneakers,night,5,Free Shipping,0
3682,8636.77,Adidas Running Shoes|Earbuds,morning,1,Free Shipping,1
3683,4971.63,Phone Case,afternoon,5,Free Shipping,0
3684,12907.87,Backpack|Sports Cap,afternoon,7,Free Shipping,1
3685,2625.04,Earbuds,afternoon,5,Free Shipping,0
3686,1743.01,Wristband,evening,2,10% discount,0
3687,25333.69,Puma Sneakers|Sports Cap|Wristband,morning,9,Free Shipping,1
3688,9768.25,T-Shirt,morning,9,Free Shipping,0
3689,16588.42,Adidas Running Shoes|Coffee Mug,afternoon,8,10% discount,1
3690,15021.98,Adidas Running Shoes|Nike Shoes,evening,1,Free Shipping,0
3691,4608.5,Nike Shoes|Wristband,evening,8,10% discount,1
3692,4867.48,Jeans,morning,0,20% discount,0
3693,7302.89,Coffee Mug|Cushion,afternoon,9,5% discount,0
3694,8314.03,Phone Case,evening,2,20% discount,1
3695,6305.62,Backpack,morning,7,20% discount,1
3696,2903.87,T-Shirt,evening,1,Free Shipping,0
3697,24452.71,Puma Sneakers|Cushion|Phone Case,night,0,5% discount,0
3698,1136.32,Earbuds,evening,6,5% discount,0
3699,12617.13,Wristband|Sports Cap,night,7,20% discount,0
3700,1192.42,Coffee Mug,morning,10,20% discount,0
3701,6333.76,Puma Sneakers,afternoon,7,10% discount,1
3702,3005.53,Jeans,evening,3,5% discount,0
3703,9638.52,Cushion,night,8,Free Shipping,0
3704,2446.38,Sports Cap,evening,10,5% discount,0
3705,2909.55,T-Shirt,afternoon,7,10% discount,1
3706,19741.63,T-Shirt|Phone Case|Wristband,afternoon,0,10% discount,0
3707,4194.56,T-Shirt,morning,2,Free Shipping,0
3708,7418.15,Jacket,evening,2,20% discount,0
3709,2572.11,Coffee Mug,afternoon,4,10% discount,0
3710,8271.12,Adidas Running Shoes|Nike Shoes,morning,4,20% discount,1
3711,17024.66,Coffee Mug|Coffee Mug|Backpack,night,1,10% discount,1
3712,9299.55,Nike Shoes,night,0,20% discount,1
3713,6853.22,Sports Cap|T-Shirt,evening,6,5% discount,0
3714,9365.12,Coffee Mug|Phone Case,evening,5,10% discount,0
3715,7940.01,Sports Cap,evening,2,10% discount,0
3716,18177.37,Cushion|Cushion|Nike Shoes,night,10,Free Shipping,1
3717,8828.98,Coffee Mug|Nike Shoes,evening,7,20% discount,1
3718,6163.7,T-Shirt,afternoon,5,20% discount,1
3719,1907.61,Coffee Mug,night,0,5% discount,0
3720,3490.42,Cushion,morning,2,5% discount,0
3721,9641.31,Wristband,afternoon,10,10% discount,0
3722,21394.01,Phone Case|Adidas Running Shoes|Puma Sneakers,night,5,10% discount,0
3723,8167.8,Sports Cap|Cushion,morning,10,20% discount,1
3724,4605.36,Earbuds,morning,0,5% discount,0
3725,13125.47,Cushion|Coffee Mug,afternoon,8,10% discount,1
3726,9598.54,Phone Case|Backpack,morning,1,20% discount,1
3727,1974.82,Coffee Mug,night,0,10% discount,1
3728,5321.56,Puma Sneakers,afternoon,4,10% discount,1
3729,5095.35,Puma Sneakers,afternoon,10,20% discount,1
3730,5114.14,Backpack,morning,10,20% discount,1
3731,16518.32,Coffee Mug|Earbuds,morning,7,5% discount,0
3732,12196.52,Backpack|Phone Case|Earbuds,evening,4,20% discount,1
3733,5118.04,Cushion,night,0,10% discount,0
3734,10252.63,Jeans|Jacket,morning,1,5% discount,1
3735,4285.63,Coffee Mug,morning,7,10% discount,1
3736,4251.08,Jeans,afternoon,10,Free Shipping,0
3737,6941.74,Jacket,morning,8,10% discount,0
3738,5239.06,Puma Sneakers,afternoon,2,20% discount,0
3739,10741.9,Adidas Running Shoes|Cushion,night,10,Free Shipping,0
3740,8795.47,Backpack,evening,1,5% discount,1
3741,6023.96,Cushion,night,8,20% discount,0
3742,7985.21,Coffee Mug,afternoon,10,20% discount,0
3743,7684.88,Earbuds,evening,6,10% discount,1
3744,14365.44,Jacket|Coffee Mug,evening,9,20% discount,0
3745,9769.77,Jacket,night,8,10% discount,1
3746,12447.72,Wristband|Phone Case,evening,0,Free Shipping,0
3747,6023.3,Phone Case,night,8,10% discount,1
3748,9675.1,T-Shirt,morning,6,10% discount,0
3749,19578.62,Cushion|Wristband|Coffee Mug,evening,10,Free Shipping,0
3750,10844.95,Wristband|Puma Sneakers,morning,5,10% discount,1
3751,6509.84,Cushion|Wristband,evening,10,Free Shipping,0
3752,4701.81,Jeans,morning,3,10% discount,1
3753,1488.4,Sports Cap,night,10,5% discount,0
3754,18222.86,Backpack|Coffee Mug|Phone Case,evening,4,10% discount,0
3755,4759.72,Nike Shoes|Jacket,evening,7,10% discount,0
3756,9161.39,Nike Shoes,evening,4,10% discount,0
3757,26767.65,Phone Case|T-Shirt|Puma Sneakers,night,3,5% discount,0
3758,5703.5,Puma Sneakers|Nike Shoes,evening,2,10% discount,0
3759,7813.24,Wristband,morning,2,5% discount,1
3760,6706.66,Coffee Mug|Backpack,night,1,Free Shipping,0
3761,8752.49,Wristband,afternoon,8,Free Shipping,0
3762,2217.07,Adidas Running Shoes,morning,1,Free Shipping,0
3763,4991.8,Earbuds,night,6,Free Shipping,1
3764,13493.49,Backpack|Cushion,night,9,20% discount,0
3765,19362.74,Backpack|Backpack,night,0,10% discount,1
3766,2071.4,Jeans,night,1,20% discount,0
3767,7783.18,Coffee Mug|Cushion,evening,6,Free Shipping,1
3768,8187.98,Adidas Running Shoes,afternoon,10,5% discount,0
3769,6989.16,Jacket|Nike Shoes,night,4,Free Shipping,0
3770,7240.82,Jeans,evening,0,20% discount,1
3771,11817.06,Wristband|Phone Case,morning,0,20% discount,1
3772,7121.98,Adidas Running Shoes,night,4,20% discount,0
3773,16459.37,Jacket|Jacket|Nike Shoes,afternoon,0,Free Shipping,0
3774,4554.24,Jeans,night,7,Free Shipping,0
3775,7887.04,Earbuds,morning,9,5% discount,0
3776,12593.37,Jacket|Adidas Running Shoes,evening,8,20% discount,1
3777,9536.17,Adidas Running Shoes|Wristband,morning,2,Free Shipping,0
3778,2813.41,Jeans,morning,3,10% discount,1
3779,5640.23,Cushion,night,6,20% discount,0
3780,15573.86,Backpack|Nike Shoes|Puma Sneakers,evening,7,10% discount,0
3781,28545.55,Cushion|Puma Sneakers|Wristband,morning,4,10% discount,0
3782,8744.75,Coffee Mug|Jeans,night,3,Free Shipping,0
3783,9884.06,Jacket,afternoon,9,Free Shipping,0
3784,7355.86,Phone Case,morning,1,Free Shipping,1
3785,12380.76,Phone Case|T-Shirt,evening,4,20% discount,1
3786,7293.25,T-Shirt,evening,4,10% discount,0
3787,8868.92,Nike Shoes,morning,0,10% discount,0
3788,2640.19,Jeans,afternoon,8,Free Shipping,0
3789,4983.22,Phone Case,night,3,5% discount,0
3790,10737.68,Sports Cap|Sports Cap,evening,1,10% discount,0
3791,10444.57,Puma Sneakers|Jeans|Earbuds,afternoon,10,Free Shipping,1
3792,8007.82,Earbuds,afternoon,8,10% discount,0
3793,11356.62,Wristband|Phone Case,afternoon,9,Free Shipping,0
3794,6646.39,Phone Case,morning,10,Free Shipping,0
3795,4138.78,Adidas Running Shoes,evening,6,10% discount,0
3796,7846.87,Adidas Running Shoes|Backpack|Jeans,evening,6,5% discount,1
3797,5712.88,Earbuds,morning,5,20% discount,1
3798,8757.82,Coffee Mug,morning,1,Free Shipping,1
3799,5816.77,Nike Shoes,evening,2,20% discount,0
3800,16670.87,Earbuds|Jeans|Jacket,night,5,Free Shipping,1
3801,14208.31,Earbuds|Cushion,afternoon,10,5% discount,0
3802,8233.03,Cushion,evening,3,5% discount,0
3803,3272.92,Backpack,evening,9,5% discount,0
3804,3185.8,Nike Shoes,evening,2,10% discount,0
3805,6743.12,Earbuds,afternoon,6,Free Shipping,0
3806,9944.93,Puma Sneakers,evening,0,10% discount,1
3807,11269.16,Jacket|Jeans|Coffee Mug,night,7,10% discount,1
3808,12051.65,Phone Case|Cushion,morning,4,20% discount,0
3809,6349.18,Jacket,morning,6,10% discount,0
3810,9343.32,Adidas Running Shoes,afternoon,8,10% discount,0
3811,2621.34,T-Shirt,evening,3,20% discount,1
3812,9808.08,Jeans|Jeans,evening,1,10% discount,1
3813,5115.28,Wristband,morning,8,10% discount,1
3814,10679.48,Adidas Running Shoes|T-Shirt,evening,6,10% discount,0
3815,5752.16,Nike Shoes,evening,9,10% discount,1
3816,6172.09,Cushion,afternoon,7,10% discount,0
3817,6745.46,Sports Cap,night,9,20% discount,1
3818,4277.01,T-Shirt,morning,4,20% discount,1
3819,1158.46,Puma Sneakers,afternoon,3,Free Shipping,1
3820,1662.95,Earbuds,afternoon,5,20% discount,1
3821,1597.1,Wristband,morning,1,5% discount,0
3822,2676.28,Coffee Mug,night,3,Free Shipping,0
3823,4993.93,Jeans,evening,3,10% discount,0
3824,8698.89,Coffee Mug,morning,5,Free Shipping,0
3825,7770.21,Jeans,morning,7,20% discount,0
3826,21153.17,Puma Sneakers|Earbuds|Jeans,afternoon,10,20% discount,0
3827,2290.21,Jacket,night,9,10% discount,1
3828,8178.8,Wristband,morning,4,Free Shipping,1
3829,14101.66,Sports Cap|Phone Case|Jeans,night,4,10% discount,0
3830,9284.07,Coffee Mug,afternoon,9,5% discount,1
3831,7672.97,Jacket,evening,8,10% discount,0
3832,9175.69,Wristband|Puma Sneakers,morning,7,10% discount,0
3833,4369.82,Cushion,night,0,5% discount,0
3834,9429.42,Jacket,night,10,10% discount,1
3835,16604.87,Coffee Mug|Phone Case,morning,6,5% discount,1
3836,5862.73,Jeans,night,10,Free Shipping,1
3837,2901.92,Nike Shoes,afternoon,0,5% discount,1
3838,1314.11,Adidas Running Shoes,night,10,10% discount,0
3839,6040.5,Phone Case|Coffee Mug,morning,6,5% discount,0
3840,6869.57,Jeans,morning,0,10% discount,1
3841,8778.21,Adidas Running Shoes|Cushion,afternoon,7,Free Shipping,1
3842,6732.94,Backpack,evening,1,5% discount,0
3843,23930.06,Coffee Mug|Coffee Mug|Adidas Running Shoes,afternoon,8,10% discount,1
3844,4550.72,Nike Shoes,morning,7,10% discount,1
3845,8870.88,Backpack|Backpack,morning,4,10% discount,0
3846,9145.03,Coffee Mug|Sports Cap,afternoon,4,20% discount,1
3847,9131.42,Coffee Mug,night,1,10% discount,0
3848,8789.78,Wristband|Sports Cap,night,4,20% discount,1
3849,11123.55,Nike Shoes|Phone Case,morning,3,20% discount,0
3850,10643.52,Backpack|Jeans,afternoon,1,Free Shipping,0
3851,3177.69,Earbuds,night,10,Free Shipping,0
3852,8872.2,Adidas Running Shoes,evening,6,20% discount,0
3853,17362.75,Jacket|T-Shirt|Wristband,night,8,10% discount,1
3854,3437.54,Jacket,morning,1,10% discount,0
3855,8203.63,Jeans|Puma Sneakers|Nike Shoes,afternoon,8,20% discount,1
3856,15362.45,Coffee Mug|Wristband,evening,8,Free Shipping,0
3857,5346.98,Jeans,morning,7,10% discount,1
3858,18234.87,Sports Cap|Earbuds|Sports Cap,night,9,5% discount,1
3859,8829.06,Coffee Mug,evening,0,Free Shipping,0
3860,8810.91,Adidas Running Shoes,evening,7,20% discount,1
3861,5770.27,Cushion,morning,1,10% discount,0
3862,1304.38,Jeans,evening,9,10% discount,1
3863,3620.54,T-Shirt,morning,8,10% discount,1
3864,11732.41,Earbuds|Jacket,afternoon,1,5% discount,0
3865,16533.65,Wristband|Adidas Running Shoes|Wristband,morning,8,Free Shipping,0
3866,19845.43,Adidas Running Shoes|T-Shirt|Cushion,morning,2,5% discount,0
3867,6176.69,T-Shirt,afternoon,3,10% discount,1
3868,4149.58,Earbuds,evening,3,10% discount,0
3869,6354.66,Earbuds,evening,5,10% discount,1
3870,3613.21,Jeans,evening,4,Free Shipping,1
3871,3858.91,Wristband,afternoon,2,Free Shipping,0
3872,11257.6,Wristband|Jeans,evening,0,5% discount,0
3873,1032.3,Phone Case,night,1,10% discount,0
3874,13188.7,T-Shirt|Coffee Mug,morning,9,5% discount,1
3875,6067.7,Cushion,evening,10,20% discount,1
3876,1878.2,Nike Shoes,morning,8,5% discount,1
3877,12058.43,T-Shirt|T-Shirt,morning,3,5% discount,0
3878,12447.3,Jeans|Coffee Mug,morning,8,10% discount,0
3879,11762.98,Nike Shoes|Earbuds,afternoon,10,10% discount,0
3880,6869.21,Jeans,night,7,10% discount,0
3881,3856.51,Jeans,evening,8,Free Shipping,0
3882,7011.15,Cushion|Wristband,night,0,20% discount,0
3883,10521.82,Backpack|Sports Cap,afternoon,10,10% discount,0
3884,8556.46,Sports Cap,afternoon,4,10% discount,0
3885,1494.15,Backpack,evening,6,5% discount,0
3886,7163.75,Cushion,morning,10,20% discount,1
3887,7569.75,Cushion,evening,6,Free Shipping,0
3888,21558.77,Earbuds|Phone Case|Adidas Running Shoes,morning,5,20% discount,0
3889,2787.66,Backpack,evening,0,10% discount,0
3890,5907.66,Wristband,morning,9,10% discount,1
3891,8494.06,Coffee Mug|T-Shirt,afternoon,1,10% discount,1
3892,1359.95,Phone Case,night,0,10% discount,0
3893,6012.64,Cushion,afternoon,10,10% discount,0
3894,5438.9,Nike Shoes,evening,10,Free Shipping,0
3895,8158.84,Phone Case,afternoon,8,Free Shipping,0
3896,13894.98,Jacket|T-Shirt,morning,7,Free Shipping,0
3897,7633.96,Nike Shoes,night,4,20% discount,1
3898,23770.84,Phone Case|Coffee Mug|Jeans,afternoon,8,20% discount,0
3899,8587.29,T-Shirt,morning,8,10% discount,0
3900,4079.92,Adidas Running Shoes,afternoon,4,20% discount,1
3901,2194.65,Phone Case,night,1,Free Shipping,0
3902,13416.82,Wristband|Coffee Mug,morning,5,10% discount,1
3903,16836.35,Adidas Running Shoes|Earbuds,evening,1,20% discount,1
3904,7920.91,Wristband,afternoon,1,5% discount,1
3905,13194.65,Coffee Mug|Nike Shoes,night,2,10% discount,0
3906,4837.47,Cushion,evening,8,20% discount,1
3907,3573.22,Phone Case|Coffee Mug,morning,0,10% discount,0
3908,15583.18,Cushion|T-Shirt,morning,9,5% discount,0
3909,7702.57,Nike Shoes,night,0,10% discount,0
3910,12864.36,Cushion|Coffee Mug,afternoon,5,10% discount,1
3911,10097.96,Adidas Running Shoes|Backpack,afternoon,2,5% discount,0
3912,1195.84,Coffee Mug,evening,5,5% discount,0
3913,8436.92,T-Shirt|Nike Shoes,morning,8,Free Shipping,0
3914,13120.9,Coffee Mug|Nike Shoes,evening,1,Free Shipping,1
3915,8875.65,Nike Shoes,afternoon,7,10% discount,0
3916,6139.29,Backpack,afternoon,4,10% discount,1
3917,3103.75,Cushion,evening,10,10% discount,1
3918,7865.41,T-Shirt,afternoon,3,10% discount,1
3919,13516.55,Jacket|Cushion,morning,9,Free Shipping,0
3920,7537.44,Adidas Running Shoes,night,0,10% discount,1
3921,6889.3,Sports Cap,morning,2,Free Shipping,0
3922,5304.37,Jacket,night,3,Free Shipping,0
3923,11754.5,Earbuds|Puma Sneakers|Coffee Mug,afternoon,10,10% discount,1
3924,9488.22,Cushion,night,3,20% discount,0
3925,1022.99,Sports Cap,morning,8,5% discount,0
3926,7504.0,Sports Cap,morning,0,Free Shipping,0
3927,15821.77,Sports Cap|Backpack,afternoon,4,5% discount,0
3928,16508.98,Jeans|Earbuds|Backpack,afternoon,3,10% discount,1
3929,16125.98,Wristband|Cushion,morning,4,Free Shipping,0
3930,5958.07,Jacket,afternoon,1,Free Shipping,0
3931,16706.34,Sports Cap|Wristband,afternoon,0,5% discount,0
3932,4962.09,Phone Case|Cushion,afternoon,1,Free Shipping,1
3933,12580.26,Earbuds|Jacket,afternoon,9,Free Shipping,1
3934,1801.14,Backpack,evening,10,5% discount,0
3935,5696.52,Earbuds,evening,9,10% discount,0
3936,3742.42,Jeans,afternoon,7,10% discount,1
3937,4782.01,T-Shirt,morning,9,10% discount,1
3938,9965.22,Jeans,evening,1,5% discount,0
3939,4517.6,Backpack,morning,8,20% discount,0
3940,5809.09,Phone Case,afternoon,3,5% discount,0
3941,1937.91,Phone Case,evening,9,20% discount,1
3942,4072.78,Sports Cap,evening,1,10% discount,0
3943,11509.83,Cushion|Coffee Mug,evening,4,5% discount,0
3944,3899.35,Coffee Mug,afternoon,10,20% discount,0
3945,8852.98,Adidas Running Shoes,evening,9,10% discount,1
3946,1745.56,Phone Case,evening,9,Free Shipping,1
3947,11757.77,Cushion|Backpack,night,10,5% discount,0
3948,4444.11,Phone Case,afternoon,7,Free Shipping,0
3949,1965.18,T-Shirt,morning,5,20% discount,0
3950,8254.29,Backpack,afternoon,1,5% discount,0
3951,4751.69,Nike Shoes,afternoon,8,Free Shipping,0
3952,4495.8,Nike Shoes,morning,10,Free Shipping,0
3953,4965.15,Adidas Running Shoes,morning,0,5% discount,0
3954,16662.42,Puma Sneakers|Puma Sneakers,morning,3,20% discount,1
3955,10774.87,Jeans|Adidas Running Shoes,morning,0,Free Shipping,1
3956,6705.42,Cushion,night,1,10% discount,1
3957,5917.14,Earbuds,afternoon,7,10% discount,1
3958,6525.58,Cushion,afternoon,9,5% discount,0
3959,12485.98,Sports Cap|Earbuds,evening,2,Free Shipping,1
3960,8023.44,Coffee Mug,afternoon,9,10% discount,1
3961,2876.69,Jeans,evening,8,Free Shipping,0
3962,9792.55,Backpack,night,2,10% discount,0
3963,6650.99,Wristband|T-Shirt,afternoon,3,20% discount,0
3964,19211.91,Coffee Mug|Jacket|Cushion,evening,1,10% discount,1
3965,8729.8,Coffee Mug,night,6,20% discount,1
3966,1100.2,Puma Sneakers,evening,4,20% discount,0
3967,21643.11,Jacket|Coffee Mug|Wristband,afternoon,0,10% discount,1
3968,13909.32,Sports Cap|Backpack,morning,2,Free Shipping,1
3969,9782.87,Cushion|Coffee Mug|Earbuds,night,8,5% discount,0
3970,9767.69,Coffee Mug,morning,5,10% discount,1
3971,10129.35,Earbuds|Wristband,afternoon,6,10% discount,0
3972,9105.8,T-Shirt,morning,6,20% discount,0
3973,15626.56,Coffee Mug|Cushion,evening,0,10% discount,0
3974,2084.71,Backpack,night,2,10% discount,0
3975,1512.74,Cushion,night,1,20% discount,0
3976,1954.88,Earbuds,evening,8,10% discount,0
3977,9096.56,Jacket,night,7,Free Shipping,0
3978,7289.62,Puma Sneakers|Nike Shoes,morning,6,5% discount,0
3979,13462.96,Coffee Mug|Sports Cap,morning,0,5% discount,0
3980,5149.0,Adidas Running Shoes,morning,8,20% discount,1
3981,3983.47,Earbuds,morning,7,Free Shipping,0
3982,8563.44,Backpack,morning,2,Free Shipping,0
3983,8278.73,Jeans,afternoon,1,5% discount,1
3984,8516.13,Jacket,morning,9,Free Shipping,0
3985,6764.0,Adidas Running Shoes,morning,10,10% discount,1
3986,1137.39,Jeans,morning,10,10% discount,1
3987,2141.69,Earbuds,evening,9,5% discount,0
3988,7253.13,T-Shirt,afternoon,10,5% discount,0
3989,7234.47,Cushion,morning,0,10% discount,0
3990,9353.4,Coffee Mug|Adidas Running Shoes,morning,3,Free Shipping,0
3991,7149.31,Wristband|Cushion,afternoon,9,20% discount,0
3992,23007.89,Jeans|Puma Sneakers|Backpack,evening,6,Free Shipping,0
3993,4725.7,Nike Shoes,evening,0,Free Shipping,0
3994,5240.62,Puma Sneakers,night,10,20% discount,1
3995,8698.03,Phone Case,morning,8,Free Shipping,1
3996,5492.36,Jacket,evening,10,5% discount,0
3997,1049.31,T-Shirt,evening,4,10% discount,1
3998,7965.84,Nike Shoes,morning,0,5% discount,1
3999,5092.67,Wristband,morning,2,20% discount,1
4000,12196.35,Cushion|Jeans,afternoon,0,20% discount,1
4001,16189.29,Jacket|Coffee Mug|Jeans,night,9,5% discount,0
4002,7089.21,Puma Sneakers|Earbuds,afternoon,3,10% discount,0
4003,4790.56,Coffee Mug,night,5,Free Shipping,1
4004,5463.62,Jeans,night,3,Free Shipping,1
4005,13770.34,Nike Shoes|Nike Shoes|Adidas Running Shoes,afternoon,9,20% discount,1
4006,4384.55,Cushion,morning,2,5% discount,0
4007,3322.38,Jacket,night,9,10% discount,0
4008,2821.22,Coffee Mug,morning,0,10% discount,0
4009,5070.62,Backpack,afternoon,9,Free Shipping,1
4010,14643.03,Earbuds|Phone Case,morning,7,20% discount,0
4011,3917.14,Earbuds,night,8,10% discount,0
4012,8974.03,Earbuds|Coffee Mug,night,4,Free Shipping,0
4013,2679.27,T-Shirt,morning,6,10% discount,1
4014,14035.56,T-Shirt|Coffee Mug,afternoon,4,5% discount,1
4015,7800.73,T-Shirt,night,8,10% discount,0
4016,16245.24,Adidas Running Shoes|Jacket|Jacket,evening,0,Free Shipping,1
4017,11362.24,Adidas Running Shoes|Jeans,evening,3,Free Shipping,0
4018,6561.72,Cushion|Cushion,evening,3,Free Shipping,0
4019,9111.27,Phone Case|Cushion,morning,3,10% discount,1
4020,7153.61,Earbuds,evening,4,10% discount,1
4021,17763.21,Phone Case|Jeans|Phone Case,afternoon,3,Free Shipping,1
4022,1182.19,Puma Sneakers,morning,9,Free Shipping,0
4023,2787.16,Jeans,morning,4,5% discount,0
4024,18264.86,Earbuds|Adidas Running Shoes,afternoon,0,10% discount,0
4025,1933.13,Puma Sneakers,evening,0,20% discount,0
4026,11417.3,Adidas Running Shoes|Nike Shoes,night,9,20% discount,1
4027,6319.13,Sports Cap,morning,8,10% discount,1
4028,19464.5,T-Shirt|Cushion|T-Shirt,evening,6,5% discount,1
4029,14162.88,Sports Cap|Cushion,afternoon,1,Free Shipping,1
4030,10855.39,Wristband|Earbuds,afternoon,2,Free Shipping,0
4031,16892.06,Earbuds|Puma Sneakers,afternoon,0,5% discount,0
4032,3474.35,Jacket,afternoon,3,20% discount,1
4033,8936.1,Phone Case|Coffee Mug,morning,4,10% discount,0
4034,8824.29,Sports Cap,afternoon,2,20% discount,1
4035,8839.67,Cushion|Phone Case,night,4,10% discount,0
4036,14051.2,Earbuds|Cushion|Phone Case,night,5,Free Shipping,0
4037,9372.73,Backpack,night,2,10% discount,0
4038,3882.15,Cushion,afternoon,6,Free Shipping,0
4039,14907.9,Jacket|Jeans,morning,10,Free Shipping,1
4040,4180.6,Coffee Mug,morning,9,Free Shipping,0
4041,4039.37,Sports Cap,evening,10,Free Shipping,0
4042,2949.22,Adidas Running Shoes,night,7,5% discount,0
4043,16592.87,Earbuds|Wristband,evening,9,20% discount,1
4044,9685.13,Coffee Mug,evening,4,Free Shipping,0
4045,8863.63,Jeans,afternoon,9,10% discount,0
4046,6099.88,Nike Shoes,afternoon,8,10% discount,0
4047,5930.87,Sports Cap,night,10,20% discount,1
4048,5555.32,Sports Cap,evening,2,10% discount,0
4049,7485.1,Adidas Running Shoes|Cushion,evening,7,10% discount,0
4050,6576.4,Jeans,afternoon,2,10% discount,0
4051,17791.93,Coffee Mug|Phone Case|T-Shirt,afternoon,0,10% discount,0
4052,8226.09,Puma Sneakers,morning,4,Free Shipping,0
4053,6039.65,Jacket,morning,2,5% discount,0
4054,15222.77,Puma Sneakers|Phone Case|Puma Sneakers,evening,9,20% discount,1
4055,7146.2,Backpack,morning,2,20% discount,1
4056,23419.88,Backpack|Sports Cap|Phone Case,afternoon,1,10% discount,0
4057,5877.32,Phone Case,night,5,10% discount,0
4058,14319.4,Adidas Running Shoes|Cushion,night,1,5% discount,0
4059,10561.36,Cushion|Adidas Running Shoes,afternoon,3,5% discount,0
4060,8149.38,Cushion,night,9,5% discount,0
4061,15037.78,Jeans|Cushion,night,10,20% discount,1
4062,2794.98,Nike Shoes,afternoon,8,Free Shipping,0
4063,6017.37,Coffee Mug,morning,4,10% discount,1
4064,3527.08,Adidas Running Shoes,night,2,Free Shipping,0
4065,2579.44,Earbuds,night,3,Free Shipping,0
4066,6467.62,Earbuds,afternoon,7,20% discount,1
4067,7658.85,Jeans,morning,3,10% discount,0
4068,8405.42,Coffee Mug,night,9,10% discount,1
4069,10358.17,Coffee Mug|Adidas Running Shoes,night,7,10% discount,0
4070,13070.37,Phone Case|Earbuds,morning,1,10% discount,0
4071,15856.06,Earbuds|Puma Sneakers|Sports Cap,afternoon,3,10% discount,0
4072,6510.81,T-Shirt,afternoon,2,5% discount,1
4073,4344.51,Cushion,evening,7,Free Shipping,0
4074,16666.26,Nike Shoes|T-Shirt|Puma Sneakers,night,4,20% discount,1
4075,17870.14,Nike Shoes|Jacket,morning,0,5% discount,1
4076,2099.8,Sports Cap,afternoon,8,Free Shipping,0
4077,13730.06,Coffee Mug|Wristband,morning,10,10% discount,0
4078,3929.45,Jacket,morning,10,5% discount,0
4079,6370.64,Backpack,afternoon,2,Free Shipping,1
4080,1456.85,Nike Shoes,evening,7,10% discount,0
4081,7359.93,Coffee Mug|Phone Case,evening,5,10% discount,0
4082,5254.96,Jeans,morning,7,Free Shipping,0
4083,3138.32,Adidas Running Shoes,evening,10,5% discount,1
4084,9339.79,Puma Sneakers,afternoon,0,10% discount,1
4085,9587.64,Nike Shoes,afternoon,8,5% discount,1
4086,16945.18,Cushion|Earbuds|Backpack,evening,9,5% discount,1
4087,6795.57,Cushion,morning,5,20% discount,1
4088,9055.78,Wristband,evening,2,5% discount,0
4089,6009.2,Cushion|Cushion,evening,1,5% discount,1
4090,11347.13,Cushion|Earbuds,afternoon,0,Free Shipping,1
4091,3559.02,Jeans,evening,6,20% discount,0
4092,4315.02,Cushion,afternoon,6,5% discount,0
4093,1354.72,Jacket,evening,8,5% discount,0
4094,6328.97,Earbuds,afternoon,5,Free Shipping,1
4095,6424.56,Wristband,night,1,10% discount,0
4096,11778.09,Puma Sneakers|Cushion,night,2,Free Shipping,0
4097,24999.71,T-Shirt|Earbuds|Nike Shoes,afternoon,7,5% discount,0
4098,3315.22,Earbuds,morning,9,10% discount,0
4099,8455.0,Phone Case,afternoon,3,20% discount,0
4100,1608.08,Phone Case,evening,9,20% discount,0
4101,4141.15,Cushion,morning,7,Free Shipping,0
4102,12165.13,Phone Case|Jeans,afternoon,8,10% discount,0
4103,7505.94,Jeans,afternoon,8,10% discount,0
4104,11702.08,Earbuds|Phone Case,night,7,5% discount,0
4105,11088.65,Jacket|Earbuds,evening,0,5% discount,1
4106,2839.11,Nike Shoes,evening,8,10% discount,0
4107,13748.1,Jacket|Puma Sneakers|Earbuds,night,8,Free Shipping,0
4108,4013.58,Nike Shoes|Sports Cap,night,5,Free Shipping,0
4109,1695.57,Earbuds,morning,1,10% discount,0
4110,3906.01,Phone Case,night,8,Free Shipping,1
4111,4817.83,Cushion,afternoon,9,Free Shipping,0
4112,4446.56,Phone Case,morning,4,5% discount,0
4113,2381.31,T-Shirt,morning,2,10% discount,0
4114,16436.3,Phone Case|Phone Case,afternoon,7,Free Shipping,1
4115,2366.35,Earbuds,afternoon,5,20% discount,0
4116,4759.21,Backpack,afternoon,0,10% discount,0
4117,7851.02,Sports Cap,night,1,10% discount,1
4118,5509.09,Jacket,night,10,Free Shipping,0
4119,9790.16,Phone Case,morning,1,5% discount,0
4120,5291.44,Coffee Mug,night,3,10% discount,0
4121,3309.72,Nike Shoes,night,1,20% discount,0
4122,9061.68,Wristband,evening,2,Free Shipping,0
4123,6487.57,Phone Case,evening,0,Free Shipping,1
4124,15368.48,T-Shirt|Puma Sneakers,evening,4,10% discount,1
4125,14887.02,Jeans|Wristband|Nike Shoes,afternoon,9,5% discount,0
4126,7998.35,Coffee Mug,afternoon,5,Free Shipping,0
4127,1264.58,Sports Cap,evening,7,5% discount,1
4128,14438.03,Puma Sneakers|Earbuds,night,4,5% discount,0
4129,17667.88,Adidas Running Shoes|Jacket|Earbuds,morning,0,10% discount,0
4130,4385.61,Jacket|Jacket,afternoon,6,Free Shipping,0
4131,2162.23,T-Shirt,evening,6,Free Shipping,0
4132,16613.81,Coffee Mug|Jacket,night,4,20% discount,1
4133,3583.85,Jeans,afternoon,0,10% discount,0
4134,8501.45,Adidas Running Shoes,afternoon,6,10% discount,0
4135,16178.77,Jacket|Nike Shoes,night,5,Free Shipping,0
4136,13406.58,Puma Sneakers|Backpack,evening,8,10% discount,0
4137,9610.91,Puma Sneakers|Cushion,night,7,10% discount,0
4138,2718.54,Backpack,evening,6,10% discount,1
4139,9952.51,Jacket|Backpack|Earbuds,night,5,Free Shipping,0
4140,7895.51,Cushion,morning,7,Free Shipping,0
4141,7680.16,Adidas Running Shoes,afternoon,8,20% discount,1
4142,5499.46,Coffee Mug|Jacket,evening,3,Free Shipping,0
4143,9033.57,Jeans,morning,1,10% discount,1
4144,2010.52,Earbuds,morning,3,10% discount,0
4145,2735.02,Earbuds,morning,6,5% discount,0
4146,4236.42,Cushion|Jeans,afternoon,3,5% discount,0
4147,3429.47,T-Shirt,morning,4,20% discount,0
4148,8838.69,T-Shirt,morning,9,5% discount,0
4149,9119.74,Earbuds,afternoon,10,20% discount,0
4150,7800.76,Jeans|Sports Cap,night,1,20% discount,1
4151,11379.78,Adidas Running Shoes|Cushion,afternoon,7,20% discount,1
4152,1761.05,T-Shirt,afternoon,6,5% discount,0
4153,6027.04,Phone Case,evening,1,5% discount,0
4154,11891.63,Adidas Running Shoes|Backpack,night,9,5% discount,1
4155,2315.89,Sports Cap,afternoon,0,20% discount,1
4156,2238.16,Earbuds,morning,0,20% discount,1
4157,9564.16,Nike Shoes,night,2,10% discount,0
4158,14405.33,T-Shirt|Jacket|Adidas Running Shoes,night,10,Free Shipping,0
4159,6750.72,Jeans,night,10,20% discount,1
4160,7030.98,Adidas Running Shoes|Coffee Mug,night,8,20% discount,1
4161,5139.75,T-Shirt,evening,3,10% discount,0
4162,8220.33,T-Shirt|Puma Sneakers,evening,8,5% discount,0
4163,13220.56,Earbuds|Cushion,afternoon,0,10% discount,1
4164,5995.62,Phone Case,evening,9,5% discount,0
4165,5800.54,Earbuds,evening,6,5% discount,0
4166,1328.89,Puma Sneakers,afternoon,4,20% discount,1
4167,9680.42,Phone Case,afternoon,3,5% discount,0
4168,4283.13,Phone Case,afternoon,1,10% discount,0
4169,11151.49,Coffee Mug|Cushion,afternoon,0,20% discount,1
4170,11033.78,Earbuds|T-Shirt,evening,0,20% discount,1
4171,9532.93,Wristband|Jeans,morning,3,5% discount,0
4172,2198.92,Earbuds,morning,9,10% discount,1
4173,16061.57,Phone Case|Phone Case,evening,6,10% discount,0
4174,6814.96,Sports Cap,evening,7,10% discount,0
4175,11943.96,Jacket|Adidas Running Shoes|Wristband,evening,2,10% discount,0
4176,6282.41,Cushion|Wristband,evening,0,10% discount,1
4177,4371.2,Sports Cap,afternoon,9,Free Shipping,0
4178,12249.84,Wristband|Sports Cap,evening,4,10% discount,1
4179,2735.82,Earbuds,night,8,5% discount,0
4180,16104.3,Nike Shoes|T-Shirt,morning,6,20% discount,1
4181,9828.57,Coffee Mug|T-Shirt,evening,7,10% discount,1
4182,13871.56,Cushion|Sports Cap|Puma Sneakers,morning,3,10% discount,1
4183,9233.01,Backpack,evening,2,20% discount,0
4184,9649.82,Jeans,morning,1,10% discount,1
4185,1190.7,Backpack,evening,10,10% discount,1
4186,18529.89,Wristband|Backpack,morning,8,10% discount,1
4187,8617.4,Coffee Mug,morning,10,10% discount,0
4188,20890.68,Backpack|Wristband|Earbuds,afternoon,5,5% discount,1
4189,2641.4,Cushion,night,9,5% discount,0
4190,13606.23,Jacket|T-Shirt,afternoon,0,20% discount,1
4191,13484.85,Jacket|Nike Shoes,night,9,Free Shipping,0
4192,11630.23,Backpack|Earbuds,night,8,20% discount,1
4193,11954.56,Puma Sneakers|Cushion,evening,0,20% discount,1
4194,4920.12,Jacket,morning,3,10% discount,1
4195,3053.76,Phone Case,night,0,10% discount,0
4196,9215.96,Nike Shoes|Earbuds,afternoon,3,Free Shipping,0
4197,13944.26,Jacket|Jacket|Puma Sneakers,night,3,10% discount,1
4198,13197.62,Cushion|Nike Shoes,night,0,10% discount,0
4199,6029.95,Coffee Mug,morning,4,5% discount,0
4200,2954.81,Nike Shoes,evening,7,10% discount,0
4201,10615.34,Phone Case|Backpack,afternoon,4,5% discount,1
4202,14757.67,Backpack|T-Shirt,afternoon,6,5% discount,1
4203,4896.64,Earbuds|Earbuds,morning,0,10% discount,1
4204,5408.48,Backpack,afternoon,1,10% discount,0
4205,7395.15,Cushion,afternoon,6,5% discount,0
4206,7409.67,Earbuds,evening,1,20% discount,1
4207,3262.4,Cushion,night,5,20% discount,1
4208,1384.0,Jeans,night,7,5% discount,1
4209,9676.22,Wristband,night,6,5% discount,0
4210,4498.11,Backpack,morning,2,5% discount,0
4211,1105.14,Jacket,night,4,Free Shipping,0
4212,13711.34,Cushion|Adidas Running Shoes|Jeans,night,5,5% discount,0
4213,8339.93,Adidas Running Shoes|Cushion,morning,8,Free Shipping,1
4214,7847.33,Earbuds,night,5,5% discount,0
4215,11393.51,T-Shirt|Jeans,morning,7,Free Shipping,0
4216,1397.73,Phone Case,afternoon,0,20% discount,0
4217,18120.85,Wristband|Backpack|Earbuds,evening,3,10% discount,1
4218,6376.29,Wristband|Earbuds,afternoon,5,10% discount,1
4219,14609.76,Coffee Mug|Adidas Running Shoes,morning,6,Free Shipping,0
4220,1471.44,Cushion,night,8,5% discount,0
4221,5556.76,Jeans,evening,2,Free Shipping,1
4222,12917.59,Adidas Running Shoes|Jacket,morning,5,5% discount,0
4223,9030.13,Cushion,night,7,10% discount,0
4224,22043.15,Coffee Mug|Phone Case|Backpack,night,1,Free Shipping,0
4225,8812.96,Jeans,evening,0,5% discount,0
4226,2553.26,Puma Sneakers,morning,1,Free Shipping,1
4227,11550.43,Nike Shoes|Jacket,morning,1,10% discount,0
4228,11004.48,Cushion|Wristband,evening,0,5% discount,0
4229,8434.63,Wristband,evening,9,10% discount,0
4230,11014.78,T-Shirt|Cushion,afternoon,8,5% discount,0
4231,15007.82,Cushion|Adidas Running Shoes,night,9,Free Shipping,1
4232,4924.5,Phone Case,morning,1,Free Shipping,0
4233,8456.43,Coffee Mug,evening,4,Free Shipping,0
4234,2469.11,Phone Case,afternoon,8,10% discount,0
4235,7924.79,Cushion,evening,2,Free Shipping,0
4236,8612.39,Cushion,night,7,5% discount,0
4237,4816.63,Adidas Running Shoes|Cushion,evening,3,20% discount,1
4238,4065.43,T-Shirt,morning,7,Free Shipping,0
4239,1094.01,Puma Sneakers,evening,0,20% discount,0
4240,5397.83,Cushion,morning,9,20% discount,1
4241,8421.43,Phone Case,evening,0,20% discount,0
4242,4590.96,T-Shirt,evening,8,Free Shipping,0
4243,8064.01,Adidas Running Shoes,afternoon,3,5% discount,1
4244,10549.73,Nike Shoes|T-Shirt,afternoon,4,Free Shipping,1
4245,3776.05,Sports Cap,night,6,10% discount,0
4246,4179.68,Adidas Running Shoes,afternoon,1,Free Shipping,0
4247,14575.53,Earbuds|Jeans,afternoon,5,5% discount,0
4248,5963.23,Earbuds,evening,3,10% discount,0
4249,9501.15,Puma Sneakers,evening,10,Free Shipping,0
4250,4623.12,Cushion,night,0,10% discount,0
4251,7088.66,Adidas Running Shoes,night,1,Free Shipping,0
4252,2901.93,Sports Cap,night,5,Free Shipping,0
4253,8825.19,Nike Shoes,evening,0,20% discount,1
4254,7651.69,Cushion,afternoon,1,10% discount,0
4255,3286.21,Phone Case,morning,5,20% discount,0
4256,5848.4,Earbuds|Jacket,evening,1,5% discount,0
4257,9713.54,Cushion,morning,2,20% discount,1
4258,3602.61,Cushion,morning,10,Free Shipping,0
4259,7145.78,Puma Sneakers,afternoon,3,10% discount,1
4260,6876.6,Jacket,morning,10,10% discount,1
4261,7902.03,Cushion,morning,5,10% discount,0
4262,7638.39,Puma Sneakers|Adidas Running Shoes,morning,1,20% discount,1
4263,8620.82,Jeans|Jacket,afternoon,0,5% discount,1
4264,7518.03,Earbuds,afternoon,4,20% discount,1
4265,6447.31,Jacket|Coffee Mug,night,6,10% discount,1
4266,11286.59,Adidas Running Shoes|Wristband,evening,2,10% discount,0
4267,12706.81,Sports Cap|Cushion,night,5,10% discount,0
4268,14798.83,Coffee Mug|Jacket,evening,1,5% discount,1
4269,16275.12,Coffee Mug|Jeans,morning,5,5% discount,0
4270,12756.42,Phone Case|Adidas Running Shoes,morning,8,20% discount,1
4271,7612.48,Jeans|Cushion,evening,7,Free Shipping,0
4272,17872.61,Cushion|Earbuds|Puma Sneakers,afternoon,10,Free Shipping,1
4273,4172.38,Backpack|Adidas Running Shoes|Cushion,night,2,20% discount,0
4274,6678.83,Adidas Running Shoes,morning,2,10% discount,1
4275,2256.7,Cushion,morning,8,10% discount,0
4276,13241.66,Sports Cap|Wristband,morning,7,Free Shipping,0
4277,4731.08,Jeans,morning,1,5% discount,0
4278,8640.34,Backpack,afternoon,2,10% discount,1
4279,14902.06,Cushion|Nike Shoes,night,1,5% discount,1
4280,8589.03,Sports Cap|Adidas Running Shoes,morning,1,5% discount,0
4281,5937.31,Puma Sneakers,morning,9,5% discount,0
4282,20916.69,Adidas Running Shoes|Cushion|Sports Cap,afternoon,2,10% discount,1
4283,9429.17,Earbuds|Nike Shoes,evening,7,Free Shipping,1
4284,24388.39,Phone Case|Puma Sneakers|Backpack,night,10,5% discount,0
4285,7270.48,Adidas Running Shoes,night,9,5% discount,0
4286,2001.78,Backpack,afternoon,4,20% discount,0
4287,19896.16,Jacket|Earbuds|Adidas Running Shoes,evening,4,Free Shipping,1
4288,9131.14,Puma Sneakers|Nike Shoes|Sports Cap,evening,6,20% discount,1
4289,3081.52,Backpack,evening,9,5% discount,1
4290,4178.3,Jeans,night,9,20% discount,0
4291,15094.25,Wristband|Cushion|Nike Shoes,afternoon,7,5% discount,0
4292,9596.5,Puma Sneakers,night,3,20% discount,1
4293,11776.33,Nike Shoes|Earbuds|Sports Cap,evening,2,10% discount,0
4294,9945.76,Sports Cap,afternoon,5,10% discount,1
4295,6689.56,Backpack,night,6,Free Shipping,0
4296,13440.59,Nike Shoes|Adidas Running Shoes,morning,1,5% discount,0
4297,7249.59,Phone Case,morning,10,Free Shipping,1
4298,5893.72,Backpack,morning,3,5% discount,0
4299,1545.5,Jeans,evening,7,20% discount,0
4300,16715.49,Backpack|Phone Case|Adidas Running Shoes,evening,6,5% discount,1
4301,2659.55,Cushion,afternoon,0,Free Shipping,0
4302,2160.39,Adidas Running Shoes,night,0,10% discount,0
4303,2013.11,Nike Shoes,morning,8,20% discount,0
4304,6799.3,Phone Case,night,5,10% discount,1
4305,1965.65,Cushion,night,6,10% discount,0
4306,8788.01,Backpack,night,3,10% discount,1
4307,6176.53,Adidas Running Shoes,night,5,Free Shipping,1
4308,6190.75,Earbuds,afternoon,6,10% discount,0
4309,4140.68,Cushion,afternoon,3,20% discount,0
4310,11334.13,T-Shirt|Nike Shoes,night,1,20% discount,0
4311,6138.12,Jacket,evening,7,Free Shipping,0
4312,6892.73,Nike Shoes,night,2,20% discount,1
4313,7384.36,Earbuds,evening,6,10% discount,0
4314,2640.99,T-Shirt,night,9,10% discount,0
4315,5534.72,Nike Shoes,night,4,5% discount,1
4316,14107.52,Phone Case|Wristband,evening,2,Free Shipping,1
4317,9444.78,Wristband|Jeans|Wristband,afternoon,5,10% discount,1
4318,8066.03,Cushion|Earbuds,morning,3,5% discount,1
4319,8416.31,Jeans,evening,7,5% discount,0
4320,6151.55,Puma Sneakers,morning,0,Free Shipping,0
4321,4109.47,Wristband,morning,8,10% discount,0
4322,15676.44,Sports Cap|Wristband|Cushion,evening,7,Free Shipping,0
4323,3788.04,Sports Cap,night,1,10% discount,0
4324,5031.45,Jeans,afternoon,6,5% discount,1
4325,21343.88,Sports Cap|Jeans|Backpack,afternoon,2,20% discount,0
4326,4773.81,Phone Case,night,0,5% discount,1
4327,5996.75,Puma Sneakers,morning,1,5% discount,0
4328,16666.12,Earbuds|Adidas Running Shoes,morning,3,10% discount,1
4329,6013.7,Sports Cap|T-Shirt,night,0,20% discount,0
4330,9695.05,Wristband|Wristband,morning,9,Free Shipping,0
4331,9892.44,Coffee Mug|Sports Cap,night,4,20% discount,0
4332,9938.63,Phone Case,night,3,20% discount,0
4333,4541.0,Adidas Running Shoes,evening,5,Free Shipping,0
4334,9279.23,Puma Sneakers|Phone Case,evening,4,10% discount,0
4335,2430.2,Wristband,morning,6,10% discount,0
4336,6953.15,Phone Case,night,3,Free Shipping,0
4337,9500.19,Wristband,morning,10,5% discount,0
4338,5511.15,Jacket,night,4,Free Shipping,1
4339,15548.77,Jacket|T-Shirt,morning,3,Free Shipping,0
4340,20081.18,T-Shirt|Sports Cap|Nike Shoes,evening,10,Free Shipping,1
4341,14337.55,Nike Shoes|Nike Shoes,night,10,20% discount,1
4342,7539.79,Phone Case,night,4,Free Shipping,0
4343,4883.5,Wristband,afternoon,0,10% discount,1
4344,12319.76,Nike Shoes|Cushion,night,1,Free Shipping,0
4345,6438.89,Backpack|Backpack|Wristband,morning,4,Free Shipping,0
4346,1912.13,Coffee Mug,night,10,5% discount,0
4347,2851.5,Coffee Mug,afternoon,10,Free Shipping,0
4348,6204.47,Phone Case|Jeans,evening,3,5% discount,0
4349,8713.1,T-Shirt|Jacket,night,9,5% discount,1
4350,7124.65,Nike Shoes,morning,0,5% discount,1
4351,7788.21,Puma Sneakers,evening,1,20% discount,1
4352,10123.45,Sports Cap|Puma Sneakers|Cushion,night,9,10% discount,1
4353,11583.78,Nike Shoes|Coffee Mug|Wristband,morning,0,20% discount,1
4354,7481.47,Earbuds|Coffee Mug,morning,3,5% discount,0
4355,3767.25,Backpack,evening,7,20% discount,1
4356,6880.04,Coffee Mug,morning,9,Free Shipping,0
4357,9461.41,Wristband,evening,3,Free Shipping,0
4358,15839.97,Cushion|Wristband|Phone Case,evening,6,10% discount,1
4359,16790.69,Cushion|Cushion|Adidas Running Shoes,afternoon,0,10% discount,1
4360,1324.76,Phone Case,morning,1,10% discount,0
4361,8171.93,Coffee Mug,afternoon,6,Free Shipping,1
4362,9634.41,Jacket|Earbuds,night,1,10% discount,0
4363,1078.57,Earbuds,night,8,Free Shipping,0
4364,1295.17,Earbuds,morning,7,Free Shipping,0
4365,8111.97,Puma Sneakers,afternoon,1,Free Shipping,1
4366,9172.21,Sports Cap,afternoon,3,10% discount,1
4367,2484.94,Cushion,afternoon,8,Free Shipping,0
4368,4387.68,Coffee Mug,morning,9,10% discount,0
4369,1220.92,Wristband,morning,3,20% discount,1
4370,13847.35,Coffee Mug|Cushion,night,9,Free Shipping,1
4371,11727.41,Adidas Running Shoes|Nike Shoes,evening,8,10% discount,0
4372,19166.83,Sports Cap|Nike Shoes|Adidas Running Shoes,evening,10,20% discount,1
4373,18423.14,Cushion|Phone Case|Earbuds,morning,9,Free Shipping,1
4374,7212.1,Nike Shoes|Jeans,morning,9,5% discount,1
4375,10803.5,Jacket|Wristband,night,3,10% discount,1
4376,17915.2,Cushion|Earbuds,afternoon,1,20% discount,0
4377,2946.12,Adidas Running Shoes,night,9,Free Shipping,0
4378,8972.68,Sports Cap,evening,8,10% discount,0
4379,5236.91,Earbuds,evening,7,5% discount,0
4380,6289.66,Phone Case,night,8,5% discount,1
4381,22676.78,Jeans|Cushion|T-Shirt,evening,7,Free Shipping,0
4382,6459.07,Cushion,afternoon,4,5% discount,0
4383,17659.5,Earbuds|Jeans|T-Shirt,evening,10,20% discount,1
4384,3648.11,Cushion,morning,4,Free Shipping,0
4385,6657.89,Wristband,night,0,10% discount,1
4386,7264.3,Puma Sneakers|Coffee Mug|Jeans,afternoon,3,Free Shipping,0
4387,4330.68,Coffee Mug,evening,5,10% discount,0
4388,5741.23,Phone Case,night,10,20% discount,0
4389,9674.61,T-Shirt,afternoon,10,Free Shipping,1
4390,14818.52,Jeans|Coffee Mug,morning,8,10% discount,1
4391,6804.29,Adidas Running Shoes,afternoon,8,5% discount,0
4392,8470.33,Coffee Mug|Backpack,evening,8,10% discount,0
4393,1532.64,Wristband,morning,3,10% discount,0
4394,2048.5,Jacket,evening,0,Free Shipping,0
4395,4740.03,Wristband|Puma Sneakers,morning,9,20% discount,0
4396,9117.54,Puma Sneakers,morning,10,10% discount,0
4397,6867.66,Phone Case,night,7,5% discount,1
4398,2894.27,Coffee Mug,morning,2,20% discount,0
4399,4523.07,Earbuds,morning,1,Free Shipping,1
4400,7332.45,Adidas Running Shoes,afternoon,9,Free Shipping,0
4401,19249.78,Cushion|Phone Case|Adidas Running Shoes,evening,3,Free Shipping,0
4402,9124.3,Earbuds,morning,3,20% discount,0
4403,1370.55,Sports Cap,morning,0,20% discount,0
4404,8106.2,Jeans,night,2,Free Shipping,0
4405,22137.16,Adidas Running Shoes|Cushion|Backpack,night,8,5% discount,0
4406,1890.43,Nike Shoes,evening,8,10% discount,0
4407,11653.1,Puma Sneakers|Jeans,evening,3,10% discount,1
4408,3614.02,Nike Shoes,morning,1,10% discount,1
4409,7709.1,Wristband,morning,2,5% discount,1
4410,3313.98,Phone Case,night,3,Free Shipping,0
4411,7995.76,Sports Cap|Cushion,afternoon,1,10% discount,1
4412,14016.0,T-Shirt|Sports Cap|Phone Case,night,4,20% discount,1
4413,5069.4,Earbuds,evening,3,Free Shipping,0
4414,5643.62,Earbuds,night,0,Free Shipping,0
4415,14494.57,Jacket|Backpack,evening,6,20% discount,1
4416,9426.3,Coffee Mug,afternoon,4,Free Shipping,0
4417,2050.75,Sports Cap,night,2,20% discount,0
4418,7230.6,Adidas Running Shoes,night,1,5% discount,0
4419,14795.59,Adidas Running Shoes|Backpack,morning,7,5% discount,0
4420,4658.49,Sports Cap,morning,7,10% discount,0
4421,2850.89,Cushion,morning,0,Free Shipping,0
4422,14757.29,Sports Cap|T-Shirt|Earbuds,night,5,10% discount,1
4423,9253.82,Adidas Running Shoes,evening,3,5% discount,1
4424,4650.04,Puma Sneakers,night,10,Free Shipping,1
4425,9806.43,Jacket,morning,1,Free Shipping,1
4426,15122.03,Earbuds|Nike Shoes|Earbuds,afternoon,0,Free Shipping,1
4427,9573.46,Earbuds,evening,4,Free Shipping,0
4428,6709.12,Cushion|Phone Case,evening,3,20% discount,1
4429,2429.6,Jeans,evening,7,20% discount,0
4430,5397.57,Cushion,evening,2,10% discount,0
4431,6670.3,Jacket|Phone Case,afternoon,3,Free Shipping,1
4432,6928.21,Puma Sneakers,afternoon,4,5% discount,0
4433,13894.41,Sports Cap|Nike Shoes,afternoon,10,20% discount,0
4434,3180.97,Phone Case,afternoon,5,20% discount,0
4435,2735.83,Adidas Running Shoes,afternoon,0,Free Shipping,0
4436,5297.68,Earbuds,evening,6,5% discount,0
4437,8624.27,T-Shirt,morning,7,Free Shipping,0
4438,7163.94,Earbuds|Phone Case,evening,6,5% discount,0
4439,21733.56,Coffee Mug|Backpack|Jacket,morning,9,Free Shipping,0
4440,9096.78,Sports Cap,night,7,10% discount,1
4441,4366.52,T-Shirt,evening,9,10% discount,0
4442,4416.35,Puma Sneakers,afternoon,0,Free Shipping,0
4443,10228.12,Wristband|Backpack,morning,8,10% discount,1
4444,5071.28,Backpack,afternoon,8,5% discount,0
4445,2728.49,Backpack,afternoon,5,20% discount,1
4446,5732.03,Earbuds|Phone Case,afternoon,8,10% discount,0
4447,11935.51,Nike Shoes|Phone Case,night,3,5% discount,0
4448,1153.6,Adidas Running Shoes,evening,1,20% discount,1
4449,12686.04,Coffee Mug|Jeans,evening,5,Free Shipping,0
4450,1049.87,Wristband,afternoon,3,10% discount,0
4451,9306.0,Backpack,evening,8,Free Shipping,0
4452,14458.14,Adidas Running Shoes|T-Shirt,evening,6,5% discount,0
4453,8800.42,Earbuds|Adidas Running Shoes,night,4,Free Shipping,0
4454,5861.32,Cushion,evening,8,10% discount,0
4455,7535.27,Sports Cap|Puma Sneakers,night,6,20% discount,1
4456,10173.38,Adidas Running Shoes|T-Shirt,night,4,20% discount,0
4457,5992.99,Nike Shoes,night,0,Free Shipping,0
4458,3602.43,Phone Case,afternoon,9,5% discount,0
4459,5422.29,Puma Sneakers|Cushion|Adidas Running Shoes,night,9,5% discount,1
4460,17577.64,Nike Shoes|Puma Sneakers,morning,3,10% discount,0
4461,8008.61,Nike Shoes,morning,6,20% discount,0
4462,1330.05,Nike Shoes,morning,1,Free Shipping,0
4463,16979.75,Adidas Running Shoes|Jacket|Earbuds,night,4,20% discount,1
4464,8184.72,Wristband,morning,0,5% discount,0
4465,5572.49,Earbuds,morning,6,10% discount,1
4466,7258.66,Phone Case,night,4,5% discount,0
4467,1583.81,Earbuds,evening,6,20% discount,1
4468,2198.55,Cushion,morning,4,10% discount,1
4469,11338.65,Earbuds|Wristband,morning,4,10% discount,1
4470,6369.84,Phone Case,night,0,Free Shipping,0
4471,5740.5,Puma Sneakers,evening,9,10% discount,0
4472,3098.14,T-Shirt,evening,0,10% discount,0
4473,1687.86,Backpack,night,3,Free Shipping,0
4474,5175.56,Sports Cap|Coffee Mug,evening,2,Free Shipping,1
4475,3346.73,Wristband,night,8,Free Shipping,0
4476,4996.78,Sports Cap,evening,10,5% discount,1
4477,9168.24,Sports Cap|Earbuds,evening,9,Free Shipping,0
4478,6265.57,Backpack,evening,9,Free Shipping,0
4479,6434.83,Sports Cap,evening,8,10% discount,1
4480,7530.15,Earbuds,morning,7,10% discount,0
4481,7349.36,Phone Case,night,6,5% discount,0
4482,7762.17,Earbuds,night,6,Free Shipping,0
4483,5705.8,Backpack,evening,6,20% discount,1
4484,6828.89,T-Shirt,evening,2,Free Shipping,0
4485,8008.89,Nike Shoes|Wristband,evening,4,10% discount,1
4486,6070.6,Cushion,evening,5,Free Shipping,0
4487,11828.82,Wristband|T-Shirt,afternoon,3,10% discount,0
4488,10588.81,Puma Sneakers|Adidas Running Shoes,evening,5,20% discount,0
4489,6039.1,Phone Case,morning,3,Free Shipping,0
4490,2123.15,Coffee Mug,afternoon,2,10% discount,0
4491,9983.63,Earbuds|Earbuds,afternoon,6,20% discount,0
4492,3647.67,Backpack,evening,2,5% discount,0
4493,6380.56,Jacket,night,10,20% discount,1
4494,14415.88,Cushion|T-Shirt|Earbuds,night,6,10% discount,0
4495,3856.97,Puma Sneakers,morning,3,5% discount,0
4496,4727.92,Coffee Mug,morning,1,10% discount,1
4497,2496.84,T-Shirt,afternoon,6,20% discount,0
4498,3678.87,Sports Cap|Cushion,night,1,10% discount,0
4499,5804.85,Backpack,evening,7,Free Shipping,1
4500,6200.04,Wristband,afternoon,4,Free Shipping,0
4501,22279.72,Sports Cap|Earbuds|Cushion,evening,0,Free Shipping,0
4502,12435.98,Cushion|Earbuds|Coffee Mug,afternoon,5,Free Shipping,0
4503,7558.88,Adidas Running Shoes|Sports Cap,evening,9,20% discount,1
4504,1198.02,Adidas Running Shoes,morning,0,10% discount,0
4505,9530.8,Earbuds,afternoon,4,20% discount,0
4506,9716.16,Phone Case,evening,2,Free Shipping,0
4507,1995.43,T-Shirt,afternoon,5,10% discount,0
4508,4993.75,Puma Sneakers,afternoon,10,10% discount,0
4509,6561.04,Earbuds,night,0,Free Shipping,1
4510,4780.25,Jeans,morning,3,5% discount,0
4511,8288.61,Cushion,night,1,5% discount,0
4512,4492.71,T-Shirt,afternoon,9,5% discount,0
4513,5131.99,Sports Cap,evening,8,Free Shipping,0
4514,1410.52,Adidas Running Shoes,afternoon,9,Free Shipping,0
4515,14035.58,Puma Sneakers|Jeans|Coffee Mug,night,6,Free Shipping,1
4516,9656.38,Phone Case,afternoon,7,Free Shipping,0
4517,8018.56,Coffee Mug|Sports Cap,night,7,10% discount,1
4518,13278.4,Cushion|Phone Case,evening,0,Free Shipping,0
4519,18407.78,T-Shirt|Earbuds|Jeans,night,2,5% discount,0
4520,8074.04,Coffee Mug,evening,10,5% discount,0
4521,11062.82,Phone Case|Wristband,evening,10,Free Shipping,0
4522,8968.73,Sports Cap,afternoon,6,10% discount,0
4523,1642.03,T-Shirt,evening,7,Free Shipping,0
4524,9301.18,Wristband,afternoon,1,Free Shipping,0
4525,2044.45,Coffee Mug,afternoon,7,10% discount,1
4526,4635.7,T-Shirt|Wristband,morning,3,Free Shipping,0
4527,13449.46,Wristband|Backpack,night,8,10% discount,0
4528,1416.95,Nike Shoes,evening,8,5% discount,0
4529,9675.47,Jeans|Phone Case,night,10,10% discount,1
4530,4125.97,Jacket,night,2,10% discount,1
4531,17583.03,Coffee Mug|Phone Case|Earbuds,morning,7,20% discount,1
4532,9228.1,Jacket|Adidas Running Shoes,afternoon,10,10% discount,1
4533,4124.91,Coffee Mug,evening,6,Free Shipping,0
4534,11501.97,Backpack|Coffee Mug,night,5,5% discount,0
4535,7351.62,Adidas Running Shoes,night,1,10% discount,1
4536,9324.08,Sports Cap,evening,10,5% discount,0
4537,8586.86,Earbuds|Backpack,evening,8,Free Shipping,0
4538,1211.11,Backpack,night,2,5% discount,0
4539,8597.13,Phone Case,evening,10,20% discount,0
4540,18199.68,Phone Case|Coffee Mug,morning,3,Free Shipping,0
4541,5802.34,Cushion,morning,4,Free Shipping,0
4542,13257.39,T-Shirt|Adidas Running Shoes,night,6,5% discount,1
4543,14309.82,Coffee Mug|Sports Cap|Earbuds,afternoon,1,20% discount,0
4544,9231.82,T-Shirt|Puma Sneakers,morning,10,20% discount,1
4545,12924.92,Backpack|Sports Cap,night,8,Free Shipping,1
4546,3388.46,Puma Sneakers,evening,9,Free Shipping,0
4547,9907.22,Coffee Mug,evening,4,10% discount,1
4548,12916.88,Backpack|Phone Case,morning,3,20% discount,0
4549,16441.18,Sports Cap|Coffee Mug,morning,8,Free Shipping,1
4550,6040.9,Earbuds,morning,2,20% discount,0
4551,4492.33,Adidas Running Shoes,evening,5,10% discount,1
4552,8705.1,Puma Sneakers,morning,3,10% discount,1
4553,3665.13,Wristband,evening,9,Free Shipping,0
4554,8816.15,Wristband,evening,4,10% discount,1
4555,7833.57,Phone Case,afternoon,3,10% discount,0
4556,6484.19,Wristband|Sports Cap,afternoon,10,20% discount,1
4557,7058.05,Cushion,afternoon,2,Free Shipping,1
4558,6836.74,Earbuds,evening,3,10% discount,0
4559,14768.29,Cushion|Earbuds,morning,8,5% discount,0
4560,2904.8,Phone Case,night,0,10% discount,1
4561,2214.61,Puma Sneakers,evening,1,Free Shipping,0
4562,16766.55,Cushion|Puma Sneakers|Earbuds,morning,1,Free Shipping,0
4563,5453.41,Jeans,afternoon,2,5% discount,0
4564,9744.73,Jeans|Backpack,afternoon,3,5% discount,1
4565,4813.42,Coffee Mug|Nike Shoes,morning,9,10% discount,0
4566,4481.97,Adidas Running Shoes,evening,7,20% discount,1
4567,13757.4,Puma Sneakers|Earbuds,morning,2,10% discount,0
4568,8220.9,Nike Shoes|Cushion,evening,5,Free Shipping,0
4569,3113.24,Coffee Mug,night,0,20% discount,0
4570,13946.26,Puma Sneakers|Coffee Mug,night,7,10% discount,1
4571,4115.32,Phone Case,night,4,5% discount,0
4572,1143.84,Earbuds,night,2,Free Shipping,0
4573,1199.9,Puma Sneakers,night,3,10% discount,0
4574,9722.91,Jeans,evening,1,10% discount,1
4575,1439.39,T-Shirt,morning,9,20% discount,0
4576,5762.1,Coffee Mug|Puma Sneakers,night,2,10% discount,1
4577,17041.8,Cushion|Nike Shoes,morning,5,5% discount,0
4578,2112.08,Earbuds,morning,9,10% discount,1
4579,5006.86,Jeans,morning,6,Free Shipping,0
4580,2985.56,Adidas Running Shoes,morning,6,20% discount,1
4581,5806.16,Cushion,evening,1,20% discount,0
4582,8759.6,Sports Cap|Cushion,morning,2,Free Shipping,0
4583,8846.79,Phone Case,evening,4,Free Shipping,1
4584,2239.48,Wristband,morning,8,5% discount,0
4585,11869.0,Cushion|Phone Case,afternoon,10,10% discount,1
4586,6072.51,Coffee Mug,afternoon,10,10% discount,1
4587,8790.46,Phone Case,morning,5,20% discount,0
4588,14038.58,Puma Sneakers|Wristband|Cushion,morning,1,10% discount,1
4589,4316.7,Puma Sneakers,evening,5,5% discount,1
4590,5894.64,Cushion,evening,10,Free Shipping,0
4591,8089.4,Jeans,night,8,10% discount,1
4592,6534.96,Adidas Running Shoes,morning,4,Free Shipping,1
4593,5786.86,Backpack,evening,2,20% discount,1
4594,3367.33,Adidas Running Shoes,morning,9,20% discount,0
4595,17212.93,Wristband|Wristband,afternoon,1,10% discount,0
4596,6316.86,Earbuds,evening,0,Free Shipping,0
4597,1501.28,Coffee Mug,night,7,20% discount,1
4598,7403.48,Nike Shoes,night,10,Free Shipping,0
4599,15922.45,Puma Sneakers|Nike Shoes,evening,1,10% discount,0
4600,3958.58,Phone Case,afternoon,5,Free Shipping,0
4601,7591.67,Cushion,night,0,10% discount,1
4602,16677.86,Wristband|T-Shirt,night,3,10% discount,0
4603,1653.81,Wristband,afternoon,0,5% discount,0
4604,8056.93,Adidas Running Shoes|Sports Cap,night,6,Free Shipping,1
4605,9842.52,Cushion,morning,1,10% discount,0
4606,3637.61,Jeans,night,9,20% discount,0
4607,12331.48,Phone Case|Coffee Mug,evening,4,20% discount,1
4608,2570.6,Backpack,night,8,Free Shipping,0
4609,9895.23,Wristband|Backpack,afternoon,10,5% discount,1
4610,3285.12,Cushion,evening,3,Free Shipping,0
4611,10776.68,Coffee Mug|Jeans|Earbuds,evening,3,10% discount,0
4612,12873.65,Cushion|Adidas Running Shoes,afternoon,8,Free Shipping,0
4613,3045.88,Nike Shoes,morning,5,Free Shipping,0
4614,14024.26,Earbuds|Backpack,afternoon,7,Free Shipping,0
4615,9251.07,Cushion|Coffee Mug,afternoon,8,Free Shipping,0
4616,7714.53,Backpack|Earbuds,evening,9,Free Shipping,1
4617,19165.0,Jacket|Sports Cap|Jeans,night,10,20% discount,1
4618,17492.87,Cushion|Jacket|Backpack,night,10,20% discount,1
4619,14347.15,Cushion|Earbuds,night,5,20% discount,0
4620,10702.55,Coffee Mug|Cushion,afternoon,3,10% discount,1
4621,9950.85,Phone Case|Phone Case,afternoon,1,10% discount,0
4622,6499.59,Earbuds|Coffee Mug,evening,10,5% discount,0
4623,5950.28,Nike Shoes,night,0,10% discount,1
4624,7069.63,Jacket,afternoon,4,20% discount,0
4625,10197.54,Adidas Running Shoes|T-Shirt,evening,1,10% discount,0
4626,5236.77,Backpack,evening,9,Free Shipping,1
4627,8106.87,Phone Case,morning,0,20% discount,1
4628,1124.81,Adidas Running Shoes,afternoon,1,20% discount,0
4629,4435.44,Cushion,evening,2,Free Shipping,1
4630,8851.27,Coffee Mug|Coffee Mug,night,6,5% discount,0
4631,1600.05,Puma Sneakers,afternoon,9,Free Shipping,1
4632,7602.52,Cushion|Earbuds,night,1,10% discount,0
4633,6812.73,Cushion|Coffee Mug,morning,6,10% discount,0
4634,9342.78,Phone Case,night,10,5% discount,0
4635,8471.04,Sports Cap,morning,8,10% discount,1
4636,13531.29,Cushion|Jacket,afternoon,8,Free Shipping,1
4637,6591.31,Backpack,evening,6,20% discount,0
4638,6511.29,Coffee Mug,afternoon,3,Free Shipping,0
4639,9970.44,Wristband|Sports Cap,evening,6,20% discount,0
4640,6031.17,Earbuds,morning,0,20% discount,1
4641,5517.29,Sports Cap,afternoon,0,20% discount,0
4642,8280.95,Adidas Running Shoes,afternoon,9,20% discount,1
4643,9869.32,Backpack|Cushion,night,7,Free Shipping,0
4644,14963.57,Jeans|Nike Shoes|Earbuds,morning,1,10% discount,0
4645,9112.63,Coffee Mug,afternoon,1,10% discount,0
4646,9063.9,Phone Case|Cushion|Backpack,evening,9,10% discount,1
4647,1770.98,Puma Sneakers,afternoon,2,5% discount,1
4648,6589.18,Nike Shoes,morning,1,5% discount,0
4649,6758.06,Adidas Running Shoes,afternoon,1,20% discount,0
4650,8952.12,Adidas Running Shoes,afternoon,8,10% discount,1
4651,1598.11,Coffee Mug,morning,1,Free Shipping,0
4652,5733.21,Adidas Running Shoes,night,8,10% discount,1
4653,5249.94,Puma Sneakers|Cushion,night,2,10% discount,0
4654,3317.18,Backpack,morning,7,5% discount,0
4655,6042.88,Cushion,night,4,Free Shipping,0
4656,7241.33,T-Shirt,afternoon,5,5% discount,0
4657,7177.24,Earbuds,evening,7,20% discount,1
4658,12903.45,Sports Cap|Coffee Mug,night,0,10% discount,1
4659,1124.84,Cushion,night,10,10% discount,0
4660,1435.12,Jacket,afternoon,5,Free Shipping,1
4661,2175.45,Cushion,night,8,5% discount,0
4662,11882.78,Coffee Mug|Puma Sneakers,night,10,20% discount,1
4663,15603.25,T-Shirt|Sports Cap|Adidas Running Shoes,afternoon,2,5% discount,1
4664,7101.89,Puma Sneakers,evening,2,20% discount,1
4665,9126.58,Wristband,night,0,Free Shipping,0
4666,11243.31,Wristband|Puma Sneakers,afternoon,8,20% discount,1
4667,16307.11,Phone Case|Adidas Running Shoes,night,4,10% discount,0
4668,2622.37,Jacket,afternoon,0,Free Shipping,0
4669,10803.28,Adidas Running Shoes|Backpack,night,5,Free Shipping,1
4670,6002.96,Coffee Mug,morning,0,5% discount,0
4671,1482.31,T-Shirt,evening,7,20% discount,0
4672,3557.0,Earbuds,night,10,5% discount,1
4673,13000.52,Sports Cap|Earbuds|Jeans,morning,8,10% discount,1
4674,2165.68,Jacket,morning,6,5% discount,1
4675,2734.54,Adidas Running Shoes,night,9,Free Shipping,0
4676,13982.7,Puma Sneakers|Cushion,morning,0,10% discount,1
4677,6079.54,Phone Case|Sports Cap,morning,10,10% discount,1
4678,17731.67,Backpack|Coffee Mug|Sports Cap,evening,1,Free Shipping,0
4679,11618.86,Sports Cap|Jacket,evening,2,20% discount,0
4680,6829.94,Earbuds,evening,3,20% discount,0
4681,10060.33,Cushion|Earbuds,evening,3,10% discount,0
4682,7075.48,Jeans,afternoon,10,10% discount,1
4683,14277.62,Earbuds|Earbuds,night,9,20% discount,1
4684,4279.12,Wristband,afternoon,4,Free Shipping,1
4685,16773.32,Coffee Mug|Earbuds,afternoon,4,10% discount,0
4686,3554.68,Cushion,night,6,5% discount,1
4687,14484.95,Jeans|Sports Cap,night,4,Free Shipping,1
4688,8814.71,Jacket,night,5,Free Shipping,1
4689,8073.94,Sports Cap,night,6,Free Shipping,0
4690,17708.15,Wristband|Backpack,afternoon,2,10% discount,0
4691,11010.21,Sports Cap|Cushion,night,10,Free Shipping,0
4692,11010.37,Wristband|Sports Cap,evening,2,10% discount,1
4693,4782.42,T-Shirt,night,3,10% discount,1
4694,14929.59,Coffee Mug|Jacket|Jacket,morning,2,5% discount,1
4695,13888.22,Backpack|T-Shirt,afternoon,6,10% discount,1
4696,5281.86,Phone Case,afternoon,3,10% discount,0
4697,6482.04,T-Shirt,night,4,10% discount,1
4698,3127.6,Puma Sneakers,afternoon,5,20% discount,0
4699,17085.89,Phone Case|Wristband,morning,3,20% discount,1
4700,5106.58,T-Shirt|T-Shirt|Adidas Running Shoes,evening,6,10% discount,0
4701,7747.69,Phone Case,morning,1,Free Shipping,0
4702,6709.66,Jacket,afternoon,3,10% discount,1
4703,6407.03,Phone Case,morning,6,20% discount,1
4704,8842.47,Sports Cap,afternoon,8,5% discount,1
4705,4206.87,Puma Sneakers,evening,0,10% discount,0
4706,8699.31,Wristband,night,5,Free Shipping,0
4707,5917.88,Adidas Running Shoes,night,10,10% discount,0
4708,3506.21,Puma Sneakers,night,6,10% discount,1
4709,15841.94,Jeans|Nike Shoes,night,1,20% discount,1
4710,8952.36,Sports Cap|Coffee Mug,evening,9,20% discount,1
4711,1065.41,Jacket,evening,8,Free Shipping,0
4712,6099.56,Phone Case,morning,2,20% discount,0
4713,23162.83,Jeans|Coffee Mug|Puma Sneakers,afternoon,1,20% discount,0
4714,8260.97,Coffee Mug|Sports Cap,night,5,5% discount,0
4715,2813.5,Jacket,night,4,Free Shipping,0
4716,7223.09,Sports Cap,afternoon,9,Free Shipping,1
4717,7449.09,Jeans,night,10,10% discount,1
4718,1049.56,Jeans,evening,6,5% discount,0
4719,9622.29,Wristband|Phone Case,night,2,5% discount,1
4720,8692.07,T-Shirt,morning,6,Free Shipping,0
4721,6300.83,Earbuds,afternoon,2,Free Shipping,1
4722,3844.12,Earbuds,afternoon,9,Free Shipping,0
4723,7332.66,Jacket,evening,4,10% discount,1
4724,3705.09,Cushion,evening,9,20% discount,0
4725,6255.4,Phone Case|Puma Sneakers,morning,1,20% discount,1
4726,8641.07,Jeans,afternoon,10,20% discount,1
4727,9837.41,Backpack,night,8,10% discount,0
4728,12096.22,Backpack|Puma Sneakers,night,10,5% discount,0
4729,8413.2,Nike Shoes,afternoon,1,20% discount,1
4730,9063.27,Sports Cap|Coffee Mug,evening,9,10% discount,1
4731,8196.08,Wristband,evening,1,5% discount,0
4732,6229.66,Coffee Mug,evening,10,Free Shipping,0
4733,16823.43,Phone Case|Earbuds,afternoon,8,10% discount,0
4734,4567.3,Phone Case,morning,0,20% discount,0
4735,2996.95,Backpack,evening,7,20% discount,0
4736,6052.56,Phone Case|Cushion,morning,4,20% discount,1
4737,8763.72,Puma Sneakers|Phone Case,evening,4,5% discount,0
4738,3688.45,Earbuds,morning,6,Free Shipping,0
4739,5111.49,Cushion,morning,8,5% discount,0
4740,2541.78,Adidas Running Shoes,afternoon,4,Free Shipping,0
4741,6802.67,Sports Cap,evening,4,5% discount,1
4742,6104.87,Puma Sneakers|Coffee Mug,night,8,10% discount,1
4743,18313.95,Earbuds|Coffee Mug|Backpack,evening,1,10% discount,1
4744,9445.28,Cushion,afternoon,8,Free Shipping,1
4745,3717.08,Jacket|Cushion,morning,8,5% discount,0
4746,3987.86,Cushion,night,3,10% discount,1
4747,2415.08,T-Shirt,evening,10,Free Shipping,0
4748,8384.35,Wristband|Backpack,evening,2,10% discount,0
4749,4267.29,Backpack,evening,3,Free Shipping,0
4750,22069.04,Phone Case|Phone Case|Puma Sneakers,evening,1,10% discount,0
4751,7996.34,T-Shirt,evening,7,10% discount,1
4752,2778.78,Puma Sneakers|Coffee Mug,night,6,10% discount,0
4753,3829.89,Nike Shoes,morning,2,Free Shipping,0
4754,17410.16,Cushion|Nike Shoes,afternoon,10,20% discount,1
4755,14917.87,T-Shirt|Puma Sneakers,morning,8,Free Shipping,1
4756,1826.0,Phone Case,afternoon,7,20% discount,0
4757,4825.0,Phone Case,night,3,Free Shipping,0
4758,7558.63,Backpack,morning,6,5% discount,1
4759,2618.21,Phone Case,night,2,20% discount,0
4760,3185.01,Phone Case,afternoon,10,Free Shipping,0
4761,6351.32,Phone Case|Puma Sneakers,evening,7,Free Shipping,0
4762,5636.89,Phone Case,night,0,20% discount,1
4763,5180.52,Nike Shoes|Coffee Mug,morning,0,10% discount,1
4764,2225.65,Coffee Mug,night,9,10% discount,1
4765,10548.98,Sports Cap|Jacket,morning,5,5% discount,0
4766,16499.84,Adidas Running Shoes|Backpack,evening,3,Free Shipping,1
4767,1377.36,Wristband,evening,8,5% discount,0
4768,13160.82,Puma Sneakers|Jeans,morning,2,Free Shipping,0
4769,2551.68,Earbuds,afternoon,8,10% discount,0
4770,2443.36,Earbuds,morning,7,10% discount,0
4771,9291.39,Jacket|Coffee Mug,morning,8,20% discount,1
4772,3897.8,Cushion,afternoon,4,5% discount,0
4773,23729.99,Jacket|Cushion|Cushion,night,4,5% discount,0
4774,9429.2,Cushion,morning,1,5% discount,0
4775,9383.24,Jacket,night,8,5% discount,1
4776,9767.52,Jeans|Cushion,morning,5,Free Shipping,1
4777,2063.24,Backpack,afternoon,8,10% discount,0
4778,5527.72,Backpack,night,4,5% discount,0
4779,12001.35,Adidas Running Shoes|Sports Cap,afternoon,2,10% discount,1
4780,3843.91,Puma Sneakers,night,5,20% discount,1
4781,7823.01,Phone Case,night,6,Free Shipping,0
4782,12918.1,Coffee Mug|Wristband,night,4,5% discount,0
4783,18030.74,Adidas Running Shoes|Nike Shoes,morning,5,Free Shipping,1
4784,5550.58,T-Shirt,morning,7,10% discount,1
4785,3053.71,Jacket,night,7,5% discount,0
4786,11048.98,Cushion|Adidas Running Shoes,morning,3,Free Shipping,1
4787,6439.83,Sports Cap,afternoon,5,20% discount,0
4788,16726.13,Coffee Mug|Jacket,evening,2,5% discount,0
4789,1993.67,Coffee Mug,night,0,20% discount,0
4790,8108.38,Adidas Running Shoes,night,2,5% discount,0
4791,6106.99,Jeans|T-Shirt,evening,8,20% discount,0
4792,2469.33,T-Shirt,morning,6,Free Shipping,0
4793,12288.68,T-Shirt|Phone Case,morning,5,5% discount,1
4794,1594.94,Wristband,afternoon,10,10% discount,0
4795,4132.98,Coffee Mug,evening,1,Free Shipping,1
4796,20528.18,Sports Cap|Cushion|T-Shirt,evening,4,20% discount,0
4797,1527.85,Cushion,evening,9,20% discount,0
4798,3082.0,Cushion,afternoon,0,Free Shipping,1
4799,14704.35,Cushion|Wristband,afternoon,7,20% discount,1
4800,1553.93,Puma Sneakers,morning,7,Free Shipping,0
4801,17675.04,Jeans|Adidas Running Shoes,night,6,5% discount,0
4802,22964.59,Coffee Mug|Wristband|Jacket,evening,1,Free Shipping,0
4803,4773.61,Puma Sneakers,afternoon,5,Free Shipping,1
4804,3618.1,Cushion,evening,10,Free Shipping,0
4805,2876.25,Puma Sneakers,night,3,10% discount,0
4806,7013.92,Sports Cap,evening,9,Free Shipping,0
4807,3076.88,Puma Sneakers,morning,0,10% discount,0
4808,11597.06,Wristband|Phone Case,night,6,10% discount,0
4809,18425.76,Jacket|Coffee Mug|Phone Case,night,3,10% discount,0
4810,27469.73,Nike Shoes|Sports Cap|Backpack,morning,8,5% discount,1
4811,2256.87,Wristband,night,1,10% discount,0
4812,9774.41,Phone Case,night,0,Free Shipping,0
4813,9340.84,Cushion|Coffee Mug,morning,0,Free Shipping,1
4814,1531.98,Phone Case,afternoon,6,Free Shipping,0
4815,5448.61,Puma Sneakers|Coffee Mug,afternoon,4,20% discount,1
4816,8038.6,Earbuds,afternoon,2,5% discount,0
4817,3004.83,Coffee Mug,morning,10,10% discount,1
4818,9851.71,Sports Cap|Puma Sneakers,morning,1,20% discount,1
4819,4339.0,Cushion,night,8,10% discount,0
4820,9217.58,Jeans,evening,7,10% discount,0
4821,7285.25,Cushion|Jacket,afternoon,8,10% discount,1
4822,14072.85,Wristband|Coffee Mug|Nike Shoes,afternoon,10,20% discount,1
4823,2027.53,Adidas Running Shoes,morning,3,5% discount,0
4824,21441.01,Cushion|Earbuds|T-Shirt,afternoon,0,20% discount,1
4825,9733.92,Jacket,morning,2,Free Shipping,0
4826,10568.48,Sports Cap|Cushion,evening,8,20% discount,1
4827,1292.84,Backpack,evening,1,20% discount,0
4828,17699.41,Jacket|Puma Sneakers,morning,2,10% discount,1
4829,3537.24,Nike Shoes,night,7,10% discount,1
4830,4233.07,Cushion,afternoon,10,5% discount,0
4831,23641.04,Jacket|Cushion|Coffee Mug,afternoon,4,5% discount,1
4832,9972.58,Jeans|Wristband,evening,10,Free Shipping,1
4833,13617.95,Wristband|Backpack,afternoon,6,Free Shipping,0
4834,18692.23,Coffee Mug|Phone Case|Adidas Running Shoes,morning,6,5% discount,0
4835,9594.55,Earbuds|Jeans,night,7,10% discount,1
4836,10401.99,Backpack|Nike Shoes,morning,2,20% discount,0
4837,6063.05,Wristband,afternoon,6,5% discount,0
4838,4249.57,Puma Sneakers,night,2,10% discount,1
4839,12397.55,Cushion|Nike Shoes|Wristband,night,3,Free Shipping,0
4840,12000.92,Backpack|Jacket,evening,7,Free Shipping,0
4841,5223.88,T-Shirt,morning,5,10% discount,0
4842,9155.99,Backpack|Cushion,evening,9,10% discount,0
4843,1479.96,Puma Sneakers,afternoon,4,10% discount,0
4844,8780.0,Jeans,morning,8,20% discount,1
4845,14598.82,Phone Case|Earbuds|Coffee Mug,night,7,5% discount,0
4846,7143.35,Backpack,morning,7,Free Shipping,1
4847,7424.17,Earbuds,night,7,Free Shipping,0
4848,9305.58,Phone Case|Backpack,evening,2,Free Shipping,0
4849,3373.12,Phone Case,morning,2,20% discount,1
4850,1470.32,Cushion,evening,5,10% discount,1
4851,8932.0,Wristband,afternoon,6,Free Shipping,0
4852,4941.04,Phone Case,evening,0,10% discount,0
4853,8719.31,Phone Case|Adidas Running Shoes,morning,3,10% discount,0
4854,7496.52,Jacket,afternoon,6,Free Shipping,0
4855,8676.64,Earbuds,afternoon,8,Free Shipping,0
4856,3179.6,Cushion,afternoon,10,5% discount,0
4857,9817.05,T-Shirt,night,9,10% discount,1
4858,12019.98,Puma Sneakers|Wristband,afternoon,3,10% discount,0
4859,6210.26,Coffee Mug,morning,0,10% discount,1
4860,6803.8,Cushion,afternoon,8,20% discount,1
4861,5899.46,Jacket,night,9,5% discount,1
4862,8977.01,Wristband,afternoon,2,10% discount,1
4863,6621.87,Nike Shoes,afternoon,7,Free Shipping,0
4864,5017.95,Sports Cap,night,7,10% discount,0
4865,3180.73,Cushion,evening,7,Free Shipping,1
4866,6397.79,Phone Case|Sports Cap,night,9,Free Shipping,1
4867,6236.47,Jeans,morning,6,5% discount,1
4868,6626.96,Jeans,night,3,20% discount,1
4869,10960.71,Adidas Running Shoes|Coffee Mug,morning,8,10% discount,1
4870,3643.69,Adidas Running Shoes|Jeans,afternoon,5,Free Shipping,0
4871,7045.68,Phone Case|Sports Cap,evening,2,Free Shipping,0
4872,1392.05,Phone Case,evening,7,5% discount,1
4873,25997.61,Backpack|Puma Sneakers|Coffee Mug,morning,5,5% discount,0
4874,9244.75,Phone Case,afternoon,5,5% discount,0
4875,8077.18,Backpack,night,10,Free Shipping,0
4876,21060.16,Cushion|Sports Cap|Wristband,morning,2,20% discount,0
4877,8966.02,Cushion,evening,3,20% discount,1
4878,7755.75,Coffee Mug|Wristband,evening,2,Free Shipping,0
4879,5221.29,Wristband,afternoon,8,10% discount,0
4880,9964.34,Coffee Mug,afternoon,8,Free Shipping,0
4881,2966.08,Phone Case,morning,0,Free Shipping,1
4882,12844.03,Nike Shoes|Earbuds|Sports Cap,afternoon,3,5% discount,0
4883,11995.48,T-Shirt|Cushion,night,9,10% discount,1
4884,11068.77,Jacket|Earbuds,morning,7,20% discount,1
4885,2676.27,Jacket,night,9,5% discount,0
4886,1175.97,Adidas Running Shoes,evening,6,Free Shipping,0
4887,6877.13,Coffee Mug,evening,4,Free Shipping,1
4888,10674.56,Cushion|Phone Case,morning,8,10% discount,1
4889,5726.18,Adidas Running Shoes,morning,7,10% discount,1
4890,24264.88,Puma Sneakers|Phone Case|Wristband,evening,7,Free Shipping,1
4891,16013.41,Backpack|Earbuds,morning,1,5% discount,1
4892,1727.54,Coffee Mug,afternoon,2,10% discount,0
4893,6277.15,Jeans,evening,7,10% discount,1
4894,16017.2,Wristband|Cushion,morning,1,10% discount,1
4895,1460.85,Jacket,night,6,Free Shipping,0
4896,16134.53,Nike Shoes|Coffee Mug,night,3,10% discount,1
4897,4543.69,Puma Sneakers,evening,4,5% discount,0
4898,6805.5,Phone Case,afternoon,2,10% discount,1
4899,8158.98,Earbuds,afternoon,9,20% discount,1
4900,5207.5,Cushion,afternoon,4,5% discount,0
4901,13683.11,Earbuds|Nike Shoes,evening,2,10% discount,0
4902,9246.65,Coffee Mug|Jacket,afternoon,1,20% discount,1
4903,2938.32,Wristband,night,4,Free Shipping,1
4904,7437.79,Phone Case,morning,5,10% discount,0
4905,2771.76,Cushion,night,9,10% discount,1
4906,2270.17,Coffee Mug,morning,3,5% discount,1
4907,11079.53,Wristband|Cushion,afternoon,1,5% discount,0
4908,6784.54,Backpack,night,6,Free Shipping,1
4909,7471.66,Jacket,morning,6,20% discount,1
4910,2097.36,T-Shirt,evening,1,10% discount,1
4911,10546.77,Adidas Running Shoes|Coffee Mug,morning,3,10% discount,0
4912,5792.22,Cushion,afternoon,6,10% discount,0
4913,4880.22,Puma Sneakers,night,4,20% discount,1
4914,4488.49,Earbuds,morning,4,5% discount,0
4915,4919.62,Puma Sneakers,morning,6,Free Shipping,0
4916,8942.36,Backpack|Jacket,evening,10,20% discount,1
4917,5527.74,Jacket,evening,6,20% discount,0
4918,10062.53,T-Shirt|Earbuds,afternoon,8,10% discount,1
4919,6847.88,Sports Cap,morning,4,10% discount,1
4920,5004.68,Wristband,evening,10,10% discount,0
4921,2669.71,T-Shirt,evening,0,Free Shipping,0
4922,13381.75,T-Shirt|Jeans,afternoon,6,10% discount,0
4923,2934.78,T-Shirt,morning,10,10% discount,0
4924,6154.61,T-Shirt,evening,10,Free Shipping,0
4925,5366.79,Phone Case,morning,9,Free Shipping,1
4926,15580.69,Wristband|Backpack,morning,8,20% discount,0
4927,9257.73,Adidas Running Shoes,afternoon,1,Free Shipping,1
4928,10997.93,Coffee Mug|Backpack,morning,6,5% discount,1
4929,9434.89,Jeans|Puma Sneakers,night,7,Free Shipping,0
4930,7798.5,Backpack,afternoon,10,5% discount,1
4931,9953.02,Jacket,morning,4,5% discount,0
4932,15181.49,Coffee Mug|Coffee Mug|Adidas Running Shoes,evening,2,10% discount,1
4933,16917.41,Puma Sneakers|Earbuds,morning,9,20% discount,1
4934,8819.15,T-Shirt,evening,3,10% discount,1
4935,17808.5,T-Shirt|Cushion|Cushion,afternoon,6,20% discount,0
4936,1500.46,Nike Shoes,night,3,Free Shipping,0
4937,6413.02,Cushion|Cushion|Phone Case,morning,5,10% discount,0
4938,15427.41,Phone Case|Phone Case,night,10,5% discount,0
4939,12956.21,Adidas Running Shoes|Sports Cap|Nike Shoes,afternoon,7,Free Shipping,0
4940,2358.79,Sports Cap,evening,10,Free Shipping,0
4941,15240.36,Sports Cap|Backpack|Wristband,afternoon,10,5% discount,1
4942,9547.74,Earbuds,night,6,Free Shipping,0
4943,3103.22,Cushion,morning,0,10% discount,0
4944,17983.06,Jacket|Cushion|Wristband,afternoon,6,5% discount,1
4945,1095.29,Coffee Mug,afternoon,6,10% discount,1
4946,1489.76,Phone Case,night,6,20% discount,0
4947,6815.34,Coffee Mug,afternoon,10,10% discount,1
4948,2087.75,Jeans,evening,8,Free Shipping,1
4949,9972.26,Coffee Mug|Jeans,night,5,5% discount,0
4950,6892.83,Jeans,evening,8,20% discount,0
4951,5652.8,Cushion|Cushion,morning,2,Free Shipping,0
4952,9132.46,Wristband,morning,4,5% discount,0
4953,18324.74,Coffee Mug|Wristband|Sports Cap,evening,3,10% discount,1
4954,9583.17,Sports Cap|Earbuds,night,8,10% discount,0
4955,6182.38,Sports Cap|Adidas Running Shoes,afternoon,9,20% discount,1
4956,7544.42,Backpack,evening,4,10% discount,0
4957,2827.97,Phone Case,evening,6,10% discount,1
4958,9472.99,Puma Sneakers,evening,9,10% discount,1
4959,8468.01,Backpack,morning,4,Free Shipping,1
4960,4743.58,Jacket,night,2,20% discount,0
4961,7355.71,Sports Cap|Jeans,morning,6,Free Shipping,1
4962,7920.44,Wristband,evening,10,5% discount,1
4963,16074.56,Adidas Running Shoes|Nike Shoes|Nike Shoes,afternoon,6,5% discount,0
4964,1847.11,Adidas Running Shoes,evening,8,5% discount,0
4965,1778.68,Nike Shoes,morning,5,Free Shipping,1
4966,8318.0,Puma Sneakers|Cushion,evening,4,10% discount,1
4967,24859.63,T-Shirt|Earbuds|Nike Shoes,night,0,Free Shipping,1
4968,8518.35,Cushion,afternoon,1,10% discount,0
4969,16509.01,Cushion|Jeans,afternoon,0,10% discount,1
4970,7190.31,Puma Sneakers,night,7,Free Shipping,0
4971,2437.7,Phone Case,morning,0,Free Shipping,0
4972,1728.62,Jacket,afternoon,0,20% discount,0
4973,12443.16,Earbuds|Jeans,evening,1,Free Shipping,1
4974,18866.69,T-Shirt|Phone Case,morning,0,5% discount,1
4975,2200.41,Phone Case,morning,4,Free Shipping,0
4976,8465.51,Puma Sneakers|Wristband,afternoon,6,10% discount,0
4977,3601.32,Earbuds,afternoon,2,20% discount,1
4978,4100.12,Jacket,evening,0,5% discount,0
4979,2874.36,Sports Cap,evening,0,Free Shipping,0
4980,1907.49,Coffee Mug,afternoon,7,Free Shipping,0
4981,7905.07,T-Shirt,evening,1,10% discount,1
4982,3890.51,Backpack,night,2,20% discount,1
4983,4482.78,Earbuds|Puma Sneakers,evening,10,Free Shipping,0
4984,13675.65,Puma Sneakers|Nike Shoes,morning,2,Free Shipping,0
4985,16426.34,Cushion|Cushion,night,9,Free Shipping,0
4986,2892.98,Nike Shoes,afternoon,4,20% discount,0
4987,4270.58,Cushion,afternoon,5,Free Shipping,0
4988,7812.74,Sports Cap|Earbuds,afternoon,7,20% discount,0
4989,13883.91,Adidas Running Shoes|Phone Case,morning,1,10% discount,0
4990,12102.43,Jacket|T-Shirt,night,5,20% discount,1
4991,21956.12,Adidas Running Shoes|Cushion|Earbuds,night,0,Free Shipping,1
4992,8917.84,Jacket|Phone Case,morning,4,Free Shipping,0
4993,8992.34,Phone Case,evening,4,Free Shipping,1
4994,5531.29,Earbuds|Backpack,afternoon,9,10% discount,1
4995,4028.27,Earbuds,afternoon,5,20% discount,0
4996,5986.76,Earbuds,morning,0,5% discount,0
4997,14796.79,Phone Case|Earbuds,night,7,10% discount,0
4998,5084.32,Coffee Mug,night,8,10% discount,0
4999,4655.06,Cushion,morning,1,Free Shipping,0
5000,2706.81,T-Shirt,night,0,Free Shipping,1
5001,8145.95,Phone Case|Earbuds,night,1,5% discount,0
5002,10565.74,Nike Shoes|Earbuds,morning,9,Free Shipping,0
5003,9037.0,Backpack,night,6,10% discount,1
5004,7957.52,Coffee Mug,night,8,10% discount,1
5005,4337.51,Coffee Mug|Wristband,evening,4,20% discount,1
5006,5383.72,Wristband,evening,7,Free Shipping,0
5007,10139.11,Nike Shoes|Phone Case,night,2,Free Shipping,0
5008,14621.99,Jacket|Backpack,morning,4,Free Shipping,1
5009,4505.89,Sports Cap,afternoon,3,5% discount,0
5010,8060.0,Puma Sneakers,afternoon,5,20% discount,1
5011,4259.85,Backpack|Sports Cap,night,9,5% discount,0
5012,3709.82,Sports Cap,evening,10,5% discount,0
5013,15961.99,Wristband|Puma Sneakers,evening,4,5% discount,0
5014,6855.73,Jeans,evening,4,Free Shipping,0
5015,16677.65,Earbuds|Nike Shoes,evening,8,10% discount,1
5016,8250.43,Cushion,night,4,Free Shipping,1
5017,14320.62,Adidas Running Shoes|Earbuds,night,6,Free Shipping,0
5018,2130.72,Nike Shoes,morning,8,20% discount,0
5019,7124.85,Backpack|T-Shirt,evening,10,10% discount,0
5020,8912.49,Coffee Mug|Phone Case,night,0,20% discount,0
5021,15300.89,T-Shirt|Sports Cap|Sports Cap,afternoon,2,10% discount,1
5022,4962.91,Jeans,night,2,10% discount,1
5023,8349.79,Adidas Running Shoes|Phone Case,morning,4,20% discount,1
5024,12927.35,Puma Sneakers|Wristband,morning,7,20% discount,1
5025,17026.86,Adidas Running Shoes|Cushion,night,2,10% discount,0
5026,1948.56,Backpack,evening,2,5% discount,0
5027,2842.09,Jacket,night,1,5% discount,0
5028,5155.06,Cushion,morning,4,20% discount,0
5029,9779.19,Wristband|Coffee Mug,evening,0,5% discount,0
5030,8925.75,Jeans,evening,10,Free Shipping,0
5031,9213.59,Phone Case,evening,10,Free Shipping,1
5032,7006.53,Wristband,morning,10,5% discount,0
5033,2771.71,Earbuds,afternoon,10,Free Shipping,0
5034,4594.21,Earbuds,afternoon,0,Free Shipping,0
5035,4306.76,Phone Case,night,10,Free Shipping,1
5036,1671.39,Jeans,morning,7,Free Shipping,1
5037,6793.58,Backpack,night,0,5% discount,0
5038,13418.83,Cushion|T-Shirt|Jacket,night,0,5% discount,0
5039,15302.31,Jeans|Phone Case|Sports Cap,afternoon,4,10% discount,1
5040,9566.72,Phone Case,evening,7,10% discount,1
5041,6219.01,Sports Cap|Sports Cap,night,4,5% discount,0
5042,10369.75,Phone Case|Phone Case,evening,9,5% discount,1
5043,10286.76,Phone Case|Cushion,afternoon,3,5% discount,1
5044,8636.07,Sports Cap,night,4,20% discount,1
5045,4315.53,Nike Shoes,night,10,20% discount,1
5046,3670.89,Cushion,afternoon,8,Free Shipping,1
5047,22884.42,Earbuds|T-Shirt|Nike Shoes,morning,6,5% discount,0
5048,5170.45,Adidas Running Shoes,evening,4,10% discount,1
5049,12823.04,Jacket|Coffee Mug,night,7,20% discount,1
5050,6191.0,T-Shirt|Cushion,evening,0,10% discount,1
5051,4064.63,Backpack,night,5,20% discount,0
5052,13451.18,Phone Case|Phone Case|Sports Cap,evening,5,20% discount,1
5053,3279.66,Backpack,evening,3,20% discount,0
5054,4351.52,Adidas Running Shoes,afternoon,5,Free Shipping,0
5055,1510.93,Backpack,evening,7,Free Shipping,0
5056,7117.52,Backpack,evening,4,20% discount,0
5057,5263.51,Wristband|Earbuds,evening,7,Free Shipping,0
5058,5466.75,Earbuds,afternoon,3,Free Shipping,1
5059,4009.39,Nike Shoes,afternoon,9,10% discount,1
5060,13932.52,Nike Shoes|Cushion,afternoon,7,10% discount,1
5061,8497.8,Adidas Running Shoes|T-Shirt,night,10,10% discount,0
5062,8466.53,Sports Cap,morning,4,10% discount,1
5063,13402.67,Jeans|Nike Shoes,night,8,20% discount,1
5064,6923.74,T-Shirt|Coffee Mug,night,6,Free Shipping,0
5065,7885.87,Jacket,afternoon,0,5% discount,0
5066,5802.0,Wristband,night,0,5% discount,0
5067,1900.32,Wristband,evening,10,10% discount,1
5068,10563.28,Backpack|Coffee Mug,evening,3,5% discount,0
5069,6134.76,Earbuds,morning,7,Free Shipping,0
5070,10827.23,Jacket|Jeans,night,2,5% discount,0
5071,2484.49,Sports Cap,night,8,20% discount,1
5072,14011.02,Jeans|Phone Case,night,10,Free Shipping,1
5073,2675.16,Jeans,night,4,20% discount,1
5074,7058.55,Phone Case,afternoon,10,Free Shipping,1
5075,4277.52,Earbuds,morning,0,10% discount,1
5076,4689.29,T-Shirt,night,2,10% discount,1
5077,11651.91,Earbuds|Adidas Running Shoes,night,9,20% discount,0
5078,9815.15,Jacket|T-Shirt,morning,8,Free Shipping,0
5079,10524.58,Cushion|Puma Sneakers,night,3,20% discount,1
5080,4097.65,Earbuds,night,1,5% discount,1
5081,10588.49,Phone Case|Jacket,evening,3,10% discount,1
5082,12480.23,Cushion|Phone Case,morning,5,10% discount,1
5083,13341.0,Phone Case|Nike Shoes,afternoon,4,20% discount,1
5084,4694.43,Earbuds,morning,9,Free Shipping,0
5085,4836.38,Earbuds,evening,10,Free Shipping,1
5086,7589.67,Phone Case,evening,8,10% discount,0
5087,11959.21,Sports Cap|Nike Shoes,afternoon,2,Free Shipping,0
5088,4672.2,Phone Case,morning,2,10% discount,1
5089,9351.22,Coffee Mug|Adidas Running Shoes,night,6,Free Shipping,0
5090,12641.06,Jacket|Wristband,night,0,20% discount,1
5091,5665.89,Jacket,morning,2,10% discount,0
5092,8884.59,Cushion,afternoon,1,10% discount,1
5093,20649.2,Jeans|Phone Case|Phone Case,night,5,10% discount,0
5094,4812.26,Coffee Mug,morning,6,10% discount,0
5095,6228.94,Phone Case,evening,9,20% discount,1
5096,14440.35,Coffee Mug|T-Shirt|Adidas Running Shoes,evening,3,Free Shipping,0
5097,14576.13,T-Shirt|Coffee Mug,morning,3,5% discount,0
5098,5859.24,Phone Case,evening,10,10% discount,0
5099,16850.63,Phone Case|Cushion|Cushion,afternoon,6,Free Shipping,0
5100,7271.68,T-Shirt,afternoon,3,20% discount,0
5101,7653.39,Earbuds,evening,2,10% discount,0
5102,4655.78,Phone Case,night,6,Free Shipping,0
5103,5677.57,Jeans,morning,0,10% discount,1
5104,6259.87,Nike Shoes|Earbuds,evening,10,20% discount,1
5105,9661.28,Nike Shoes|Jeans,evening,0,20% discount,0
5106,3445.43,T-Shirt,night,6,Free Shipping,0
5107,17985.28,Sports Cap|Nike Shoes,night,5,10% discount,0
5108,7702.4,Phone Case,evening,9,5% discount,0
5109,14641.79,Sports Cap|Jacket,afternoon,5,20% discount,0
5110,14852.92,Earbuds|Sports Cap|Jeans,night,5,Free Shipping,0
5111,5126.07,Adidas Running Shoes,morning,4,Free Shipping,0
5112,3554.0,Jacket,afternoon,3,10% discount,0
5113,7188.17,Backpack,evening,9,Free Shipping,0
5114,9645.19,Wristband|Nike Shoes,morning,0,20% discount,0
5115,13203.67,Earbuds|Jeans,night,10,5% discount,0
5116,12814.36,T-Shirt|Phone Case,morning,9,10% discount,0
5117,3525.48,Coffee Mug,evening,3,5% discount,0
5118,1238.55,Wristband,afternoon,5,Free Shipping,0
5119,6748.48,Backpack|Cushion,evening,3,10% discount,1
5120,11574.16,Jeans|T-Shirt,night,10,20% discount,0
5121,9833.99,Backpack,afternoon,8,Free Shipping,1
5122,8988.94,Earbuds,night,7,Free Shipping,0
5123,8183.66,Earbuds,night,6,Free Shipping,1
5124,6285.31,Sports Cap,night,2,Free Shipping,0
5125,4353.19,Cushion,evening,4,5% discount,0
5126,13868.14,T-Shirt|Jeans|Coffee Mug,evening,0,10% discount,0
5127,12322.98,T-Shirt|Phone Case,evening,0,20% discount,0
5128,1547.67,Jacket,morning,10,10% discount,0
5129,13611.93,Cushion|Backpack,night,0,Free Shipping,1
5130,7606.62,Adidas Running Shoes|Cushion,morning,0,10% discount,0
5131,11021.69,Adidas Running Shoes|Wristband,morning,0,5% discount,0
5132,12558.84,Jacket|Earbuds,night,7,Free Shipping,1
5133,19955.79,Backpack|Cushion|Coffee Mug,morning,4,5% discount,0
5134,6670.91,Earbuds,night,7,5% discount,0
5135,7076.38,Puma Sneakers|Wristband,night,2,5% discount,0
5136,20173.69,Adidas Running Shoes|Wristband|Jeans,afternoon,8,5% discount,0
5137,9770.51,Adidas Running Shoes,afternoon,6,10% discount,0
5138,2493.67,Backpack,night,9,10% discount,0
5139,10469.6,Phone Case|Earbuds,afternoon,8,5% discount,0
5140,8613.38,Phone Case,morning,7,20% discount,0
5141,4719.23,Phone Case|Sports Cap,morning,5,Free Shipping,1
5142,24400.56,Phone Case|Puma Sneakers|Phone Case,night,10,10% discount,0
5143,10058.72,Earbuds|Phone Case,morning,5,5% discount,0
5144,1728.48,Adidas Running Shoes,night,6,Free Shipping,1
5145,8932.58,Cushion,morning,6,Free Shipping,0
5146,5841.63,Earbuds,afternoon,7,5% discount,1
5147,11582.19,Phone Case|Phone Case,evening,9,Free Shipping,0
5148,4138.38,Phone Case,night,0,Free Shipping,1
5149,1217.33,Adidas Running Shoes,morning,8,10% discount,1
5150,6902.07,Adidas Running Shoes|Jacket,evening,0,10% discount,1
5151,10433.31,Backpack|Nike Shoes,night,1,10% discount,0
5152,7935.28,Phone Case|Cushion,evening,2,10% discount,1
5153,9169.45,Wristband,evening,4,10% discount,1
5154,1408.75,Nike Shoes,evening,10,Free Shipping,0
5155,18829.97,Earbuds|Wristband|Coffee Mug,night,3,20% discount,1
5156,7129.39,Coffee Mug,afternoon,7,10% discount,1
5157,7041.0,Nike Shoes,evening,6,20% discount,0
5158,4729.69,Nike Shoes,morning,9,5% discount,0
5159,4096.27,Phone Case,afternoon,7,20% discount,0
5160,1802.08,Wristband,night,10,5% discount,0
5161,9051.21,Adidas Running Shoes|Jacket,morning,0,Free Shipping,0
5162,15566.7,Phone Case|Earbuds|Earbuds,night,9,20% discount,0
5163,15568.58,Phone Case|Nike Shoes,evening,7,20% discount,1
5164,19087.73,T-Shirt|Adidas Running Shoes|Sports Cap,night,9,Free Shipping,0
5165,12579.09,Jacket|Nike Shoes,afternoon,2,20% discount,1
5166,21036.46,Jeans|Jacket|Coffee Mug,evening,0,5% discount,1
5167,4920.92,T-Shirt,morning,5,10% discount,1
5168,11897.79,Wristband|Jacket,evening,2,10% discount,0
5169,8616.43,Puma Sneakers|T-Shirt,evening,6,Free Shipping,0
5170,10775.13,Cushion|Sports Cap,night,1,10% discount,0
5171,14294.34,Phone Case|Wristband|Sports Cap,night,9,20% discount,0
5172,5058.55,Wristband,evening,3,20% discount,1
5173,7621.02,T-Shirt|Adidas Running Shoes,morning,3,Free Shipping,0
5174,8218.16,Cushion,morning,8,Free Shipping,1
5175,24160.5,Phone Case|T-Shirt|Jacket,afternoon,3,20% discount,1
5176,5763.44,Nike Shoes|Wristband,night,5,10% discount,1
5177,12229.12,Earbuds|Coffee Mug|Adidas Running Shoes,evening,9,Free Shipping,0
5178,13755.49,Earbuds|Sports Cap|T-Shirt,night,7,Free Shipping,1
5179,6105.68,Coffee Mug,morning,0,10% discount,0
5180,1654.51,Nike Shoes,afternoon,0,Free Shipping,0
5181,1183.21,Jacket,night,3,10% discount,1
5182,9760.51,Jacket|Nike Shoes,afternoon,0,Free Shipping,0
5183,19355.63,Coffee Mug|T-Shirt|Earbuds,afternoon,5,5% discount,0
5184,7379.51,Adidas Running Shoes,night,10,10% discount,1
5185,8299.94,Earbuds,afternoon,2,20% discount,1
5186,6800.21,Cushion|Jacket,night,5,20% discount,0
5187,1840.84,Wristband,night,8,20% discount,0
5188,2311.73,Jeans,evening,10,5% discount,0
5189,6430.47,T-Shirt|Phone Case,morning,7,10% discount,0
5190,3723.92,Earbuds,night,3,10% discount,0
5191,1748.02,Puma Sneakers,evening,10,Free Shipping,0
5192,10670.47,Sports Cap|Cushion,afternoon,7,5% discount,0
5193,15697.23,T-Shirt|Earbuds,night,7,20% discount,0
5194,5457.52,Puma Sneakers|Earbuds,night,5,5% discount,0
5195,5577.89,Backpack,evening,0,10% discount,1
5196,2936.68,Phone Case,night,5,10% discount,0
5197,8222.79,Earbuds|Jacket,night,5,10% discount,0
5198,7548.03,Backpack,morning,4,10% discount,0
5199,9818.83,Nike Shoes,afternoon,5,10% discount,1
5200,5334.8,Jacket,afternoon,0,10% discount,0
5201,17879.45,Adidas Running Shoes|Cushion,afternoon,0,5% discount,0
5202,14502.84,Coffee Mug|Backpack,night,8,10% discount,1
5203,5925.91,Phone Case,afternoon,4,20% discount,1
5204,17753.81,Puma Sneakers|Earbuds,afternoon,7,Free Shipping,0
5205,2563.01,Nike Shoes,evening,4,Free Shipping,1
5206,5574.52,Cushion,afternoon,0,Free Shipping,0
5207,9564.43,Jacket,afternoon,10,20% discount,0
5208,12288.74,Nike Shoes|Backpack|Cushion,evening,0,10% discount,0
5209,6943.84,Adidas Running Shoes,morning,3,20% discount,1
5210,20085.63,Nike Shoes|Puma Sneakers|Earbuds,afternoon,9,10% discount,0
5211,11586.38,Coffee Mug|Nike Shoes,afternoon,5,20% discount,1
5212,9597.73,Coffee Mug|Phone Case,morning,2,10% discount,1
5213,6898.45,Adidas Running Shoes|Puma Sneakers,morning,8,20% discount,1
5214,21444.83,T-Shirt|Nike Shoes|Nike Shoes,afternoon,9,5% discount,0
5215,3830.52,Phone Case,night,0,Free Shipping,0
5216,1909.93,Jacket,morning,7,10% discount,0
5217,9727.52,Jeans,afternoon,6,10% discount,1
5218,1229.66,Phone Case,evening,0,Free Shipping,1
5219,3228.61,Wristband,morning,1,20% discount,0
5220,3839.55,Cushion,afternoon,4,5% discount,1
5221,14312.3,Jeans|Earbuds|Phone Case,evening,6,10% discount,0
5222,16385.95,Phone Case|Coffee Mug,afternoon,5,Free Shipping,0
5223,9498.21,Jeans,morning,2,5% discount,0
5224,5831.25,T-Shirt,morning,5,10% discount,1
5225,9129.56,Jeans,afternoon,4,Free Shipping,1
5226,15208.76,Coffee Mug|Wristband|Puma Sneakers,evening,9,10% discount,1
5227,1676.08,Puma Sneakers,afternoon,8,Free Shipping,1
5228,7546.42,Jeans,evening,9,5% discount,0
5229,7489.83,Puma Sneakers,afternoon,3,10% discount,0
5230,9061.47,Adidas Running Shoes|Adidas Running Shoes,afternoon,0,Free Shipping,1
5231,7710.41,Nike Shoes,morning,7,10% discount,0
5232,25026.72,Puma Sneakers|Coffee Mug|Cushion,night,1,10% discount,0
5233,14743.31,Backpack|Earbuds,afternoon,8,20% discount,1
5234,15505.77,Phone Case|Cushion,night,7,5% discount,0
5235,10860.01,Earbuds|Earbuds,afternoon,3,5% discount,0
5236,10273.92,Jacket|Wristband,afternoon,1,10% discount,1
5237,1900.7,Adidas Running Shoes,evening,3,5% discount,0
5238,20440.99,Wristband|Sports Cap|Sports Cap,evening,8,10% discount,0
5239,8865.22,Coffee Mug|Jeans|Nike Shoes,afternoon,3,20% discount,1
5240,4193.61,Jacket,evening,0,20% discount,1
5241,9576.98,Cushion|T-Shirt|Backpack,afternoon,6,10% discount,1
5242,14802.49,T-Shirt|Puma Sneakers,night,9,Free Shipping,0
5243,3385.5,T-Shirt,night,2,10% discount,0
5244,19585.57,Phone Case|Nike Shoes|Coffee Mug,evening,0,5% discount,0
5245,7532.76,Jeans,evening,3,5% discount,0
5246,15722.58,Cushion|Nike Shoes,evening,8,20% discount,1
5247,12332.07,Earbuds|T-Shirt,evening,6,Free Shipping,0
5248,8475.69,Backpack,evening,9,10% discount,1
5249,1954.22,Phone Case,morning,5,10% discount,1
5250,1909.68,Sports Cap,evening,6,10% discount,0
5251,1575.85,Coffee Mug,night,6,Free Shipping,0
5252,8098.81,Coffee Mug,evening,0,5% discount,1
5253,13848.09,Earbuds|Jacket,night,0,20% discount,1
5254,9822.22,Coffee Mug,afternoon,9,20% discount,1
5255,2308.36,Puma Sneakers,night,8,10% discount,0
5256,1213.24,Adidas Running Shoes,afternoon,0,10% discount,1
5257,7879.18,Puma Sneakers,night,0,5% discount,0
5258,4944.61,Earbuds,night,8,10% discount,0
5259,3415.73,Wristband,afternoon,0,Free Shipping,0
5260,4636.59,Phone Case|Adidas Running Shoes,night,4,20% discount,0
5261,8887.32,Nike Shoes,night,2,5% discount,1
5262,4289.58,Phone Case,evening,0,10% discount,0
5263,4594.53,Phone Case,evening,5,10% discount,0
5264,7116.89,Wristband,afternoon,9,5% discount,0
5265,1447.21,Cushion,night,9,Free Shipping,0
5266,9354.66,Wristband|Puma Sneakers,afternoon,2,Free Shipping,0
5267,10241.18,Jeans|Jeans,evening,0,20% discount,0
5268,6776.74,Earbuds,afternoon,8,10% discount,0
5269,5354.2,Backpack,afternoon,3,Free Shipping,0
5270,8200.88,Coffee Mug,morning,3,Free Shipping,0
5271,9349.18,Adidas Running Shoes,evening,2,5% discount,0
5272,19847.06,Wristband|Coffee Mug|Adidas Running Shoes,afternoon,8,Free Shipping,0
5273,9371.01,Sports Cap,afternoon,5,10% discount,0
5274,4591.15,Jacket,night,4,20% discount,0
5275,8095.62,Jeans,evening,3,5% discount,0
5276,15149.52,Earbuds|Nike Shoes,afternoon,5,Free Shipping,0
5277,17311.22,Sports Cap|Coffee Mug|Phone Case,evening,9,5% discount,0
5278,7804.5,Backpack,evening,8,20% discount,0
5279,8998.37,Backpack,evening,3,5% discount,1
5280,1164.04,Jeans,evening,1,10% discount,0
5281,10964.5,Coffee Mug|Jeans,night,4,Free Shipping,1
5282,8130.54,Coffee Mug|Puma Sneakers,afternoon,1,20% discount,0
5283,10218.14,Cushion|Backpack,afternoon,5,20% discount,1
5284,5280.61,Jeans,afternoon,4,20% discount,1
5285,6924.71,Backpack,morning,8,10% discount,0
5286,7504.59,Phone Case,morning,4,Free Shipping,0
5287,9167.18,Puma Sneakers,afternoon,8,10% discount,0
5288,14413.9,Coffee Mug|Sports Cap,morning,10,20% discount,1
5289,9158.64,Sports Cap|Sports Cap,evening,6,Free Shipping,1
5290,6932.23,Puma Sneakers,night,1,Free Shipping,1
5291,8222.94,T-Shirt|Puma Sneakers,morning,4,5% discount,1
5292,2366.72,T-Shirt,afternoon,6,20% discount,0
5293,16807.34,Cushion|Jeans|T-Shirt,afternoon,5,10% discount,1
5294,1887.59,T-Shirt,morning,3,20% discount,0
5295,4218.18,Cushion,night,7,5% discount,0
5296,1533.71,Coffee Mug,evening,10,20% discount,0
5297,7045.82,Wristband|Earbuds,morning,1,5% discount,0
5298,3096.66,Backpack,night,4,20% discount,0
5299,1742.15,Wristband,morning,5,10% discount,0
5300,6678.73,Backpack,afternoon,1,5% discount,0
5301,4585.74,Nike Shoes,night,7,Free Shipping,0
5302,8307.9,Backpack,morning,0,Free Shipping,1
5303,3631.51,Cushion|Earbuds,afternoon,10,5% discount,0
5304,8409.35,Jeans,afternoon,4,Free Shipping,0
5305,1402.4,Earbuds,morning,1,Free Shipping,0
5306,5723.73,Phone Case,morning,10,20% discount,1
5307,3003.27,Coffee Mug,evening,9,10% discount,1
5308,13677.47,Adidas Running Shoes|Earbuds|Phone Case,evening,3,5% discount,0
5309,6891.7,Phone Case,morning,10,Free Shipping,1
5310,7643.47,Sports Cap,evening,10,10% discount,0
5311,7018.67,Sports Cap,night,6,10% discount,0
5312,12663.85,Coffee Mug|Coffee Mug,evening,1,5% discount,0
5313,4740.81,Puma Sneakers,evening,9,5% discount,0
5314,5241.38,Jacket|Cushion|Phone Case,afternoon,2,Free Shipping,0
5315,19801.57,Coffee Mug|Earbuds|Cushion,afternoon,8,Free Shipping,0
5316,7943.69,T-Shirt,afternoon,6,Free Shipping,0
5317,2385.51,Puma Sneakers,evening,0,Free Shipping,0
5318,14263.77,Coffee Mug|Jeans,evening,7,10% discount,1
5319,2245.59,Earbuds,night,8,10% discount,1
5320,6444.72,T-Shirt,afternoon,3,Free Shipping,0
5321,8776.04,Adidas Running Shoes,morning,5,20% discount,1
5322,2728.12,Coffee Mug,morning,7,10% discount,1
5323,8005.51,Phone Case,night,6,Free Shipping,0
5324,6005.35,Cushion,night,3,Free Shipping,0
5325,9317.05,Wristband,night,3,20% discount,1
5326,3587.15,T-Shirt,evening,2,20% discount,0
5327,8041.01,Phone Case,night,8,Free Shipping,0
5328,15959.81,Sports Cap|Coffee Mug|Jacket,morning,5,Free Shipping,1
5329,5918.99,Phone Case,evening,0,10% discount,0
5330,6052.67,Sports Cap,morning,8,10% discount,1
5331,5053.74,T-Shirt,night,6,Free Shipping,0
5332,18146.93,Adidas Running Shoes|Cushion,morning,1,Free Shipping,0
5333,11057.86,Earbuds|Jeans,evening,10,5% discount,0
5334,6091.32,Cushion|Adidas Running Shoes,evening,2,Free Shipping,1
5335,7348.93,Jacket,morning,10,10% discount,1
5336,9680.2,Earbuds,afternoon,7,10% discount,0
5337,2565.21,Sports Cap,night,3,Free Shipping,0
5338,5910.66,Backpack,evening,10,10% discount,1
5339,2403.92,Coffee Mug,night,1,20% discount,1
5340,1480.4,Coffee Mug,afternoon,2,10% discount,0
5341,18585.3,Phone Case|Backpack,night,3,5% discount,1
5342,4762.84,Jacket,morning,0,20% discount,1
5343,12077.71,Coffee Mug|Coffee Mug,afternoon,3,10% discount,1
5344,12452.65,T-Shirt|Coffee Mug|Coffee Mug,evening,1,Free Shipping,1
5345,5102.07,T-Shirt,morning,9,Free Shipping,1
5346,7319.99,Cushion,morning,9,10% discount,1
5347,4627.85,Jeans,night,4,10% discount,1
5348,3646.44,Wristband,afternoon,0,Free Shipping,1
5349,6707.3,Coffee Mug,evening,2,10% discount,0
5350,7861.92,Coffee Mug|Wristband|Wristband,afternoon,3,10% discount,1
5351,5256.85,Cushion,morning,5,10% discount,1
5352,14054.86,Coffee Mug|Puma Sneakers,afternoon,0,5% discount,0
5353,7718.78,Jeans,evening,1,Free Shipping,0
5354,4937.88,Jeans,evening,4,5% discount,1
5355,4856.79,Sports Cap,morning,9,Free Shipping,0
5356,2744.42,Puma Sneakers,evening,1,20% discount,1
5357,8969.76,Cushion|Cushion,morning,8,20% discount,1
5358,11551.83,Sports Cap|Coffee Mug|Coffee Mug,night,1,10% discount,1
5359,9211.88,Cushion,afternoon,8,Free Shipping,1
5360,5044.39,Coffee Mug,night,5,10% discount,0
5361,6442.12,Wristband,afternoon,4,20% discount,1
5362,2279.99,Coffee Mug,night,6,10% discount,1
5363,15900.6,Earbuds|Phone Case|Cushion,morning,5,10% discount,0
5364,11256.4,Cushion|Earbuds|Cushion,morning,9,Free Shipping,0
5365,15561.26,Phone Case|Nike Shoes,evening,0,5% discount,0
5366,4165.42,Backpack,night,7,Free Shipping,0
5367,10393.94,Earbuds|Phone Case|Adidas Running Shoes,evening,7,20% discount,1
5368,6806.04,Earbuds,evening,2,10% discount,1
5369,12086.81,Jacket|Earbuds,evening,3,Free Shipping,0
5370,8178.44,Adidas Running Shoes,afternoon,3,5% discount,0
5371,1040.2,Jacket,night,6,5% discount,0
5372,11661.04,Wristband|Cushion,afternoon,0,10% discount,0
5373,7683.33,Cushion,night,10,10% discount,1
5374,1733.07,Earbuds,night,8,Free Shipping,0
5375,1043.65,Wristband,afternoon,8,10% discount,0
5376,7705.15,Jacket,evening,5,20% discount,0
5377,8380.4,Earbuds,afternoon,4,5% discount,0
5378,9194.17,Jacket|Earbuds,afternoon,2,20% discount,0
5379,13405.39,Earbuds|Earbuds,night,0,Free Shipping,0
5380,2677.47,Wristband,night,3,Free Shipping,0
5381,6056.64,Wristband|Wristband,night,0,Free Shipping,1
5382,14830.17,Nike Shoes|Jeans,night,6,5% discount,0
5383,9557.75,Coffee Mug,night,4,5% discount,0
5384,6115.51,Coffee Mug,night,4,10% discount,0
5385,19164.71,Adidas Running Shoes|Coffee Mug|Puma Sneakers,evening,0,5% discount,0
5386,4010.82,Phone Case,evening,7,Free Shipping,0
5387,6370.19,Phone Case,afternoon,5,5% discount,1
5388,4409.11,Sports Cap,evening,6,10% discount,0
5389,6537.79,Phone Case,morning,3,Free Shipping,1
5390,9100.25,Sports Cap|Backpack,night,0,10% discount,0
5391,9285.02,T-Shirt,evening,2,5% discount,0
5392,6822.0,Puma Sneakers,evening,2,5% discount,0
5393,5781.7,Jeans,evening,2,10% discount,0
5394,12913.52,Jacket|Earbuds,afternoon,7,5% discount,0
5395,11386.86,Backpack|Backpack|Phone Case,morning,1,Free Shipping,0
5396,8445.43,Cushion,afternoon,2,Free Shipping,1
5397,7542.28,Jeans|Jacket,morning,10,10% discount,0
5398,5036.61,Jeans,night,2,10% discount,0
5399,5233.49,Earbuds,morning,10,5% discount,1
5400,1576.51,Earbuds,afternoon,1,Free Shipping,0
5401,7792.16,Cushion,night,7,10% discount,0
5402,10269.71,Phone Case|Coffee Mug,afternoon,5,10% discount,0
5403,10046.85,Wristband|Phone Case,morning,4,5% discount,0
5404,2867.78,Earbuds,night,3,Free Shipping,0
5405,9805.83,Earbuds,afternoon,9,5% discount,0
5406,10725.55,Earbuds|Jeans|Coffee Mug,night,6,10% discount,1
5407,12900.26,Backpack|Coffee Mug,evening,8,5% discount,0
5408,9227.18,Sports Cap|Coffee Mug|Sports Cap,evening,9,10% discount,0
5409,4518.45,Cushion,afternoon,1,20% discount,0
5410,5903.86,Cushion,afternoon,2,10% discount,0
5411,1826.27,Puma Sneakers,evening,9,Free Shipping,0
5412,16777.51,Jacket|Wristband,morning,6,10% discount,0
5413,7380.83,Coffee Mug,evening,9,10% discount,1
5414,16638.45,Jacket|Phone Case,afternoon,0,10% discount,0
5415,14228.14,Cushion|Backpack,morning,10,5% discount,0
5416,9641.32,T-Shirt,afternoon,5,5% discount,0
5417,5449.0,Sports Cap,night,8,10% discount,1
5418,4828.81,Sports Cap,evening,0,5% discount,0
5419,11248.81,Coffee Mug|T-Shirt,afternoon,1,5% discount,0
5420,16243.36,Backpack|Earbuds|Earbuds,afternoon,3,20% discount,1
5421,10993.16,Phone Case|T-Shirt,evening,8,Free Shipping,1
5422,5647.26,Earbuds,morning,10,5% discount,0
5423,7965.6,Backpack,morning,9,10% discount,0
5424,9482.15,T-Shirt,night,5,20% discount,1
5425,1597.23,Sports Cap,night,8,Free Shipping,0
5426,9160.41,Earbuds,night,0,10% discount,0
5427,14580.16,T-Shirt|Cushion,evening,5,10% discount,0
5428,1823.28,Earbuds,night,9,5% discount,0
5429,11915.4,Backpack|Earbuds,afternoon,8,10% discount,0
5430,7553.63,Coffee Mug,night,6,10% discount,1
5431,4694.83,T-Shirt,evening,1,10% discount,1
5432,15165.54,Jeans|Cushion,afternoon,4,Free Shipping,1
5433,7100.02,Earbuds,night,10,Free Shipping,0
5434,16222.59,Coffee Mug|Earbuds|Puma Sneakers,afternoon,7,20% discount,0
5435,1369.51,Wristband,afternoon,1,10% discount,0
5436,8565.18,Coffee Mug,night,6,5% discount,0
5437,12241.99,Coffee Mug|Backpack,night,9,10% discount,1
5438,12030.74,Phone Case|Nike Shoes,afternoon,0,Free Shipping,0
5439,8631.26,Backpack,afternoon,2,10% discount,1
5440,1904.06,Jacket,morning,1,Free Shipping,0
5441,15841.22,Phone Case|Adidas Running Shoes|Cushion,morning,9,10% discount,0
5442,7490.23,Nike Shoes,morning,0,10% discount,1
5443,7898.89,Backpack,afternoon,4,Free Shipping,0
5444,3616.83,Puma Sneakers,afternoon,9,10% discount,0
5445,10022.31,Puma Sneakers|Puma Sneakers,evening,3,Free Shipping,1
5446,6961.58,Adidas Running Shoes,morning,10,Free Shipping,1
5447,4120.54,T-Shirt,evening,1,5% discount,1
5448,5668.73,Jacket,afternoon,4,5% discount,0
5449,2300.1,T-Shirt,morning,8,10% discount,0
5450,2187.16,Wristband,morning,6,5% discount,0
5451,18330.6,Earbuds|Coffee Mug,afternoon,7,5% discount,0
5452,9414.84,Phone Case|Jeans|Backpack,night,0,20% discount,0
5453,2476.41,Sports Cap,morning,6,10% discount,0
5454,3586.81,Puma Sneakers,morning,2,10% discount,0
5455,9644.54,Jeans|Puma Sneakers,evening,2,5% discount,1
5456,7687.5,Cushion,evening,0,20% discount,0
5457,7142.68,Coffee Mug,afternoon,9,10% discount,0
5458,18264.07,T-Shirt|Phone Case,morning,10,20% discount,1
5459,11254.65,Wristband|Cushion,afternoon,3,10% discount,0
5460,7568.73,Backpack|Cushion,night,0,20% discount,0
5461,3301.6,Earbuds,afternoon,7,5% discount,1
5462,1776.47,Sports Cap,evening,4,Free Shipping,0
5463,17901.79,Nike Shoes|Phone Case|Wristband,morning,7,5% discount,1
5464,1828.89,Earbuds,morning,5,10% discount,0
5465,4643.55,Coffee Mug,evening,3,10% discount,0
5466,9771.93,Coffee Mug,morning,10,20% discount,1
5467,2181.69,Puma Sneakers,evening,6,Free Shipping,0
5468,5607.43,Phone Case,afternoon,6,10% discount,1
5469,12085.91,Backpack|Adidas Running Shoes|Coffee Mug,afternoon,7,10% discount,1
5470,5839.37,Wristband|Nike Shoes,night,2,10% discount,0
5471,4350.74,Phone Case,night,5,Free Shipping,1
5472,15804.35,Adidas Running Shoes|Phone Case,afternoon,5,10% discount,0
5473,6253.9,Phone Case,afternoon,8,5% discount,1
5474,13540.61,Backpack|Backpack,afternoon,6,10% discount,0
5475,6264.67,Earbuds|Nike Shoes,morning,10,10% discount,1
5476,10979.99,Jacket|Earbuds,morning,3,5% discount,0
5477,6252.16,Jeans,night,9,5% discount,0
5478,14463.47,Nike Shoes|Cushion,evening,5,20% discount,1
5479,5053.59,Earbuds,evening,6,10% discount,0
5480,8027.64,Puma Sneakers,morning,3,5% discount,0
5481,3979.9,Coffee Mug,afternoon,7,10% discount,0
5482,5122.67,Wristband,evening,9,10% discount,1
5483,4762.77,Earbuds|Coffee Mug,morning,10,Free Shipping,0
5484,10565.45,Jeans|Backpack,morning,10,Free Shipping,0
5485,12699.15,Jeans|Wristband,afternoon,6,10% discount,0
5486,10763.34,Nike Shoes|Cushion,evening,9,10% discount,0
5487,13752.88,Nike Shoes|Jacket,afternoon,6,Free Shipping,0
5488,4517.35,Nike Shoes,night,8,Free Shipping,0
5489,3918.54,Phone Case,afternoon,7,5% discount,1
5490,6976.87,Nike Shoes,morning,7,10% discount,0
5491,11702.73,Puma Sneakers|T-Shirt,evening,5,10% discount,1
5492,8957.21,Phone Case|Coffee Mug,afternoon,0,Free Shipping,1
5493,1665.53,Coffee Mug,evening,4,Free Shipping,1
5494,18341.67,T-Shirt|Earbuds|Jacket,morning,1,5% discount,1
5495,3298.64,Backpack,night,5,Free Shipping,0
5496,6157.98,Phone Case,afternoon,8,Free Shipping,0
5497,4294.88,Sports Cap,morning,5,Free Shipping,0
5498,4314.43,Puma Sneakers,morning,3,5% discount,0
5499,11516.7,Phone Case|T-Shirt,evening,9,10% discount,1
5500,9913.3,Sports Cap|T-Shirt,night,4,5% discount,1
5501,4625.47,Coffee Mug,evening,9,Free Shipping,0
5502,1209.67,Cushion,afternoon,7,10% discount,0
5503,3297.43,Backpack,night,9,Free Shipping,0
5504,2207.68,Earbuds,evening,10,10% discount,0
5505,24314.72,Wristband|T-Shirt|Coffee Mug,morning,3,Free Shipping,1
5506,9213.0,Jeans,evening,7,20% discount,0
5507,6687.83,Earbuds,night,8,Free Shipping,0
5508,16431.26,Sports Cap|T-Shirt,morning,8,5% discount,0
5509,2295.33,Backpack,morning,7,Free Shipping,0
5510,7335.49,Jacket,night,4,10% discount,1
5511,5453.19,T-Shirt|Adidas Running Shoes,morning,3,20% discount,0
5512,14445.71,Jacket|Phone Case,night,2,5% discount,0
5513,7831.24,Sports Cap|Nike Shoes,morning,1,10% discount,0
5514,9492.08,Backpack,afternoon,3,10% discount,1
5515,7774.77,Nike Shoes|Nike Shoes,morning,7,Free Shipping,0
5516,6282.07,Phone Case,afternoon,0,10% discount,0
5517,13363.24,Jacket|Earbuds|Jacket,morning,10,10% discount,0
5518,8912.34,Puma Sneakers|Phone Case,morning,4,Free Shipping,0
5519,8228.04,T-Shirt,night,3,20% discount,1
5520,15513.52,Jeans|T-Shirt,evening,5,5% discount,0
5521,7701.2,Phone Case,afternoon,9,Free Shipping,0
5522,8711.86,T-Shirt|Earbuds,evening,2,5% discount,0
5523,5058.62,Coffee Mug,evening,2,20% discount,1
5524,8579.8,Cushion|Coffee Mug,evening,10,20% discount,0
5525,4293.86,Nike Shoes,night,3,20% discount,1
5526,2607.59,Adidas Running Shoes,night,4,20% discount,1
5527,7964.64,Cushion,morning,9,10% discount,0
5528,3980.76,Coffee Mug,night,9,20% discount,1
5529,6558.81,Phone Case|Coffee Mug,night,0,10% discount,1
5530,5951.76,Adidas Running Shoes|Sports Cap,night,3,Free Shipping,0
5531,11855.13,Coffee Mug|Adidas Running Shoes,evening,7,20% discount,0
5532,12694.44,Coffee Mug|Nike Shoes|Backpack,night,2,20% discount,0
5533,19401.53,Nike Shoes|Sports Cap|T-Shirt,evening,8,20% discount,0
5534,6041.39,Puma Sneakers,morning,2,20% discount,0
5535,6636.01,Phone Case|Nike Shoes,evening,9,10% discount,1
5536,9897.39,Earbuds,afternoon,9,10% discount,0
5537,8168.0,Adidas Running Shoes,evening,7,Free Shipping,0
5538,4705.4,Wristband|Jeans,afternoon,1,Free Shipping,1
5539,1159.6,Jacket,evening,2,10% discount,0
5540,2960.86,Coffee Mug,evening,8,20% discount,1
5541,9906.73,Cushion,morning,1,5% discount,0
5542,9795.27,Wristband,evening,7,10% discount,1
5543,16556.38,Sports Cap|Puma Sneakers,afternoon,8,Free Shipping,1
5544,6632.01,Cushion|Backpack,night,1,5% discount,0
5545,12412.33,Backpack|Sports Cap,morning,3,10% discount,0
5546,2814.62,Phone Case,night,7,5% discount,0
5547,2739.92,Wristband,morning,7,5% discount,1
5548,5277.45,Cushion,morning,10,Free Shipping,0
5549,14887.33,Adidas Running Shoes|Cushion|Adidas Running Shoes,night,8,Free Shipping,1
5550,6466.42,Wristband,morning,2,Free Shipping,0
5551,9028.52,Cushion,night,10,20% discount,0
5552,16199.41,Cushion|T-Shirt,evening,2,10% discount,0
5553,6249.7,Wristband|Wristband,morning,10,Free Shipping,1
5554,14626.23,Jeans|Cushion,night,8,5% discount,1
5555,6522.27,Phone Case,evening,10,Free Shipping,1
5556,5523.03,T-Shirt,night,7,Free Shipping,0
5557,3893.8,Cushion,morning,6,10% discount,1
5558,4799.98,Jacket,evening,0,Free Shipping,1
5559,4063.96,Coffee Mug,afternoon,0,20% discount,1
5560,12483.57,Cushion|Earbuds|Puma Sneakers,evening,9,20% discount,1
5561,5317.06,Coffee Mug|Adidas Running Shoes,afternoon,2,Free Shipping,0
5562,4852.18,Phone Case,afternoon,6,Free Shipping,0
5563,16211.87,T-Shirt|Jeans,morning,1,10% discount,1
5564,14349.21,Coffee Mug|Adidas Running Shoes|Wristband,morning,3,10% discount,0
5565,8462.72,Backpack,evening,5,Free Shipping,0
5566,9003.11,Nike Shoes,afternoon,10,10% discount,1
5567,1487.84,Phone Case,morning,1,Free Shipping,0
5568,2794.58,Earbuds,evening,1,10% discount,0
5569,7513.85,Jeans,afternoon,10,Free Shipping,1
5570,15635.79,Jeans|Coffee Mug,morning,6,Free Shipping,0
5571,1015.95,T-Shirt,evening,10,20% discount,0
5572,3203.01,Sports Cap,night,4,10% discount,1
5573,9338.08,Puma Sneakers,afternoon,8,10% discount,0
5574,7505.62,Earbuds,afternoon,4,5% discount,0
5575,6235.26,Wristband,evening,9,20% discount,1
5576,3397.96,Backpack,night,6,10% discount,0
5577,7009.21,Cushion,afternoon,3,20% discount,1
5578,24866.83,T-Shirt|Coffee Mug|Nike Shoes,night,2,Free Shipping,1
5579,9362.26,Puma Sneakers,night,3,10% discount,0
5580,9024.16,Jeans,afternoon,3,Free Shipping,0
5581,4697.81,T-Shirt|Puma Sneakers,morning,8,5% discount,0
5582,5067.08,Coffee Mug,morning,9,5% discount,0
5583,14945.8,Nike Shoes|Sports Cap|Jacket,night,7,Free Shipping,1
5584,6943.45,Coffee Mug,evening,6,10% discount,0
5585,19753.13,Cushion|Puma Sneakers,afternoon,6,10% discount,0
5586,12594.51,Phone Case|Adidas Running Shoes,afternoon,2,20% discount,0
5587,12349.57,Adidas Running Shoes|Adidas Running Shoes,night,0,Free Shipping,0
5588,12171.77,Coffee Mug|Nike Shoes,night,2,20% discount,0
5589,3619.55,Nike Shoes|Sports Cap,afternoon,7,Free Shipping,0
5590,5534.99,Phone Case,morning,1,10% discount,1
5591,4506.45,Jeans,afternoon,4,Free Shipping,0
5592,15729.04,Jeans|Coffee Mug|Puma Sneakers,night,3,10% discount,0
5593,3029.88,Cushion,night,3,10% discount,0
5594,7185.41,Earbuds,morning,10,10% discount,0
5595,14174.1,Earbuds|T-Shirt,night,9,10% discount,1
5596,6337.31,Jacket,morning,4,10% discount,0
5597,16917.58,Phone Case|Puma Sneakers|Cushion,night,6,10% discount,1
5598,6310.09,Phone Case,morning,0,20% discount,1
5599,6321.92,Puma Sneakers,afternoon,10,Free Shipping,1
5600,9806.97,Jacket,afternoon,7,5% discount,0
5601,9554.66,Jeans|Earbuds|Cushion,afternoon,4,Free Shipping,0
5602,12450.19,Jacket|Wristband|Jacket,morning,6,10% discount,1
5603,1989.69,Sports Cap,night,2,Free Shipping,0
5604,10362.46,Cushion|Cushion|Coffee Mug,morning,4,10% discount,1
5605,16966.22,Sports Cap|Sports Cap|Cushion,morning,7,Free Shipping,1
5606,9818.04,Cushion,evening,1,5% discount,0
5607,12146.07,Phone Case|Backpack,afternoon,6,10% discount,0
5608,9822.44,Puma Sneakers|Backpack,evening,5,Free Shipping,0
5609,16694.65,Earbuds|Jacket,morning,3,20% discount,1
5610,6764.38,Puma Sneakers,evening,1,Free Shipping,0
5611,1275.51,Wristband,evening,1,10% discount,1
5612,7454.86,Adidas Running Shoes,night,3,5% discount,0
5613,1076.21,Phone Case,afternoon,4,20% discount,0
5614,2665.91,Earbuds,evening,10,Free Shipping,0
5615,14005.04,Nike Shoes|Coffee Mug,night,8,5% discount,0
5616,19415.64,Cushion|Backpack|Jeans,morning,2,Free Shipping,0
5617,17435.66,T-Shirt|Adidas Running Shoes|Sports Cap,evening,0,10% discount,0
5618,9066.58,Jeans|Sports Cap,afternoon,0,Free Shipping,1
5619,11246.08,Adidas Running Shoes|Cushion,evening,7,Free Shipping,1
5620,11673.25,Wristband|Earbuds,morning,0,20% discount,1
5621,8544.31,Phone Case,evening,5,10% discount,0
5622,11019.31,Phone Case|Backpack,afternoon,3,Free Shipping,0
5623,7210.37,T-Shirt,evening,5,5% discount,1
5624,2661.38,Earbuds,night,0,10% discount,0
5625,17851.09,Phone Case|Sports Cap,evening,5,20% discount,1
5626,4995.87,Nike Shoes,morning,5,20% discount,0
5627,7036.18,Jacket,afternoon,6,5% discount,0
5628,3265.2,Phone Case,morning,9,20% discount,1
5629,7218.71,Coffee Mug,night,0,5% discount,0
5630,13632.34,Cushion|Sports Cap,afternoon,10,20% discount,1
5631,9043.74,Cushion|Backpack,afternoon,7,20% discount,1
5632,3285.73,Jacket,night,7,5% discount,0
5633,2498.13,Phone Case,afternoon,0,Free Shipping,0
5634,2118.38,Coffee Mug,morning,0,5% discount,0
5635,1768.94,Wristband,afternoon,7,20% discount,0
5636,7776.49,Jacket,afternoon,9,5% discount,0
5637,7295.55,Wristband,afternoon,7,20% discount,0
5638,4276.83,Jacket,afternoon,8,Free Shipping,1
5639,7547.28,Phone Case,night,5,Free Shipping,1
5640,2468.68,Jeans,afternoon,1,10% discount,0
5641,1844.55,Sports Cap,morning,10,5% discount,0
5642,9731.98,Earbuds,night,1,Free Shipping,0
5643,7733.08,Puma Sneakers,evening,0,20% discount,1
5644,13055.06,Nike Shoes|Nike Shoes,morning,5,5% discount,0
5645,1188.66,Adidas Running Shoes,morning,5,5% discount,0
5646,2027.19,Wristband,afternoon,8,20% discount,0
5647,11590.91,Wristband|Jeans,morning,3,5% discount,0
5648,5456.76,T-Shirt,afternoon,4,10% discount,0
5649,6558.37,Phone Case,afternoon,10,20% discount,0
5650,6845.7,Earbuds,morning,3,10% discount,0
5651,5449.06,Earbuds,morning,6,10% discount,0
5652,14513.58,Earbuds|Jeans,evening,5,20% discount,1
5653,5838.05,Adidas Running Shoes,evening,9,20% discount,1
5654,14937.15,Jeans|Backpack|Wristband,morning,3,20% discount,0
5655,8793.99,T-Shirt,evening,5,10% discount,0
5656,5553.06,Cushion,night,2,20% discount,0
5657,9597.43,Earbuds,night,6,5% discount,0
5658,1486.14,Earbuds,evening,8,10% discount,0
5659,4216.41,Backpack,night,2,10% discount,1
5660,5554.36,Sports Cap|Earbuds,evening,3,20% discount,0
5661,7370.31,Backpack|Cushion,evening,9,10% discount,0
5662,2266.66,Sports Cap,morning,9,5% discount,0
5663,3427.98,Coffee Mug,afternoon,3,5% discount,0
5664,3409.97,Cushion,evening,0,20% discount,0
5665,1837.4,Phone Case,morning,7,5% discount,0
5666,17576.73,Nike Shoes|Earbuds|Earbuds,evening,3,20% discount,1
5667,13356.01,Puma Sneakers|Sports Cap,evening,1,20% discount,0
5668,8238.33,Wristband,morning,5,Free Shipping,1
5669,1436.2,Jeans,afternoon,4,20% discount,0
5670,7844.35,Coffee Mug,night,10,5% discount,0
5671,1198.36,Earbuds,evening,10,Free Shipping,0
5672,18010.08,Backpack|Backpack|Phone Case,afternoon,2,10% discount,1
5673,2233.67,Phone Case,afternoon,7,Free Shipping,0
5674,7835.55,Coffee Mug,morning,1,20% discount,1
5675,22012.82,Earbuds|Earbuds|Jeans,evening,6,10% discount,1
5676,9201.53,Earbuds|Sports Cap,afternoon,1,10% discount,0
5677,6127.29,Nike Shoes,morning,10,5% discount,0
5678,3137.48,Coffee Mug|Coffee Mug,evening,6,Free Shipping,0
5679,1032.08,Coffee Mug,afternoon,3,10% discount,0
5680,13448.16,Coffee Mug|Backpack,afternoon,7,Free Shipping,0
5681,3065.62,Jacket,morning,2,Free Shipping,0
5682,12017.49,Jacket|Coffee Mug,night,6,20% discount,1
5683,15183.75,Jacket|Phone Case|Earbuds,afternoon,8,10% discount,1
5684,3889.5,Jacket,evening,1,20% discount,0
5685,18592.03,Coffee Mug|Wristband|Sports Cap,night,10,20% discount,1
5686,6707.15,Phone Case|Coffee Mug,evening,10,Free Shipping,1
5687,1217.97,Coffee Mug,evening,6,10% discount,0
5688,13616.11,Earbuds|Earbuds|T-Shirt,afternoon,4,10% discount,1
5689,2865.89,T-Shirt,morning,5,Free Shipping,0
5690,12023.8,T-Shirt|Coffee Mug,night,0,20% discount,0
5691,8108.57,Earbuds,evening,0,10% discount,0
5692,1940.97,Phone Case,afternoon,10,Free Shipping,0
5693,14124.54,Jeans|Coffee Mug,night,10,20% discount,1
5694,2660.72,Earbuds,night,0,20% discount,0
5695,9720.29,Jacket|Coffee Mug,night,7,10% discount,1
5696,7612.31,Adidas Running Shoes,night,0,Free Shipping,0
5697,6574.01,Wristband|Coffee Mug,evening,0,Free Shipping,1
5698,9851.28,Wristband,night,7,Free Shipping,0
5699,11004.0,Earbuds|Nike Shoes,evening,4,5% discount,0
5700,8627.07,T-Shirt|Jacket,afternoon,8,Free Shipping,0
5701,4407.09,Nike Shoes,morning,6,5% discount,0
5702,3882.09,Cushion,night,9,10% discount,0
5703,19933.59,Sports Cap|Backpack|Sports Cap,evening,2,Free Shipping,0
5704,8453.76,Cushion|Earbuds,evening,2,10% discount,0
5705,10980.71,Coffee Mug|Jeans,night,1,Free Shipping,0
5706,1462.15,T-Shirt,morning,9,10% discount,0
5707,3023.81,Puma Sneakers,night,6,10% discount,0
5708,1443.18,Cushion,evening,5,5% discount,0
5709,9098.63,Nike Shoes|Earbuds,morning,8,Free Shipping,0
5710,20378.76,Adidas Running Shoes|Phone Case|Coffee Mug,afternoon,6,5% discount,0
5711,12824.49,Backpack|Puma Sneakers,morning,8,10% discount,0
5712,7926.41,Phone Case,evening,5,Free Shipping,1
5713,5935.99,Nike Shoes,night,10,Free Shipping,1
5714,2230.9,Phone Case,morning,10,20% discount,0
5715,1880.11,Phone Case,morning,5,Free Shipping,0
5716,7362.57,Jeans,night,9,5% discount,0
5717,18800.41,Earbuds|Cushion,evening,3,10% discount,0
5718,7422.78,Sports Cap,night,5,5% discount,0
5719,2553.98,Sports Cap,night,0,5% discount,0
5720,3071.32,Coffee Mug,morning,4,Free Shipping,0
5721,10807.51,Nike Shoes|Coffee Mug,evening,2,10% discount,0
5722,3359.66,Earbuds,morning,6,Free Shipping,0
5723,9531.56,Backpack,morning,3,Free Shipping,0
5724,4883.7,Nike Shoes|Cushion,evening,0,Free Shipping,0
5725,1036.9,T-Shirt,night,3,20% discount,0
5726,13662.15,Backpack|Earbuds,night,8,5% discount,0
5727,13579.9,Coffee Mug|Nike Shoes,morning,2,Free Shipping,0
5728,1069.39,Cushion,afternoon,3,5% discount,0
5729,3651.71,Cushion,morning,4,10% discount,0
5730,12896.25,Earbuds|Sports Cap,night,0,20% discount,1
5731,4555.57,Backpack,afternoon,3,5% discount,1
5732,4820.93,Earbuds,evening,8,Free Shipping,0
5733,5241.83,Wristband,night,6,20% discount,1
5734,9248.65,T-Shirt|Sports Cap,night,2,Free Shipping,1
5735,10812.49,T-Shirt|Phone Case,night,8,10% discount,0
5736,5242.22,Nike Shoes,morning,6,10% discount,1
5737,3536.56,Phone Case,evening,6,Free Shipping,0
5738,10301.97,Phone Case|Cushion,night,9,10% discount,1
5739,7966.32,Phone Case,night,4,5% discount,0
5740,1192.22,Wristband,evening,3,Free Shipping,0
5741,9288.44,Jacket,evening,9,5% discount,0
5742,6666.66,Phone Case,afternoon,2,10% discount,0
5743,12512.24,Phone Case|Coffee Mug,night,8,5% discount,1
5744,11503.29,Backpack|Jacket,night,5,10% discount,1
5745,13989.95,T-Shirt|Coffee Mug,afternoon,7,20% discount,0
5746,8347.97,Wristband,afternoon,3,10% discount,0
5747,19362.36,T-Shirt|Jacket|Sports Cap,morning,6,5% discount,0
5748,8710.19,Earbuds,evening,8,5% discount,0
5749,8190.21,Nike Shoes|Earbuds,morning,1,5% discount,0
5750,11194.8,Jacket|Earbuds,afternoon,10,20% discount,0
5751,20918.55,Backpack|T-Shirt|Earbuds,evening,2,Free Shipping,1
5752,9652.66,Coffee Mug,evening,10,20% discount,1
5753,18335.12,Nike Shoes|Jeans|Coffee Mug,night,5,10% discount,1
5754,9843.8,Nike Shoes|Earbuds,evening,4,20% discount,0
5755,16662.61,Coffee Mug|Backpack,night,3,5% discount,0
5756,4982.28,Nike Shoes,night,10,5% discount,1
5757,19494.68,Phone Case|Backpack|Adidas Running Shoes,afternoon,0,5% discount,0
5758,7081.24,Sports Cap,afternoon,1,20% discount,0
5759,4251.79,Cushion,morning,8,Free Shipping,1
5760,3975.76,Coffee Mug,night,5,Free Shipping,1
5761,8844.84,Jeans,evening,5,20% discount,1
5762,6465.37,Phone Case,evening,10,5% discount,0
5763,7761.63,Cushion,night,2,Free Shipping,0
5764,9241.41,Puma Sneakers|Sports Cap,night,5,10% discount,1
5765,4641.74,Wristband,morning,0,Free Shipping,0
5766,9263.28,Puma Sneakers,morning,5,5% discount,0
5767,6393.81,Earbuds,afternoon,8,5% discount,0
5768,8698.9,Coffee Mug,morning,1,20% discount,1
5769,1617.68,Cushion,night,10,20% discount,0
5770,3557.39,Wristband,morning,1,5% discount,0
5771,4518.44,Adidas Running Shoes,morning,5,10% discount,0
5772,1186.89,Coffee Mug,afternoon,7,Free Shipping,0
5773,16756.19,Cushion|T-Shirt|Coffee Mug,afternoon,4,5% discount,0
5774,19555.79,Nike Shoes|Backpack|Phone Case,evening,0,5% discount,0
5775,14636.12,Nike Shoes|Earbuds|Nike Shoes,night,0,5% discount,0
5776,19557.09,Puma Sneakers|Earbuds|Phone Case,evening,10,Free Shipping,0
5777,18656.56,Cushion|Nike Shoes,morning,0,20% discount,0
5778,5652.82,Backpack,afternoon,8,5% discount,1
5779,9508.06,Phone Case|Earbuds,afternoon,3,20% discount,1
5780,6916.29,Jacket,evening,3,Free Shipping,0
5781,2032.45,Sports Cap,morning,5,20% discount,0
5782,8161.16,Adidas Running Shoes|Sports Cap,night,7,5% discount,0
5783,7393.8,Earbuds,afternoon,5,5% discount,1
5784,16770.87,Coffee Mug|Earbuds,night,3,10% discount,0
5785,7867.88,Jacket|Phone Case,evening,4,Free Shipping,1
5786,3498.13,Adidas Running Shoes|Jacket,evening,5,10% discount,0
5787,15951.93,Phone Case|Earbuds,evening,9,20% discount,1
5788,1541.58,Sports Cap,night,8,10% discount,0
5789,13597.63,Cushion|Sports Cap,evening,0,10% discount,0
5790,8910.88,Phone Case,night,5,10% discount,0
5791,5361.53,Earbuds|T-Shirt,night,0,10% discount,1
5792,6960.61,Cushion,morning,0,5% discount,0
5793,2541.0,Nike Shoes,night,3,10% discount,0
5794,9780.47,Wristband,night,9,10% discount,1
5795,13823.76,Cushion|Phone Case|Nike Shoes,afternoon,8,10% discount,0
5796,5489.71,Wristband,night,8,10% discount,0
5797,15640.91,Puma Sneakers|Nike Shoes,afternoon,4,10% discount,0
5798,8327.27,T-Shirt|Coffee Mug|Sports Cap,afternoon,7,10% discount,1
5799,6748.18,Earbuds|Backpack,morning,5,5% discount,0
5800,1054.05,Phone Case,night,10,20% discount,0
5801,9108.43,Adidas Running Shoes|Sports Cap,night,9,20% discount,0
5802,5204.2,Sports Cap,morning,9,Free Shipping,0
5803,14908.47,Earbuds|Phone Case,morning,1,10% discount,0
5804,4871.08,Coffee Mug|Coffee Mug,afternoon,4,Free Shipping,0
5805,4681.81,Cushion,afternoon,0,Free Shipping,0
5806,2411.2,Nike Shoes,afternoon,9,20% discount,1
5807,4988.46,Phone Case,night,10,Free Shipping,1
5808,14076.26,Coffee Mug|Phone Case,evening,10,10% discount,1
5809,11462.05,Cushion|Jeans,evening,9,5% discount,0
5810,9777.65,Jacket|Coffee Mug,night,3,20% discount,1
5811,5513.92,Phone Case,night,2,Free Shipping,0
5812,3680.11,Earbuds,morning,10,Free Shipping,0
5813,7185.6,Sports Cap,night,9,20% discount,1
5814,2438.45,Puma Sneakers,evening,10,Free Shipping,0
5815,9219.75,Coffee Mug,night,3,Free Shipping,0
5816,2071.83,Earbuds,morning,2,20% discount,1
5817,6731.47,Jeans,afternoon,6,10% discount,1
5818,9375.12,Nike Shoes,evening,8,5% discount,0
5819,2889.01,Earbuds,night,2,5% discount,0
5820,9018.25,Puma Sneakers,afternoon,10,20% discount,1
5821,6584.09,T-Shirt|Adidas Running Shoes,afternoon,4,5% discount,0
5822,4745.83,Cushion|Sports Cap,morning,9,10% discount,0
5823,5615.02,Puma Sneakers,evening,7,5% discount,1
5824,2395.34,Wristband,afternoon,4,10% discount,0
5825,8228.34,Cushion,morning,5,Free Shipping,1
5826,6092.57,Backpack,evening,10,5% discount,0
5827,13230.63,Backpack|Phone Case,morning,10,20% discount,1
5828,4259.41,Phone Case,afternoon,10,5% discount,1
5829,3740.91,Puma Sneakers,evening,4,5% discount,1
5830,15438.89,Coffee Mug|Jeans,afternoon,2,10% discount,0
5831,5517.69,Puma Sneakers,morning,4,5% discount,0
5832,8195.66,Jeans,morning,6,10% discount,0
5833,4006.68,Puma Sneakers,evening,8,10% discount,1
5834,7867.76,Backpack|Puma Sneakers,evening,5,10% discount,0
5835,13850.91,Jacket|Earbuds,morning,7,10% discount,0
5836,17385.1,Jeans|Adidas Running Shoes,morning,2,5% discount,0
5837,16868.1,Puma Sneakers|Wristband,afternoon,4,5% discount,0
5838,4119.62,Jeans,morning,2,10% discount,1
5839,8095.76,Wristband,afternoon,10,Free Shipping,1
5840,13332.85,Coffee Mug|Backpack,evening,2,Free Shipping,0
5841,6749.36,Phone Case,evening,4,20% discount,0
5842,5955.72,Coffee Mug,evening,5,Free Shipping,0
5843,11522.57,Earbuds|Jacket,afternoon,9,Free Shipping,1
5844,3632.18,Phone Case,afternoon,5,5% discount,0
5845,7883.1,Nike Shoes,afternoon,2,20% discount,0
5846,7209.98,Sports Cap,evening,7,Free Shipping,0
5847,8866.3,T-Shirt,night,6,10% discount,0
5848,3746.74,Puma Sneakers,night,9,5% discount,0
5849,5989.38,Phone Case,evening,7,10% discount,0
5850,13021.52,Coffee Mug|Jeans,night,5,Free Shipping,0
5851,3366.49,Nike Shoes,night,9,20% discount,0
5852,1294.31,T-Shirt,morning,5,10% discount,0
5853,7257.5,T-Shirt,evening,0,Free Shipping,0
5854,18881.15,Jacket|Phone Case,afternoon,0,10% discount,0
5855,14624.39,Cushion|Jacket,evening,9,Free Shipping,0
5856,1085.01,Earbuds,afternoon,6,10% discount,0
5857,2605.94,Wristband,night,8,20% discount,1
5858,5908.97,Earbuds,evening,8,Free Shipping,1
5859,7847.39,T-Shirt|Coffee Mug,night,1,5% discount,0
5860,6176.87,T-Shirt,afternoon,2,Free Shipping,0
5861,8950.39,Coffee Mug,morning,0,5% discount,0
5862,6265.86,Jeans,night,8,Free Shipping,0
5863,21980.9,Cushion|Phone Case|Adidas Running Shoes,night,8,20% discount,0
5864,3434.22,Cushion|Phone Case,night,9,20% discount,0
5865,3227.24,T-Shirt,evening,5,5% discount,0
5866,2518.88,Sports Cap,evening,9,10% discount,0
5867,9628.81,Earbuds,morning,8,10% discount,0
5868,6311.16,Wristband|Adidas Running Shoes|T-Shirt,afternoon,6,5% discount,0
5869,2263.53,Phone Case,afternoon,10,Free Shipping,0
5870,16810.54,Cushion|Backpack|Phone Case,afternoon,7,20% discount,1
5871,3235.22,Nike Shoes,afternoon,6,5% discount,1
5872,8948.82,Phone Case,afternoon,2,10% discount,1
5873,3686.35,Nike Shoes,night,2,20% discount,1
5874,5065.54,Adidas Running Shoes,night,4,10% discount,1
5875,9449.5,Jeans|Phone Case,evening,5,10% discount,0
5876,14179.05,Coffee Mug|Coffee Mug,evening,8,5% discount,0
5877,3445.03,Wristband|Cushion,morning,3,10% discount,0
5878,7082.72,Coffee Mug,morning,10,5% discount,0
5879,6654.19,Wristband|Phone Case,afternoon,8,20% discount,1
5880,1345.1,Cushion,evening,7,Free Shipping,0
5881,3882.24,Coffee Mug,morning,1,20% discount,0
5882,8613.18,Phone Case,afternoon,8,5% discount,0
5883,3001.61,Phone Case,night,9,5% discount,0
5884,6853.1,Cushion,morning,5,20% discount,1
5885,4707.7,Backpack,afternoon,0,5% discount,0
5886,12359.3,Phone Case|Puma Sneakers,afternoon,1,Free Shipping,1
5887,12785.03,Jeans|Jacket,afternoon,2,20% discount,1
5888,8313.09,Phone Case,morning,1,Free Shipping,0
5889,3170.0,Nike Shoes,evening,0,5% discount,0
5890,11028.6,Phone Case|Wristband|Nike Shoes,night,6,Free Shipping,0
5891,5852.16,Jeans,afternoon,7,20% discount,0
5892,6815.64,Jacket,night,1,10% discount,1
5893,12620.79,Adidas Running Shoes|Jacket,morning,3,5% discount,1
5894,8787.55,Earbuds,morning,10,5% discount,0
5895,13545.75,Jacket|Phone Case,night,2,5% discount,0
5896,2437.6,Phone Case,night,6,5% discount,1
5897,11864.03,Coffee Mug|Jeans,evening,6,5% discount,0
5898,10721.56,Adidas Running Shoes|Jacket,evening,9,5% discount,0
5899,4525.42,Earbuds,night,7,20% discount,1
5900,3324.2,Coffee Mug,evening,10,20% discount,0
5901,9813.78,Cushion,night,2,5% discount,1
5902,7930.26,Coffee Mug,evening,2,5% discount,0
5903,6486.35,Coffee Mug|Cushion,morning,5,Free Shipping,0
5904,1540.65,Cushion,morning,10,5% discount,0
5905,14260.25,Backpack|Wristband|Adidas Running Shoes,afternoon,4,20% discount,0
5906,8650.03,Sports Cap,morning,8,20% discount,1
5907,16345.04,Cushion|Sports Cap,afternoon,4,10% discount,0
5908,9776.12,T-Shirt,evening,0,20% discount,1
5909,3415.32,Nike Shoes,night,8,20% discount,1
5910,2917.26,Coffee Mug,night,4,Free Shipping,0
5911,6390.36,Jeans,evening,5,20% discount,0
5912,6044.6,Earbuds,night,0,5% discount,0
5913,11433.36,Coffee Mug|Nike Shoes,evening,4,5% discount,0
5914,6311.83,Jeans,afternoon,0,20% discount,1
5915,1968.04,Adidas Running Shoes,afternoon,3,20% discount,1
5916,4224.31,Phone Case,morning,8,5% discount,0
5917,9571.36,Coffee Mug|Jeans,morning,1,10% discount,1
5918,2296.06,Puma Sneakers,morning,10,10% discount,1
5919,13823.98,Adidas Running Shoes|Puma Sneakers|Coffee Mug,afternoon,1,5% discount,0
5920,6762.86,Phone Case,night,2,Free Shipping,0
5921,12764.32,Jacket|Jacket|Backpack,night,3,Free Shipping,0
5922,9287.91,Nike Shoes,morning,10,Free Shipping,1
5923,5731.52,Nike Shoes|Wristband,morning,6,20% discount,1
5924,7705.07,T-Shirt,morning,10,Free Shipping,0
5925,2222.83,Coffee Mug|Coffee Mug,morning,6,Free Shipping,0
5926,9400.94,Sports Cap,afternoon,8,Free Shipping,1
5927,5655.97,Earbuds|Phone Case,morning,4,20% discount,0
5928,9643.0,Sports Cap,evening,5,10% discount,1
5929,2637.85,Puma Sneakers,night,1,5% discount,0
5930,8357.41,T-Shirt,afternoon,8,5% discount,1
5931,9256.01,Jeans|Nike Shoes,morning,6,10% discount,1
5932,12684.39,Sports Cap|Sports Cap,evening,9,5% discount,0
5933,5935.24,Earbuds,morning,1,5% discount,1
5934,12217.33,Adidas Running Shoes|Jacket,morning,2,5% discount,1
5935,2580.62,Adidas Running Shoes,afternoon,0,5% discount,1
5936,7733.54,Earbuds,evening,3,20% discount,0
5937,9506.02,Cushion,afternoon,3,5% discount,1
5938,6982.16,Earbuds|Nike Shoes,afternoon,7,Free Shipping,0
5939,6064.41,Coffee Mug,afternoon,7,5% discount,0
5940,5465.94,Backpack,night,3,20% discount,1
5941,9121.64,Sports Cap,afternoon,10,10% discount,0
5942,9481.31,Jeans|Coffee Mug,afternoon,7,10% discount,0
5943,6481.63,Jacket,afternoon,8,Free Shipping,1
5944,12680.8,Wristband|Phone Case,evening,1,5% discount,0
5945,5776.91,Puma Sneakers,night,9,Free Shipping,1
5946,17704.67,T-Shirt|Jeans|Jacket,morning,5,5% discount,0
5947,12311.74,Cushion|Puma Sneakers,evening,0,5% discount,0
5948,4697.76,Backpack,evening,7,Free Shipping,0
5949,12829.18,Adidas Running Shoes|Sports Cap,night,9,Free Shipping,0
5950,5138.86,Phone Case,morning,1,Free Shipping,0
5951,4084.03,T-Shirt,evening,3,20% discount,0
5952,9030.97,Jeans,morning,3,Free Shipping,1
5953,3340.38,Jeans,morning,5,10% discount,0
5954,1720.69,Puma Sneakers,evening,0,5% discount,0
5955,1959.88,Earbuds,evening,4,10% discount,1
5956,4114.29,T-Shirt|Coffee Mug,afternoon,6,20% discount,1
5957,8548.33,Cushion|Phone Case,afternoon,3,5% discount,0
5958,5921.12,Cushion,afternoon,9,20% discount,0
5959,14955.2,Cushion|Nike Shoes,morning,6,Free Shipping,0
5960,6162.7,Puma Sneakers,morning,1,Free Shipping,0
5961,16389.02,Cushion|Coffee Mug|Nike Shoes,morning,4,10% discount,0
5962,7979.1,Jeans,night,0,Free Shipping,1
5963,1960.85,Coffee Mug,evening,4,5% discount,0
5964,8081.34,Earbuds|T-Shirt,afternoon,9,Free Shipping,1
5965,1289.6,Phone Case,afternoon,5,20% discount,0
5966,7495.16,T-Shirt,afternoon,10,Free Shipping,0
5967,2840.4,Cushion,afternoon,1,5% discount,0
5968,5895.01,Backpack,morning,1,Free Shipping,0
5969,9600.72,Coffee Mug|Jeans,evening,2,10% discount,1
5970,5743.25,Coffee Mug,evening,1,10% discount,0
5971,16628.11,Phone Case|Phone Case|Backpack,night,4,5% discount,0
5972,6277.4,Phone Case,evening,9,20% discount,1
5973,16452.26,Nike Shoes|Jeans|Adidas Running Shoes,night,8,10% discount,0
5974,1554.98,Puma Sneakers,afternoon,9,5% discount,0
5975,1613.64,Sports Cap,evening,3,10% discount,1
5976,1386.53,Nike Shoes,afternoon,5,20% discount,1
5977,3378.95,Backpack,afternoon,0,5% discount,0
5978,4724.55,Earbuds,afternoon,0,Free Shipping,0
5979,8387.23,Cushion|T-Shirt,morning,2,Free Shipping,0
5980,9823.07,Puma Sneakers,evening,2,10% discount,1
5981,19651.74,Puma Sneakers|Puma Sneakers|Adidas Running Shoes,afternoon,1,10% discount,0
5982,8891.48,Cushion,afternoon,2,10% discount,1
5983,17321.54,Cushion|Earbuds|Sports Cap,night,4,Free Shipping,0
5984,4795.64,Earbuds,night,5,20% discount,0
5985,3197.01,T-Shirt,afternoon,3,10% discount,1
5986,6699.45,T-Shirt|Nike Shoes,evening,3,20% discount,0
5987,1770.16,Cushion,night,9,Free Shipping,1
5988,24885.13,Coffee Mug|Adidas Running Shoes|Nike Shoes,evening,6,Free Shipping,1
5989,10076.34,Backpack|T-Shirt,evening,2,Free Shipping,0
5990,15914.71,Sports Cap|Cushion,evening,4,5% discount,0
5991,8966.69,Sports Cap,morning,3,Free Shipping,0
5992,1145.22,Jacket,afternoon,0,5% discount,0
5993,4984.79,Phone Case,afternoon,5,10% discount,1
5994,10144.11,Sports Cap|Phone Case,night,9,20% discount,0
5995,13339.31,Phone Case|Coffee Mug,evening,7,5% discount,0
5996,5198.08,Sports Cap,evening,8,10% discount,1
5997,6479.42,Puma Sneakers|Sports Cap,night,2,Free Shipping,0
5998,11912.78,Earbuds|Sports Cap,afternoon,3,5% discount,1
5999,10733.44,Phone Case|Cushion|Cushion,morning,9,5% discount,0
6000,16555.91,Jacket|Phone Case|T-Shirt,night,4,10% discount,0
6001,8177.29,T-Shirt,evening,5,10% discount,0
6002,9517.14,Sports Cap,afternoon,3,10% discount,1
6003,7300.9,Backpack,afternoon,8,10% discount,1
6004,13679.7,Jeans|Jacket,night,6,20% discount,1
6005,6037.37,Earbuds,evening,7,5% discount,0
6006,13649.01,Puma Sneakers|Cushion,afternoon,7,20% discount,0
6007,7015.83,Earbuds,evening,2,10% discount,0
6008,11355.08,Backpack|Sports Cap,morning,5,5% discount,0
6009,8082.03,Coffee Mug,afternoon,2,Free Shipping,0
6010,3313.01,Jeans,night,0,20% discount,1
6011,8805.02,Wristband|Phone Case,night,9,Free Shipping,0
6012,3814.85,Adidas Running Shoes,morning,10,Free Shipping,0
6013,25400.28,Phone Case|Phone Case|Nike Shoes,morning,8,20% discount,1
6014,8354.82,Earbuds,night,7,Free Shipping,0
6015,18226.11,Wristband|Sports Cap|Phone Case,night,9,Free Shipping,0
6016,9779.69,Wristband|Cushion,night,9,10% discount,1
6017,7488.66,Earbuds,night,10,20% discount,0
6018,3027.68,T-Shirt,night,5,20% discount,1
6019,1411.86,Puma Sneakers,afternoon,1,Free Shipping,0
6020,8207.76,Adidas Running Shoes,evening,8,10% discount,0
6021,8122.91,Phone Case,night,2,20% discount,1
6022,11852.83,Cushion|Phone Case,night,6,10% discount,0
6023,14451.49,Cushion|Wristband,morning,5,10% discount,0
6024,1120.83,Sports Cap,morning,2,20% discount,1
6025,6826.31,Puma Sneakers,afternoon,1,Free Shipping,1
6026,1379.88,Nike Shoes,morning,8,Free Shipping,0
6027,3405.1,Sports Cap,afternoon,6,5% discount,0
6028,7821.04,Puma Sneakers,evening,0,10% discount,0
6029,4810.55,Adidas Running Shoes,night,5,Free Shipping,0
6030,8586.88,Cushion|Puma Sneakers,evening,8,10% discount,1
6031,4209.34,Earbuds,evening,5,Free Shipping,0
6032,5362.55,Puma Sneakers,morning,9,Free Shipping,1
6033,13916.08,Jacket|Puma Sneakers,night,3,10% discount,0
6034,15078.67,Earbuds|Earbuds,morning,3,Free Shipping,0
6035,7760.75,T-Shirt|Nike Shoes,night,6,Free Shipping,0
6036,5870.69,Sports Cap,afternoon,5,20% discount,1
6037,7114.04,Coffee Mug,morning,2,10% discount,0
6038,8024.82,Sports Cap,afternoon,7,5% discount,1
6039,7243.19,Backpack,morning,2,5% discount,0
6040,2514.85,Nike Shoes,morning,0,10% discount,1
6041,1693.8,Coffee Mug,night,5,20% discount,0
6042,15810.72,Adidas Running Shoes|Cushion|Puma Sneakers,evening,6,Free Shipping,0
6043,7764.03,Backpack,evening,0,Free Shipping,0
6044,4465.76,Jeans,morning,4,20% discount,0
6045,4175.98,Adidas Running Shoes,evening,6,10% discount,1
6046,5432.19,Wristband,afternoon,1,20% discount,1
6047,3205.32,Backpack,morning,3,20% discount,0
6048,10534.6,Nike Shoes|Phone Case,afternoon,5,5% discount,0
6049,7660.53,Sports Cap,night,5,5% discount,0
6050,5796.76,Phone Case,afternoon,4,10% discount,1
6051,2201.91,Sports Cap,afternoon,6,Free Shipping,0
6052,3865.89,Backpack,night,9,Free Shipping,0
6053,2716.16,Earbuds,morning,2,5% discount,0
6054,8679.41,Puma Sneakers,evening,3,5% discount,0
6055,6010.59,Jeans,night,7,10% discount,1
6056,2170.73,Jacket,afternoon,4,10% discount,1
6057,2289.48,Cushion,afternoon,7,5% discount,0
6058,8934.62,Adidas Running Shoes,morning,4,20% discount,0
6059,6524.89,Sports Cap,afternoon,8,5% discount,0
6060,2514.0,Earbuds,afternoon,7,20% discount,0
6061,5859.03,Phone Case,morning,5,Free Shipping,1
6062,5038.76,Jeans,night,4,10% discount,1
6063,4854.42,Wristband,night,8,10% discount,0
6064,4224.34,T-Shirt,night,9,20% discount,1
6065,8856.9,Jeans|Nike Shoes,night,9,20% discount,1
6066,1602.86,Nike Shoes,night,10,20% discount,0
6067,9043.09,Phone Case,afternoon,7,20% discount,0
6068,9985.41,T-Shirt,evening,9,10% discount,1
6069,9306.35,Adidas Running Shoes,night,2,10% discount,1
6070,6229.79,Earbuds,afternoon,5,5% discount,0
6071,3754.76,Coffee Mug,morning,3,10% discount,1
6072,2195.57,Wristband,afternoon,5,10% discount,0
6073,7457.2,Coffee Mug,morning,3,5% discount,1
6074,10957.3,Earbuds|T-Shirt|Backpack,morning,0,10% discount,1
6075,9871.48,Earbuds|T-Shirt,afternoon,6,10% discount,0
6076,2896.66,Earbuds,morning,0,10% discount,0
6077,8272.84,Jacket|Nike Shoes,morning,7,20% discount,1
6078,5931.47,Coffee Mug,afternoon,2,Free Shipping,1
6079,5816.82,Phone Case,evening,10,5% discount,0
6080,9784.61,Jeans|T-Shirt,morning,0,10% discount,0
6081,10669.53,Puma Sneakers|Wristband|Sports Cap,afternoon,6,5% discount,0
6082,7286.35,Wristband,evening,1,20% discount,1
6083,10885.28,Phone Case|Sports Cap|Cushion,evening,7,Free Shipping,1
6084,6990.03,Puma Sneakers|Sports Cap,afternoon,6,20% discount,0
6085,17856.52,Puma Sneakers|Earbuds|Adidas Running Shoes,morning,5,Free Shipping,1
6086,8939.69,Cushion|Nike Shoes,afternoon,4,Free Shipping,0
6087,7970.1,Wristband,afternoon,4,10% discount,1
6088,14313.3,Jeans|Earbuds,night,2,5% discount,0
6089,9139.96,Nike Shoes|Phone Case,morning,0,Free Shipping,0
6090,8536.31,Wristband,morning,0,20% discount,1
6091,15836.36,Wristband|Cushion,morning,8,5% discount,0
6092,9280.8,Wristband|Sports Cap,evening,7,5% discount,0
6093,12253.0,Jacket|Phone Case,morning,1,5% discount,1
6094,6912.59,Backpack,afternoon,6,Free Shipping,1
6095,8462.68,T-Shirt|Adidas Running Shoes,night,2,Free Shipping,0
6096,8149.14,Cushion|Nike Shoes|Wristband,evening,1,Free Shipping,0
6097,9310.87,T-Shirt|Earbuds,night,2,5% discount,1
6098,2784.84,Coffee Mug,afternoon,5,10% discount,1
6099,6623.74,Sports Cap,evening,7,20% discount,1
6100,13524.98,Sports Cap|Cushion,night,2,5% discount,0
6101,4923.88,T-Shirt|Backpack,evening,4,10% discount,1
6102,9760.59,Backpack|Nike Shoes|Earbuds,afternoon,7,20% discount,0
6103,9215.52,Backpack,afternoon,3,20% discount,1
6104,8516.33,Cushion|Wristband,evening,3,10% discount,0
6105,3534.32,Cushion,morning,0,Free Shipping,0
6106,13425.5,Jacket|Coffee Mug,morning,4,5% discount,0
6107,1438.07,Phone Case,morning,3,Free Shipping,0
6108,7088.6,Sports Cap,evening,7,10% discount,0
6109,5704.26,Coffee Mug,afternoon,3,10% discount,1
6110,11323.97,Puma Sneakers|Cushion,morning,1,Free Shipping,0
6111,8046.01,Jeans,evening,2,5% discount,0
6112,17382.14,Jeans|Earbuds,night,1,5% discount,0
6113,5147.56,Puma Sneakers|Phone Case,evening,5,Free Shipping,1
6114,2247.45,T-Shirt,night,8,5% discount,1
6115,3234.24,Wristband,morning,6,20% discount,0
6116,5724.32,Jacket,morning,9,Free Shipping,1
6117,4221.12,T-Shirt,afternoon,10,20% discount,0
6118,4990.56,Sports Cap,evening,8,10% discount,0
6119,3797.01,Sports Cap,evening,0,Free Shipping,1
6120,9765.53,Phone Case,evening,4,Free Shipping,0
6121,8396.79,T-Shirt,afternoon,7,Free Shipping,1
6122,11620.55,Nike Shoes|Earbuds,morning,7,10% discount,0
6123,7306.21,Earbuds|Adidas Running Shoes,night,5,20% discount,0
6124,9512.74,Jacket|Cushion,afternoon,4,20% discount,1
6125,14307.34,Earbuds|Jeans|Adidas Running Shoes,evening,1,Free Shipping,0
6126,21279.84,T-Shirt|Phone Case|Coffee Mug,night,10,5% discount,0
6127,5492.77,Jacket|Earbuds,afternoon,6,5% discount,0
6128,1486.97,Sports Cap,evening,6,Free Shipping,0
6129,2992.78,Coffee Mug,afternoon,10,10% discount,0
6130,12700.77,Phone Case|Cushion|Jacket,evening,9,Free Shipping,1
6131,3461.06,Puma Sneakers,evening,2,20% discount,1
6132,6417.43,Phone Case,morning,9,Free Shipping,1
6133,4775.7,Cushion,night,8,5% discount,1
6134,5658.85,Backpack,evening,9,Free Shipping,0
6135,8420.78,Jacket,evening,8,5% discount,0
6136,3631.08,T-Shirt,afternoon,2,20% discount,0
6137,9142.93,Adidas Running Shoes|Sports Cap,morning,10,Free Shipping,0
6138,21334.16,Earbuds|Adidas Running Shoes|T-Shirt,morning,5,10% discount,1
6139,5010.88,Jacket,night,9,20% discount,0
6140,9207.75,Wristband|Puma Sneakers,night,4,20% discount,1
6141,10563.55,Jacket|Jeans,afternoon,6,10% discount,1
6142,13284.46,Jacket|Puma Sneakers,evening,4,5% discount,0
6143,6618.33,T-Shirt,afternoon,4,Free Shipping,0
6144,9297.84,Cushion,morning,0,Free Shipping,0
6145,9616.08,Earbuds|Adidas Running Shoes,morning,10,10% discount,0
6146,2969.93,T-Shirt,evening,9,10% discount,0
6147,1979.82,Sports Cap,afternoon,3,20% discount,0
6148,3645.74,T-Shirt,afternoon,4,5% discount,0
6149,3656.44,Earbuds,morning,9,Free Shipping,1
6150,5707.85,T-Shirt,afternoon,5,5% discount,0
6151,12671.05,Cushion|Coffee Mug,night,0,Free Shipping,1
6152,14235.86,Jeans|Jeans,morning,9,20% discount,0
6153,14706.89,Earbuds|T-Shirt,afternoon,5,Free Shipping,0
6154,21534.29,Jeans|Earbuds|Wristband,afternoon,3,5% discount,0
6155,3600.69,Cushion,morning,10,Free Shipping,0
6156,5993.97,Sports Cap,afternoon,1,10% discount,1
6157,12403.95,Jeans|Sports Cap|Phone Case,night,3,10% discount,1
6158,8525.04,Jacket,night,5,Free Shipping,1
6159,7036.19,Sports Cap,night,4,5% discount,0
6160,8937.53,Jeans,evening,10,10% discount,1
6161,6059.82,Nike Shoes|Jacket,afternoon,5,Free Shipping,1
6162,9818.26,Earbuds|Wristband,afternoon,5,Free Shipping,1
6163,4183.25,Jacket,morning,7,10% discount,0
6164,7165.91,Sports Cap,night,3,5% discount,0
6165,7372.4,Coffee Mug,night,10,Free Shipping,1
6166,2267.84,Sports Cap,night,2,10% discount,0
6167,7380.16,T-Shirt,afternoon,7,5% discount,0
6168,8305.01,Earbuds,evening,3,Free Shipping,0
6169,4650.58,Phone Case|Coffee Mug,morning,6,10% discount,0
6170,13772.75,Jeans|Nike Shoes,evening,4,20% discount,1
6171,1274.09,Cushion,evening,9,Free Shipping,0
6172,4161.33,Coffee Mug,morning,5,Free Shipping,1
6173,6346.09,T-Shirt,night,8,Free Shipping,0
6174,4937.43,Cushion,afternoon,9,10% discount,1
6175,2588.41,Jeans|Cushion,evening,8,20% discount,1
6176,9560.9,Backpack|Earbuds,afternoon,1,10% discount,0
6177,11771.52,Sports Cap|Earbuds,night,1,20% discount,0
6178,14462.22,Wristband|Nike Shoes,afternoon,0,Free Shipping,1
6179,11593.62,Puma Sneakers|Phone Case,night,4,10% discount,0
6180,1421.14,Cushion,night,0,20% discount,0
6181,9917.96,Wristband,morning,10,10% discount,0
6182,6236.65,Puma Sneakers,night,10,Free Shipping,0
6183,10003.21,Coffee Mug|Earbuds,morning,7,Free Shipping,1
6184,5287.8,Jacket,morning,8,Free Shipping,0
6185,1406.23,Nike Shoes,morning,4,Free Shipping,0
6186,6644.76,Jeans,evening,1,Free Shipping,1
6187,4686.77,Phone Case,morning,1,5% discount,0
6188,8825.67,Wristband,morning,0,10% discount,0
6189,11377.79,Adidas Running Shoes|Jacket,morning,9,5% discount,0
6190,5606.07,Cushion,evening,0,Free Shipping,0
6191,7659.7,T-Shirt,evening,1,Free Shipping,1
6192,14292.11,Adidas Running Shoes|Coffee Mug,night,4,5% discount,0
6193,22976.68,Cushion|Adidas Running Shoes|Phone Case,night,6,20% discount,1
6194,10911.28,Backpack|Nike Shoes,night,9,5% discount,0
6195,8552.7,Adidas Running Shoes,night,0,Free Shipping,0
6196,11344.54,Earbuds|Cushion,morning,3,20% discount,1
6197,5462.66,Coffee Mug,afternoon,0,10% discount,0
6198,8465.94,Coffee Mug|Coffee Mug,afternoon,9,5% discount,1
6199,4924.53,T-Shirt,evening,6,5% discount,0
6200,9144.42,Jeans|Backpack,night,1,Free Shipping,1
6201,16802.54,Cushion|Puma Sneakers,evening,0,10% discount,0
6202,10847.77,Earbuds|Jeans,night,1,20% discount,1
6203,4211.29,Phone Case,morning,0,Free Shipping,0
6204,2711.25,Earbuds,morning,0,10% discount,0
6205,1240.37,Adidas Running Shoes,afternoon,1,Free Shipping,0
6206,2182.07,Sports Cap,afternoon,8,Free Shipping,0
6207,4936.65,Wristband,afternoon,2,5% discount,0
6208,5317.92,Jeans|Puma Sneakers,night,3,10% discount,1
6209,10609.55,Earbuds|Earbuds,night,6,Free Shipping,1
6210,9009.94,Cushion,morning,5,Free Shipping,0
6211,1713.01,Backpack,evening,4,20% discount,1
6212,3135.11,Backpack,afternoon,7,Free Shipping,0
6213,8973.51,Nike Shoes|Backpack,morning,5,Free Shipping,0
6214,16908.5,Nike Shoes|Jacket|Jeans,evening,10,10% discount,0
6215,5936.79,Jeans,evening,2,5% discount,0
6216,20313.28,Sports Cap|Adidas Running Shoes|Puma Sneakers,night,2,5% discount,0
6217,8404.61,Phone Case,evening,1,Free Shipping,0
6218,7836.76,Backpack,night,5,Free Shipping,0
6219,18245.69,Phone Case|Puma Sneakers,evening,9,10% discount,1
6220,5200.99,Phone Case|Jacket,morning,7,10% discount,1
6221,7757.18,Cushion|Jacket,evening,1,5% discount,1
6222,7777.12,T-Shirt,evening,5,10% discount,1
6223,2239.85,Coffee Mug,afternoon,3,10% discount,0
6224,3369.34,Phone Case,evening,9,20% discount,0
6225,15088.99,Jeans|Puma Sneakers,afternoon,9,20% discount,0
6226,10922.32,Jeans|T-Shirt,afternoon,3,Free Shipping,1
6227,4929.9,Wristband|Cushion,night,6,Free Shipping,0
6228,6708.93,Coffee Mug,morning,4,5% discount,1
6229,5716.48,Cushion,afternoon,0,Free Shipping,0
6230,6357.9,Jeans,evening,3,Free Shipping,1
6231,6239.79,T-Shirt|Coffee Mug,afternoon,8,20% discount,0
6232,9439.4,Puma Sneakers,afternoon,4,5% discount,0
6233,9570.13,Nike Shoes,evening,3,20% discount,0
6234,23544.02,Phone Case|Cushion|Nike Shoes,morning,2,10% discount,0
6235,11643.92,Wristband|Sports Cap|T-Shirt,afternoon,6,20% discount,1
6236,6739.06,Adidas Running Shoes|Wristband,morning,3,10% discount,1
6237,10960.12,Jeans|Jeans,afternoon,2,10% discount,1
6238,5739.05,Jacket,morning,10,10% discount,0
6239,4443.1,Puma Sneakers,afternoon,5,10% discount,0
6240,4558.76,Earbuds|Sports Cap,afternoon,1,10% discount,0
6241,6535.79,Cushion,afternoon,4,10% discount,0
6242,8795.0,Nike Shoes,night,8,Free Shipping,1
6243,11002.64,Wristband|Wristband,morning,0,Free Shipping,0
6244,5312.12,Cushion,night,9,20% discount,1
6245,6484.83,Cushion,evening,4,5% discount,0
6246,7728.96,Jeans|Sports Cap,afternoon,7,20% discount,1
6247,10811.47,Phone Case|Sports Cap|Earbuds,night,4,Free Shipping,1
6248,9367.27,Nike Shoes,morning,0,Free Shipping,0
6249,18802.17,Cushion|Earbuds,evening,7,10% discount,0
6250,3688.59,Puma Sneakers,afternoon,7,5% discount,1
6251,5785.51,Phone Case,evening,8,5% discount,0
6252,7476.54,Cushion,afternoon,8,10% discount,0
6253,4271.81,Jacket,night,9,10% discount,0
6254,2479.55,Sports Cap,afternoon,0,10% discount,0
6255,6826.55,Adidas Running Shoes|Jeans,evening,7,20% discount,1
6256,6650.92,Puma Sneakers,afternoon,4,20% discount,0
6257,7748.53,Cushion,afternoon,1,5% discount,0
6258,10459.98,Wristband|Cushion,night,7,Free Shipping,0
6259,4749.25,Adidas Running Shoes,morning,6,5% discount,0
6260,9486.43,Adidas Running Shoes|Puma Sneakers,morning,4,10% discount,0
6261,7942.89,Jeans,evening,9,Free Shipping,0
6262,9207.22,Adidas Running Shoes,morning,10,20% discount,1
6263,9494.99,Coffee Mug|Nike Shoes,evening,4,Free Shipping,0
6264,1759.9,Wristband,morning,2,10% discount,1
6265,5499.17,Backpack,evening,7,Free Shipping,0
6266,13817.46,Nike Shoes|Jeans,evening,2,5% discount,0
6267,13187.53,Sports Cap|T-Shirt|Jeans,night,1,5% discount,1
6268,1098.98,Backpack,evening,10,20% discount,0
6269,8675.71,Backpack,evening,8,Free Shipping,0
6270,4731.5,Coffee Mug,evening,1,20% discount,0
6271,14426.2,Cushion|Phone Case|Jeans,morning,8,10% discount,0
6272,5033.54,Phone Case|Cushion,evening,4,20% discount,1
6273,6882.54,Sports Cap,afternoon,1,Free Shipping,0
6274,8297.52,Adidas Running Shoes|Jeans,morning,5,10% discount,0
6275,4987.17,T-Shirt|Sports Cap,evening,3,20% discount,1
6276,12844.77,Cushion|Jacket,morning,2,20% discount,1
6277,4193.46,Adidas Running Shoes,evening,7,20% discount,0
6278,19213.6,Jeans|Coffee Mug|Backpack,afternoon,0,Free Shipping,0
6279,13120.19,Puma Sneakers|Puma Sneakers|Cushion,night,1,10% discount,0
6280,9163.27,Adidas Running Shoes,night,10,Free Shipping,1
6281,16532.49,Jacket|Puma Sneakers,evening,2,20% discount,1
6282,5593.06,Nike Shoes,afternoon,6,20% discount,1
6283,3337.86,Sports Cap,night,2,5% discount,0
6284,11907.07,Wristband|Cushion,afternoon,10,10% discount,1
6285,19574.44,Coffee Mug|Wristband|Coffee Mug,morning,7,Free Shipping,0
6286,3522.54,Adidas Running Shoes|T-Shirt,morning,6,20% discount,1
6287,7999.77,Cushion,morning,2,10% discount,1
6288,5311.18,Coffee Mug,morning,9,10% discount,0
6289,9831.57,Backpack,night,5,10% discount,0
6290,12595.49,Jacket|Sports Cap,afternoon,1,10% discount,0
6291,6319.12,Earbuds|Jeans,afternoon,7,10% discount,0
6292,5938.22,Jacket,evening,1,20% discount,1
6293,14472.06,Wristband|Cushion,night,7,20% discount,1
6294,11656.06,Sports Cap|Puma Sneakers|Sports Cap,evening,5,20% discount,1
6295,5854.32,Puma Sneakers,night,10,Free Shipping,1
6296,8040.03,Sports Cap|Backpack,night,8,Free Shipping,0
6297,1802.27,Wristband,afternoon,9,5% discount,0
6298,4442.98,Nike Shoes,night,9,10% discount,0
6299,12971.34,Phone Case|Backpack|Jeans,morning,6,Free Shipping,0
6300,9587.12,Backpack|Backpack,evening,4,20% discount,0
6301,12577.21,Jacket|Cushion,afternoon,6,10% discount,1
6302,13228.87,Jeans|Jeans,night,4,10% discount,1
6303,1655.41,Cushion,evening,6,20% discount,0
6304,10843.66,Earbuds|Jeans,night,6,Free Shipping,0
6305,6435.13,Coffee Mug,night,4,5% discount,1
6306,8524.83,Backpack,afternoon,10,20% discount,0
6307,3441.97,Cushion,morning,3,Free Shipping,0
6308,14412.67,Jeans|Backpack|Earbuds,evening,8,10% discount,1
6309,4424.07,Earbuds,morning,4,10% discount,1
6310,14879.15,Wristband|Cushion,night,0,10% discount,0
6311,19568.94,Phone Case|T-Shirt,afternoon,5,Free Shipping,0
6312,14454.03,Sports Cap|T-Shirt,evening,10,5% discount,0
6313,4637.76,T-Shirt,afternoon,6,5% discount,1
6314,7602.12,Phone Case,evening,8,5% discount,0
6315,2829.27,Wristband,night,10,10% discount,1
6316,5075.55,Cushion,night,10,5% discount,1
6317,8268.01,Coffee Mug,evening,3,20% discount,0
6318,14684.24,Phone Case|Earbuds|T-Shirt,morning,9,Free Shipping,1
6319,8977.93,T-Shirt,morning,10,10% discount,1
6320,7617.28,Earbuds,night,6,Free Shipping,0
6321,3316.3,Backpack,evening,2,5% discount,0
6322,3200.57,Nike Shoes,afternoon,6,10% discount,0
6323,9228.96,Backpack,night,0,10% discount,0
6324,8338.01,Jacket,evening,9,5% discount,0
6325,10085.06,Cushion|Puma Sneakers,afternoon,9,20% discount,1
6326,1956.09,Adidas Running Shoes,evening,5,5% discount,0
6327,8607.2,T-Shirt,morning,4,20% discount,1
6328,12451.71,Earbuds|Phone Case,morning,7,Free Shipping,0
6329,1259.0,Puma Sneakers,evening,9,5% discount,0
6330,9415.15,Sports Cap,evening,2,Free Shipping,0
6331,4429.86,Nike Shoes,morning,1,20% discount,1
6332,14968.49,Sports Cap|Wristband,evening,0,Free Shipping,1
6333,8185.34,Jeans|Cushion,afternoon,3,Free Shipping,0
6334,5391.45,Jeans,night,3,Free Shipping,1
6335,6436.89,T-Shirt,night,6,20% discount,1
6336,6633.33,Wristband,afternoon,2,20% discount,0
6337,9105.96,Cushion|Earbuds,morning,5,Free Shipping,1
6338,7070.98,Nike Shoes,morning,1,Free Shipping,0
6339,4370.16,Backpack,afternoon,10,5% discount,0
6340,1163.82,T-Shirt,afternoon,7,Free Shipping,0
6341,5866.86,Earbuds,evening,5,Free Shipping,1
6342,6087.07,Puma Sneakers,evening,5,Free Shipping,1
6343,3785.8,Puma Sneakers,morning,0,Free Shipping,0
6344,12523.78,Coffee Mug|Wristband,night,6,Free Shipping,0
6345,13148.9,Sports Cap|Backpack,morning,2,5% discount,0
6346,19163.84,Jeans|Puma Sneakers,afternoon,8,Free Shipping,1
6347,2935.16,Phone Case,morning,0,Free Shipping,0
6348,1007.27,Phone Case,night,4,10% discount,0
6349,5269.56,T-Shirt,morning,5,20% discount,0
6350,8137.86,Wristband|Phone Case,night,5,20% discount,0
6351,4285.12,T-Shirt,evening,9,20% discount,1
6352,9631.77,Wristband,night,4,10% discount,0
6353,2004.39,Coffee Mug,morning,5,5% discount,0
6354,8825.86,Earbuds|Cushion,evening,10,10% discount,0
6355,5947.24,Adidas Running Shoes,morning,10,Free Shipping,0
6356,15587.62,T-Shirt|Jacket,evening,9,20% discount,1
6357,12401.93,Cushion|T-Shirt,afternoon,7,Free Shipping,0
6358,5780.79,T-Shirt,morning,4,Free Shipping,1
6359,6209.64,Nike Shoes,morning,6,20% discount,0
6360,7190.26,Jacket|Phone Case|Puma Sneakers,afternoon,0,10% discount,1
6361,11196.03,Adidas Running Shoes|Cushion,afternoon,4,10% discount,0
6362,7577.71,Backpack,morning,0,20% discount,1
6363,13742.12,Nike Shoes|Nike Shoes,evening,3,5% discount,0
6364,3520.67,Puma Sneakers,evening,9,Free Shipping,0
6365,3024.45,Nike Shoes,morning,1,20% discount,0
6366,19953.78,Phone Case|Coffee Mug|Jacket,night,10,Free Shipping,0
6367,14094.34,Puma Sneakers|Jeans,afternoon,4,Free Shipping,1
6368,4486.1,Earbuds,afternoon,5,5% discount,0
6369,9156.1,Backpack,evening,10,20% discount,1
6370,16115.55,T-Shirt|Jacket,afternoon,7,Free Shipping,0
6371,6645.48,Jacket,evening,1,Free Shipping,0
6372,14906.69,Cushion|T-Shirt,morning,1,5% discount,0
6373,13859.89,Jeans|Wristband,morning,9,5% discount,0
6374,2681.87,Earbuds,afternoon,7,20% discount,0
6375,15062.18,Sports Cap|Puma Sneakers|Earbuds,evening,6,5% discount,1
6376,4815.24,Phone Case,afternoon,10,Free Shipping,0
6377,19579.24,T-Shirt|Phone Case|Wristband,morning,1,10% discount,1
6378,15118.36,Backpack|Wristband,evening,0,Free Shipping,1
6379,18114.81,Coffee Mug|Cushion|Cushion,evening,4,Free Shipping,0
6380,10804.78,Cushion|Cushion,evening,2,10% discount,0
6381,13906.5,Adidas Running Shoes|Coffee Mug|Jacket,night,2,5% discount,0
6382,12108.87,T-Shirt|Wristband,night,1,10% discount,0
6383,7027.74,Cushion,morning,8,20% discount,0
6384,8820.72,Phone Case,evening,3,20% discount,0
6385,16936.94,Earbuds|Wristband,night,9,10% discount,0
6386,1297.7,T-Shirt,evening,7,10% discount,0
6387,2112.87,T-Shirt,night,6,20% discount,0
6388,9810.66,Earbuds|Jacket,morning,6,5% discount,0
6389,11342.94,Nike Shoes|Backpack,morning,1,20% discount,1
6390,3890.87,Cushion,afternoon,8,5% discount,0
6391,9115.16,Cushion,morning,1,20% discount,0
6392,16896.69,Phone Case|Sports Cap|Jeans,afternoon,2,10% discount,0
6393,5595.95,Backpack,afternoon,5,10% discount,0
6394,9995.66,Puma Sneakers,afternoon,0,5% discount,0
6395,2796.28,Cushion,afternoon,4,5% discount,0
6396,7650.59,Backpack,afternoon,7,10% discount,1
6397,9513.12,Coffee Mug,morning,0,5% discount,0
6398,3073.42,Coffee Mug,night,1,5% discount,1
6399,4218.81,Phone Case,morning,2,Free Shipping,0
6400,6419.14,T-Shirt,afternoon,2,10% discount,1
6401,4525.99,Cushion,morning,9,10% discount,0
6402,2726.19,Adidas Running Shoes,afternoon,6,5% discount,1
6403,1052.59,Jacket,night,6,Free Shipping,1
6404,3950.92,Phone Case|Phone Case,evening,9,5% discount,1
6405,17393.66,Cushion|Backpack,night,1,5% discount,0
6406,11309.83,Jacket|Phone Case,night,4,10% discount,1
6407,17870.89,Adidas Running Shoes|Backpack|Wristband,evening,7,5% discount,0
6408,6264.11,Nike Shoes,morning,6,10% discount,0
6409,4877.72,Sports Cap,morning,10,10% discount,1
6410,12247.87,Cushion|Jacket,evening,2,20% discount,0
6411,4180.78,Adidas Running Shoes,night,10,5% discount,0
6412,9506.23,Backpack,morning,2,10% discount,0
6413,5435.24,Phone Case|Jeans,morning,7,5% discount,0
6414,1193.88,Cushion,morning,2,5% discount,0
6415,5829.14,Coffee Mug,evening,7,5% discount,1
6416,3776.02,Earbuds,night,5,Free Shipping,1
6417,5356.32,Jeans,night,4,20% discount,0
6418,4312.29,Puma Sneakers,night,2,5% discount,0
6419,3675.41,Jacket|Nike Shoes,afternoon,10,Free Shipping,0
6420,16880.66,Earbuds|Phone Case|Cushion,night,8,Free Shipping,1
6421,7026.44,Earbuds,night,6,20% discount,0
6422,2595.94,Jacket,afternoon,8,20% discount,1
6423,9585.21,Adidas Running Shoes|Phone Case,night,8,10% discount,1
6424,6970.83,T-Shirt|Cushion,afternoon,10,Free Shipping,0
6425,11545.61,Coffee Mug|Cushion,afternoon,8,20% discount,0
6426,2737.38,Adidas Running Shoes,afternoon,4,Free Shipping,0
6427,6963.76,Phone Case|Nike Shoes|Cushion,morning,9,10% discount,1
6428,4124.19,Sports Cap,evening,10,5% discount,0
6429,9984.1,Puma Sneakers,evening,9,10% discount,0
6430,1655.19,Nike Shoes,morning,8,Free Shipping,1
6431,1737.0,Sports Cap,afternoon,6,10% discount,0
6432,20050.55,Jeans|Jeans|Phone Case,morning,8,5% discount,0
6433,8196.24,Jeans,afternoon,6,10% discount,0
6434,17798.61,Phone Case|Nike Shoes|Backpack,morning,9,Free Shipping,0
6435,4891.13,Coffee Mug,evening,5,10% discount,0
6436,4945.99,Puma Sneakers|Adidas Running Shoes,morning,10,Free Shipping,1
6437,1843.19,Jacket,evening,0,10% discount,1
6438,2686.5,Sports Cap,night,0,5% discount,0
6439,6034.89,Adidas Running Shoes,night,2,Free Shipping,0
6440,18548.18,T-Shirt|Cushion|Nike Shoes,morning,4,20% discount,1
6441,6703.96,Adidas Running Shoes,night,4,10% discount,0
6442,4218.1,Jacket,evening,6,10% discount,0
6443,6390.52,Phone Case,night,9,5% discount,0
6444,1560.35,Puma Sneakers,night,0,20% discount,0
6445,6436.78,Phone Case,night,4,10% discount,1
6446,10648.97,Wristband|Jacket,afternoon,9,10% discount,0
6447,1382.76,Jeans,afternoon,9,Free Shipping,0
6448,5792.17,Jacket,night,7,20% discount,0
6449,4557.36,Wristband,evening,3,Free Shipping,0
6450,7371.13,Jeans,night,0,5% discount,0
6451,3750.1,Sports Cap,night,10,10% discount,1
6452,5450.81,Adidas Running Shoes,night,8,20% discount,1
6453,11630.87,Adidas Running Shoes|Jacket,afternoon,0,20% discount,1
6454,5636.17,Earbuds,night,7,10% discount,1
6455,11669.67,Jeans|Coffee Mug,morning,10,Free Shipping,0
6456,10848.29,Coffee Mug|T-Shirt,afternoon,5,5% discount,0
6457,5342.77,Wristband,night,3,10% discount,0
6458,5950.24,Wristband,morning,1,10% discount,1
6459,11809.31,Earbuds|Wristband|Jacket,morning,9,5% discount,0
6460,5403.35,Cushion,morning,3,10% discount,1
6461,4592.64,Earbuds,morning,9,Free Shipping,0
6462,8443.72,Puma Sneakers,morning,4,20% discount,0
6463,3489.43,Jacket,night,3,Free Shipping,1
6464,8486.86,Jeans,morning,1,Free Shipping,0
6465,9877.15,Backpack|Nike Shoes,night,1,20% discount,0
6466,8531.94,Jeans,morning,4,10% discount,0
6467,5488.59,Coffee Mug,morning,1,Free Shipping,0
6468,21337.86,Jacket|Nike Shoes|Adidas Running Shoes,morning,0,10% discount,1
6469,5043.81,Cushion,morning,2,Free Shipping,0
6470,10164.33,Coffee Mug|Nike Shoes,night,6,20% discount,1
6471,10023.33,Nike Shoes|Adidas Running Shoes,evening,10,5% discount,0
6472,10706.71,Adidas Running Shoes|Phone Case,morning,3,Free Shipping,0
6473,8878.0,Coffee Mug,afternoon,10,10% discount,1
6474,4935.68,Backpack,morning,3,10% discount,0
6475,7081.9,Earbuds,afternoon,2,10% discount,1
6476,9731.63,Jeans,night,5,Free Shipping,0
6477,7160.65,Puma Sneakers,evening,10,10% discount,1
6478,6984.22,Nike Shoes,night,4,20% discount,0
6479,17395.59,Sports Cap|Nike Shoes,afternoon,4,Free Shipping,0
6480,6433.16,Nike Shoes,night,9,5% discount,1
6481,8242.28,T-Shirt,morning,9,5% discount,1
6482,4371.76,Jeans,evening,2,20% discount,1
6483,9090.48,Backpack|Cushion,morning,3,5% discount,1
6484,2588.17,Phone Case,morning,6,10% discount,0
6485,9394.57,Adidas Running Shoes,evening,4,20% discount,1
6486,2264.65,T-Shirt,morning,2,20% discount,0
6487,8012.28,Phone Case,afternoon,1,10% discount,0
6488,17335.28,Earbuds|Puma Sneakers|Nike Shoes,night,0,20% discount,0
6489,2166.84,Earbuds,afternoon,5,Free Shipping,0
6490,17394.09,Wristband|Earbuds|Jacket,evening,4,5% discount,0
6491,2733.67,Phone Case,morning,7,Free Shipping,1
6492,2764.05,Jeans,evening,9,5% discount,1
6493,9130.27,Backpack,morning,7,5% discount,0
6494,9431.93,Coffee Mug|Backpack,morning,7,Free Shipping,1
6495,11047.29,Sports Cap|Jacket,night,2,5% discount,0
6496,6343.71,Cushion,evening,1,5% discount,0
6497,9526.43,Wristband|Jacket,evening,1,20% discount,1
6498,5485.83,Cushion,morning,2,5% discount,1
6499,16387.14,Jeans|Nike Shoes,evening,4,Free Shipping,0
6500,17382.53,Wristband|Cushion|Cushion,morning,9,10% discount,0
6501,13519.25,Phone Case|T-Shirt,afternoon,5,5% discount,1
6502,5841.02,Backpack,morning,9,20% discount,1
6503,4301.88,Backpack,night,1,10% discount,0
6504,6276.02,Jacket,evening,5,Free Shipping,0
6505,10612.34,Wristband|Nike Shoes,afternoon,8,20% discount,1
6506,10344.44,Backpack|Nike Shoes,night,9,5% discount,0
6507,8847.93,Earbuds,afternoon,1,10% discount,0
6508,14475.19,Coffee Mug|Phone Case,night,8,20% discount,1
6509,8339.09,Phone Case,afternoon,5,10% discount,0
6510,1726.85,Coffee Mug,evening,1,10% discount,0
6511,3815.13,Backpack,evening,10,20% discount,0
6512,9420.8,Cushion,evening,3,5% discount,0
6513,3426.72,Coffee Mug,night,6,5% discount,0
6514,6714.97,Nike Shoes,morning,10,Free Shipping,0
6515,8320.19,Jacket,evening,1,Free Shipping,0
6516,10546.46,Sports Cap|Coffee Mug,afternoon,9,10% discount,0
6517,12293.81,Coffee Mug|Puma Sneakers,afternoon,8,20% discount,1
6518,21390.76,Sports Cap|Backpack|Earbuds,night,4,Free Shipping,0
6519,13457.83,Puma Sneakers|Earbuds,morning,8,Free Shipping,1
6520,5053.85,Jeans,evening,9,Free Shipping,1
6521,20312.75,Earbuds|Earbuds|Earbuds,night,10,10% discount,0
6522,13656.43,Coffee Mug|Phone Case,morning,8,Free Shipping,0
6523,12046.61,Coffee Mug|Backpack,night,0,Free Shipping,1
6524,14518.55,Nike Shoes|Nike Shoes,afternoon,4,Free Shipping,0
6525,3233.25,Phone Case,morning,8,10% discount,0
6526,1346.58,Phone Case,night,5,10% discount,0
6527,14108.63,Adidas Running Shoes|Earbuds,afternoon,2,5% discount,0
6528,8969.72,Coffee Mug,night,3,5% discount,0
6529,1883.78,Cushion,morning,5,20% discount,0
6530,8383.63,Coffee Mug|Adidas Running Shoes,morning,0,5% discount,1
6531,2484.41,Nike Shoes,morning,1,Free Shipping,0
6532,2359.74,Phone Case,night,10,10% discount,1
6533,1029.92,Phone Case,afternoon,0,20% discount,0
6534,8450.77,Jacket,afternoon,2,10% discount,1
6535,6755.86,Sports Cap|T-Shirt,evening,1,10% discount,0
6536,9523.12,Coffee Mug|Phone Case,evening,6,10% discount,1
6537,6947.9,Cushion|Phone Case,evening,9,10% discount,1
6538,22572.3,Jacket|Phone Case|Earbuds,morning,2,5% discount,0
6539,3969.14,Sports Cap|Jacket,night,3,10% discount,1
6540,8973.88,Coffee Mug,afternoon,0,20% discount,1
6541,13526.7,Jeans|Nike Shoes,night,1,20% discount,0
6542,6999.69,Earbuds,afternoon,2,20% discount,1
6543,11051.89,Wristband|Puma Sneakers,morning,8,5% discount,0
6544,9796.28,Nike Shoes,evening,10,5% discount,0
6545,14181.08,Coffee Mug|T-Shirt,evening,2,10% discount,1
6546,8093.02,Phone Case,evening,3,5% discount,1
6547,9470.62,T-Shirt,evening,8,5% discount,0
6548,21350.69,Phone Case|Sports Cap|Adidas Running Shoes,morning,3,Free Shipping,0
6549,5518.33,Sports Cap,night,8,10% discount,0
6550,5810.08,Backpack,morning,5,Free Shipping,0
6551,8919.63,Backpack,night,9,Free Shipping,0
6552,12676.62,Sports Cap|Coffee Mug,afternoon,10,20% discount,0
6553,16733.77,Jacket|Jacket|Earbuds,evening,1,Free Shipping,0
6554,9865.79,Phone Case|Adidas Running Shoes,morning,2,10% discount,1
6555,2508.77,Wristband,evening,6,Free Shipping,1
6556,6701.93,Earbuds,night,7,20% discount,1
6557,6540.01,Phone Case|Nike Shoes,morning,10,10% discount,0
6558,7541.49,Cushion,evening,1,10% discount,0
6559,9333.58,Earbuds,evening,6,20% discount,0
6560,3811.66,Jacket,morning,6,Free Shipping,1
6561,9583.9,Jacket,evening,7,10% discount,0
6562,6210.54,Earbuds,evening,10,20% discount,1
6563,19317.54,Jeans|Sports Cap|Earbuds,morning,8,10% discount,0
6564,8653.91,Jeans,afternoon,5,10% discount,1
6565,13068.83,T-Shirt|Nike Shoes,afternoon,3,Free Shipping,0
6566,9708.63,Coffee Mug,afternoon,3,5% discount,0
6567,7935.46,Jeans|Cushion,morning,8,20% discount,0
6568,4317.36,Jacket,afternoon,3,10% discount,0
6569,11948.35,Earbuds|Backpack,evening,5,Free Shipping,1
6570,3356.85,Nike Shoes,morning,0,5% discount,0
6571,18156.46,Jacket|Nike Shoes|Phone Case,morning,3,10% discount,1
6572,5043.7,Jeans,evening,6,10% discount,0
6573,5705.96,Sports Cap|Sports Cap,afternoon,0,10% discount,1
6574,5692.76,Phone Case|Cushion,morning,10,20% discount,0
6575,12717.93,Backpack|Sports Cap,evening,5,20% discount,1
6576,7991.15,Jeans,evening,7,20% discount,1
6577,6056.08,Jeans,evening,2,10% discount,1
6578,6480.33,Backpack,morning,5,20% discount,1
6579,1861.43,Jeans,evening,6,5% discount,1
6580,1579.88,Earbuds,afternoon,6,5% discount,0
6581,7044.39,Earbuds,night,5,5% discount,0
6582,1939.16,Backpack,morning,9,10% discount,0
6583,8048.67,Jacket,morning,5,20% discount,0
6584,9562.0,Puma Sneakers|Phone Case,evening,10,20% discount,0
6585,7483.33,Earbuds,evening,2,10% discount,1
6586,7777.82,Earbuds,morning,3,10% discount,0
6587,1716.3,Coffee Mug,morning,0,Free Shipping,0
6588,3435.75,Sports Cap,afternoon,2,Free Shipping,0
6589,2863.57,Adidas Running Shoes,night,4,Free Shipping,0
6590,4647.95,Coffee Mug,morning,8,Free Shipping,0
6591,15184.84,Earbuds|Jacket,morning,6,Free Shipping,0
6592,9466.24,Jeans,afternoon,10,20% discount,1
6593,4886.01,Puma Sneakers,night,9,20% discount,0
6594,5246.68,Earbuds,night,3,Free Shipping,0
6595,4082.3,Coffee Mug,morning,3,Free Shipping,0
6596,6310.32,Coffee Mug,evening,0,5% discount,0
6597,14176.19,Coffee Mug|Nike Shoes,evening,1,10% discount,0
6598,8356.83,Earbuds,evening,8,10% discount,1
6599,9701.16,Sports Cap,night,4,10% discount,1
6600,4950.51,Cushion,evening,7,20% discount,1
6601,12830.74,Phone Case|Puma Sneakers,night,5,20% discount,1
6602,5179.72,Jacket,afternoon,7,10% discount,1
6603,1073.46,Coffee Mug,night,10,5% discount,0
6604,8085.09,Phone Case|Nike Shoes,evening,5,10% discount,1
6605,4723.14,Cushion|Nike Shoes,morning,6,20% discount,0
6606,10521.84,Coffee Mug|Phone Case,afternoon,6,10% discount,1
6607,2971.92,Adidas Running Shoes,night,10,20% discount,0
6608,2478.58,Nike Shoes,evening,7,Free Shipping,0
6609,9948.35,Phone Case,afternoon,10,20% discount,1
6610,8867.37,Adidas Running Shoes,evening,8,10% discount,0
6611,10174.04,Coffee Mug|Backpack,evening,8,10% discount,0
6612,7251.63,Cushion,evening,5,10% discount,1
6613,2595.2,Adidas Running Shoes,afternoon,0,10% discount,0
6614,5811.72,Backpack,morning,8,10% discount,0
6615,13120.18,Backpack|Jeans,night,5,5% discount,0
6616,4153.02,Phone Case|Puma Sneakers,morning,3,5% discount,1
6617,3399.05,Adidas Running Shoes,evening,8,Free Shipping,0
6618,9605.19,Wristband,afternoon,7,10% discount,0
6619,1094.03,Earbuds,evening,5,Free Shipping,0
6620,4494.63,Cushion|Sports Cap,night,4,20% discount,1
6621,4715.65,Cushion,evening,3,Free Shipping,1
6622,14206.67,Jeans|Puma Sneakers,night,2,10% discount,1
6623,4285.66,Jeans,night,7,20% discount,0
6624,6968.6,Jeans,morning,1,10% discount,1
6625,21576.12,Puma Sneakers|Earbuds|Puma Sneakers,night,2,5% discount,0
6626,2984.99,Backpack,morning,3,10% discount,1
6627,5695.18,T-Shirt,afternoon,7,10% discount,1
6628,4882.83,Nike Shoes,morning,9,10% discount,0
6629,10916.6,Sports Cap|Phone Case,afternoon,6,5% discount,1
6630,10990.1,Phone Case|Phone Case,morning,6,20% discount,1
6631,7888.27,Nike Shoes|Cushion,evening,7,10% discount,0
6632,13076.01,T-Shirt|Coffee Mug|Coffee Mug,night,8,5% discount,0
6633,17162.78,Backpack|Adidas Running Shoes,night,3,Free Shipping,0
6634,6705.48,Adidas Running Shoes,afternoon,5,10% discount,1
6635,3144.44,Coffee Mug,morning,2,10% discount,0
6636,3697.22,Adidas Running Shoes,night,9,Free Shipping,0
6637,3224.43,Nike Shoes,night,10,10% discount,0
6638,7267.54,Phone Case,morning,5,10% discount,0
6639,6614.89,Puma Sneakers|Phone Case,evening,2,5% discount,0
6640,4523.32,Nike Shoes,evening,2,10% discount,1
6641,12176.53,Jeans|Earbuds,night,3,10% discount,1
6642,8308.16,Adidas Running Shoes,evening,6,5% discount,1
6643,8384.15,Earbuds,evening,2,10% discount,0
6644,11397.07,Coffee Mug|Jeans,evening,5,20% discount,0
6645,15478.46,Puma Sneakers|Coffee Mug|Nike Shoes,night,3,Free Shipping,0
6646,4457.51,Earbuds,morning,5,Free Shipping,0
6647,2519.33,Nike Shoes,morning,5,10% discount,0
6648,6481.86,Phone Case,night,3,10% discount,1
6649,8538.6,Backpack|Backpack,morning,5,5% discount,0
6650,11741.96,Jeans|Phone Case,evening,6,5% discount,0
6651,7183.85,Earbuds,morning,1,10% discount,0
6652,8672.67,T-Shirt,morning,4,20% discount,0
6653,9765.95,Adidas Running Shoes,evening,0,20% discount,0
6654,8924.61,Phone Case|Coffee Mug,morning,2,10% discount,1
6655,8267.87,Earbuds,evening,8,5% discount,0
6656,7067.35,T-Shirt,evening,4,10% discount,0
6657,6263.36,Puma Sneakers|T-Shirt,morning,10,10% discount,1
6658,5712.72,Coffee Mug,morning,3,Free Shipping,0
6659,6396.52,Sports Cap,morning,8,10% discount,0
6660,5076.62,Coffee Mug,night,0,10% discount,1
6661,21837.19,Cushion|T-Shirt|T-Shirt,morning,6,10% discount,0
6662,7100.3,Puma Sneakers,morning,8,Free Shipping,0
6663,8766.07,Cushion,evening,10,10% discount,1
6664,10607.71,Nike Shoes|Puma Sneakers,night,0,10% discount,0
6665,3774.97,Adidas Running Shoes,night,7,20% discount,0
6666,8442.76,Nike Shoes,evening,7,10% discount,1
6667,4240.94,Backpack,afternoon,5,20% discount,0
6668,7050.5,T-Shirt,morning,7,10% discount,1
6669,4474.63,Backpack,morning,5,Free Shipping,0
6670,6802.29,Sports Cap,night,9,10% discount,0
6671,12328.47,Phone Case|Nike Shoes,night,0,10% discount,0
6672,3982.05,Jeans,evening,5,20% discount,0
6673,1352.0,Backpack,night,4,10% discount,1
6674,9243.63,Cushion|T-Shirt,morning,3,10% discount,1
6675,1709.1,Nike Shoes,morning,2,20% discount,1
6676,18586.42,Wristband|Nike Shoes|Jacket,evening,4,20% discount,1
6677,9796.87,Backpack|Wristband,afternoon,2,20% discount,1
6678,2145.94,Wristband,evening,5,10% discount,1
6679,4290.13,Wristband,evening,9,Free Shipping,0
6680,4387.31,Cushion,afternoon,8,20% discount,1
6681,12515.06,Puma Sneakers|Jeans,morning,6,5% discount,0
6682,1840.68,Earbuds,afternoon,4,Free Shipping,0
6683,6557.23,Coffee Mug,evening,8,Free Shipping,0
6684,6906.58,Nike Shoes,night,5,5% discount,0
6685,6147.01,Phone Case,night,4,Free Shipping,0
6686,3282.49,Cushion,evening,0,Free Shipping,1
6687,7119.49,Cushion,night,4,Free Shipping,0
6688,3746.21,Phone Case,night,8,Free Shipping,1
6689,9223.4,Coffee Mug,evening,10,10% discount,0
6690,9979.41,Coffee Mug|Nike Shoes,morning,6,10% discount,0
6691,4826.48,Phone Case,evening,3,10% discount,0
6692,3398.41,Earbuds,morning,9,10% discount,0
6693,9022.59,Nike Shoes,night,8,Free Shipping,0
6694,8067.52,Cushion,night,5,5% discount,0
6695,4055.67,Nike Shoes,night,8,5% discount,1
6696,7876.0,Earbuds,night,0,10% discount,0
6697,18399.95,Adidas Running Shoes|Nike Shoes,morning,5,Free Shipping,1
6698,12692.7,Wristband|Coffee Mug,night,10,20% discount,0
6699,11584.54,Phone Case|Puma Sneakers,night,1,Free Shipping,1
6700,3855.24,Puma Sneakers,afternoon,10,Free Shipping,0
6701,1404.31,T-Shirt,evening,8,10% discount,1
6702,8634.66,Phone Case,afternoon,6,5% discount,0
6703,10997.75,Nike Shoes|Earbuds,evening,6,10% discount,1
6704,20925.84,Earbuds|Earbuds|Adidas Running Shoes,morning,7,5% discount,0
6705,1466.64,T-Shirt,night,9,20% discount,0
6706,2560.4,Nike Shoes,afternoon,1,Free Shipping,0
6707,4383.88,Adidas Running Shoes,afternoon,10,5% discount,0
6708,18008.43,Earbuds|Puma Sneakers,night,5,Free Shipping,0
6709,9194.61,Puma Sneakers,morning,4,Free Shipping,0
6710,6189.23,Wristband,morning,10,5% discount,0
6711,3882.92,T-Shirt,night,10,10% discount,0
6712,15127.32,Coffee Mug|Puma Sneakers|Wristband,morning,3,20% discount,1
6713,10843.34,Backpack|Nike Shoes|Jacket,morning,10,10% discount,0
6714,9563.91,Wristband,night,1,20% discount,0
6715,5783.51,Coffee Mug,evening,0,Free Shipping,0
6716,9980.71,Sports Cap,evening,10,5% discount,0
6717,15534.75,Jacket|Coffee Mug,night,1,5% discount,0
6718,11226.96,Sports Cap|Nike Shoes,evening,5,20% discount,1
6719,3914.36,Backpack,night,8,10% discount,0
6720,3913.64,Nike Shoes,afternoon,9,Free Shipping,0
6721,8385.11,Jeans,afternoon,2,Free Shipping,1
6722,9109.54,Puma Sneakers,evening,2,Free Shipping,1
6723,7142.03,Phone Case,evening,5,Free Shipping,0
6724,9970.63,Adidas Running Shoes,morning,10,10% discount,0
6725,9598.05,T-Shirt|Adidas Running Shoes,night,3,Free Shipping,0
6726,6256.72,Nike Shoes|T-Shirt,night,8,5% discount,1
6727,8847.53,Earbuds,morning,9,10% discount,1
6728,8823.97,Phone Case|Jacket|Adidas Running Shoes,night,6,5% discount,0
6729,16966.81,Adidas Running Shoes|Cushion,morning,4,10% discount,0
6730,21863.67,Jeans|Jacket|Earbuds,afternoon,7,10% discount,1
6731,9530.78,Phone Case,afternoon,5,Free Shipping,0
6732,4932.62,Wristband,evening,0,5% discount,0
6733,8885.64,Wristband,morning,10,5% discount,0
6734,1719.71,Earbuds,morning,10,10% discount,0
6735,1941.62,Phone Case,night,3,Free Shipping,0
6736,1740.64,Earbuds,morning,9,Free Shipping,0
6737,1625.01,Coffee Mug,night,3,Free Shipping,1
6738,3787.36,Puma Sneakers,morning,6,5% discount,0
6739,8879.55,Cushion,evening,9,5% discount,0
6740,2754.91,Sports Cap,morning,9,20% discount,0
6741,13517.82,Puma Sneakers|Jacket,afternoon,0,5% discount,1
6742,17521.43,Jeans|Adidas Running Shoes|T-Shirt,morning,2,20% discount,0
6743,12463.39,Cushion|Wristband,evening,5,20% discount,1
6744,4822.97,Nike Shoes,morning,5,10% discount,1
6745,4185.5,Cushion,night,4,5% discount,0
6746,4798.43,Cushion|Sports Cap,evening,1,Free Shipping,0
6747,6771.9,Phone Case,morning,10,Free Shipping,1
6748,23071.58,Wristband|Wristband|Nike Shoes,night,0,20% discount,1
6749,9162.47,Earbuds|Cushion,afternoon,7,5% discount,0
6750,5613.3,Earbuds,morning,2,10% discount,1
6751,8544.66,Nike Shoes,night,2,10% discount,1
6752,6329.09,Nike Shoes,afternoon,10,20% discount,1
6753,5619.92,Wristband,afternoon,1,10% discount,0
6754,8561.68,Jeans,morning,4,5% discount,0
6755,10198.04,Phone Case|Phone Case,morning,10,5% discount,0
6756,9231.03,Nike Shoes,evening,9,Free Shipping,0
6757,7917.76,Coffee Mug,night,1,Free Shipping,1
6758,9617.13,Phone Case|Jeans,night,2,10% discount,1
6759,2359.4,Wristband,afternoon,9,20% discount,0
6760,5630.72,Jeans,afternoon,9,5% discount,1
6761,1834.94,Sports Cap,morning,8,10% discount,0
6762,10640.79,Coffee Mug|Coffee Mug,morning,6,10% discount,1
6763,11210.96,Phone Case|Cushion,evening,4,20% discount,0
6764,7166.39,Cushion|Jeans,morning,2,10% discount,1
6765,10984.99,Adidas Running Shoes|Puma Sneakers,evening,5,5% discount,0
6766,6150.63,Backpack,morning,4,10% discount,1
6767,21097.51,Jeans|Puma Sneakers|Cushion,afternoon,9,Free Shipping,0
6768,3702.86,Backpack,afternoon,1,10% discount,0
6769,23917.65,Earbuds|Coffee Mug|Puma Sneakers,morning,7,10% discount,0
6770,2960.89,T-Shirt,morning,10,20% discount,1
6771,7702.06,Nike Shoes|Jeans,morning,1,20% discount,0
6772,3010.87,Backpack,morning,2,Free Shipping,0
6773,8832.41,Sports Cap,morning,6,Free Shipping,1
6774,2703.38,Wristband,evening,3,10% discount,0
6775,3823.31,Earbuds,night,1,20% discount,0
6776,9309.18,Sports Cap,night,9,10% discount,0
6777,9270.83,Sports Cap,afternoon,10,10% discount,0
6778,11857.17,Backpack|Earbuds,morning,9,5% discount,0
6779,1786.87,Backpack,evening,1,Free Shipping,0
6780,1346.18,Sports Cap,night,9,10% discount,0
6781,12050.08,Backpack|Wristband,night,2,10% discount,1
6782,18023.56,Backpack|Coffee Mug|Earbuds,morning,5,10% discount,1
6783,3812.71,T-Shirt,morning,1,Free Shipping,0
6784,18633.62,Jeans|Sports Cap,afternoon,8,Free Shipping,0
6785,3390.48,Backpack,morning,1,10% discount,0
6786,17993.2,Jacket|Jacket,afternoon,1,10% discount,0
6787,15824.82,Jeans|Jacket|Adidas Running Shoes,night,6,Free Shipping,0
6788,8446.9,Earbuds|Cushion,night,4,10% discount,0
6789,7535.4,Cushion,afternoon,10,Free Shipping,0
6790,2180.68,Cushion,morning,7,10% discount,0
6791,8741.45,Earbuds,afternoon,6,Free Shipping,0
6792,4506.55,Earbuds,morning,2,5% discount,0
6793,6326.41,Cushion,night,5,Free Shipping,0
6794,15218.55,Nike Shoes|Nike Shoes,afternoon,8,10% discount,0
6795,5248.24,Jacket,afternoon,0,5% discount,0
6796,7087.25,Phone Case,afternoon,7,10% discount,0
6797,8566.44,Puma Sneakers,evening,9,5% discount,0
6798,1164.33,Phone Case,afternoon,8,Free Shipping,0
6799,7453.19,Nike Shoes|Sports Cap,evening,0,Free Shipping,0
6800,4373.3,Jeans,night,10,Free Shipping,0
6801,6124.6,Coffee Mug,morning,1,20% discount,1
6802,6875.98,Puma Sneakers|Sports Cap,night,0,Free Shipping,1
6803,12451.4,Nike Shoes|Sports Cap,evening,6,10% discount,0
6804,16313.96,Adidas Running Shoes|Coffee Mug|Cushion,afternoon,2,20% discount,1
6805,4502.87,Coffee Mug,night,9,Free Shipping,1
6806,5560.35,Phone Case,evening,1,20% discount,1
6807,8162.39,Jacket,afternoon,8,Free Shipping,1
6808,7535.4,Nike Shoes,afternoon,8,20% discount,1
6809,8492.56,Cushion|Wristband,night,4,Free Shipping,1
6810,12585.39,Backpack|Coffee Mug,night,3,Free Shipping,0
6811,6020.1,Jeans,night,3,5% discount,0
6812,9532.3,Sports Cap,afternoon,8,20% discount,1
6813,1996.08,Sports Cap,night,3,10% discount,0
6814,4978.67,Coffee Mug,evening,3,10% discount,1
6815,11864.89,Jacket|Earbuds|Adidas Running Shoes,night,0,20% discount,1
6816,4324.57,Cushion,afternoon,8,10% discount,1
6817,2690.07,Cushion,night,6,Free Shipping,0
6818,2419.83,Sports Cap,night,4,10% discount,1
6819,8181.28,Adidas Running Shoes,afternoon,1,5% discount,0
6820,5085.89,Nike Shoes,evening,10,Free Shipping,0
6821,6374.1,Coffee Mug,night,7,10% discount,0
6822,9978.07,Coffee Mug,night,8,Free Shipping,1
6823,5893.59,Jacket,night,2,5% discount,0
6824,4845.93,Earbuds,night,3,5% discount,0
6825,15521.46,Adidas Running Shoes|Coffee Mug,afternoon,7,5% discount,0
6826,6285.56,Sports Cap,morning,9,10% discount,1
6827,3370.35,Adidas Running Shoes,night,5,Free Shipping,0
6828,7256.7,Puma Sneakers,night,6,10% discount,1
6829,8681.99,Earbuds,morning,3,10% discount,1
6830,4503.82,Puma Sneakers,night,6,10% discount,0
6831,8277.11,Phone Case,night,6,20% discount,0
6832,11825.64,Jeans|Sports Cap,afternoon,0,10% discount,0
6833,18638.7,Phone Case|Sports Cap,afternoon,6,5% discount,1
6834,3008.43,Earbuds,evening,6,Free Shipping,1
6835,9788.11,Backpack,evening,9,5% discount,0
6836,9564.97,Jeans,evening,5,10% discount,1
6837,7045.1,Backpack,morning,1,Free Shipping,1
6838,17664.77,Sports Cap|Cushion|Phone Case,afternoon,9,5% discount,0
6839,1513.79,Earbuds,evening,3,10% discount,1
6840,12139.55,Cushion|Phone Case,afternoon,9,5% discount,0
6841,3619.7,Coffee Mug,afternoon,9,Free Shipping,0
6842,6006.04,Earbuds|Backpack,evening,2,10% discount,1
6843,4154.67,Coffee Mug,afternoon,8,20% discount,1
6844,17043.34,Phone Case|Backpack|Adidas Running Shoes,night,2,5% discount,1
6845,22279.27,Phone Case|Phone Case|Sports Cap,morning,7,20% discount,1
6846,9811.74,Backpack,afternoon,5,Free Shipping,0
6847,8711.03,Backpack,morning,1,20% discount,0
6848,7090.75,Nike Shoes,night,8,5% discount,0
6849,16183.28,Nike Shoes|Phone Case,morning,10,10% discount,1
6850,10795.22,Earbuds|Nike Shoes,evening,9,10% discount,1
6851,7170.84,Adidas Running Shoes,evening,3,Free Shipping,0
6852,10615.91,Puma Sneakers|Wristband,evening,4,Free Shipping,1
6853,7301.01,Earbuds,morning,6,Free Shipping,1
6854,12057.07,Cushion|Nike Shoes,afternoon,8,10% discount,0
6855,3999.61,Earbuds,evening,5,20% discount,1
6856,7423.28,Sports Cap|Wristband,afternoon,6,10% discount,1
6857,7139.54,Phone Case,morning,9,Free Shipping,0
6858,15091.55,Nike Shoes|Puma Sneakers,morning,9,Free Shipping,0
6859,8663.94,Puma Sneakers|Cushion,morning,9,5% discount,0
6860,4332.55,Coffee Mug,morning,8,5% discount,0
6861,14021.6,Coffee Mug|Nike Shoes,night,3,Free Shipping,1
6862,12115.82,Phone Case|Phone Case,afternoon,5,10% discount,1
6863,8457.77,Nike Shoes,afternoon,7,10% discount,1
6864,12250.61,T-Shirt|T-Shirt|Puma Sneakers,afternoon,2,10% discount,1
6865,8763.34,Adidas Running Shoes,evening,4,20% discount,0
6866,13164.36,Phone Case|Phone Case,evening,7,10% discount,1
6867,6901.28,Coffee Mug,night,3,Free Shipping,0
6868,4707.62,Phone Case,evening,10,Free Shipping,0
6869,3409.5,Adidas Running Shoes,night,7,5% discount,0
6870,5155.08,Earbuds,afternoon,1,Free Shipping,0
6871,17476.17,Backpack|Jeans|Earbuds,evening,4,Free Shipping,0
6872,3538.25,Jeans,evening,5,20% discount,0
6873,13148.48,Wristband|Wristband|Coffee Mug,evening,5,5% discount,0
6874,7777.66,Earbuds,night,3,Free Shipping,0
6875,3090.62,Sports Cap,afternoon,0,Free Shipping,0
6876,4994.18,Earbuds,morning,8,20% discount,1
6877,9299.87,T-Shirt,afternoon,10,Free Shipping,0
6878,10456.19,Jacket|Earbuds,evening,1,10% discount,0
6879,2755.87,Adidas Running Shoes,afternoon,9,10% discount,1
6880,10411.26,Phone Case|Adidas Running Shoes,night,0,10% discount,0
6881,4724.95,Phone Case,morning,8,Free Shipping,0
6882,5475.02,Jeans,evening,10,5% discount,1
6883,16325.35,Jeans|Nike Shoes,afternoon,7,5% discount,0
6884,8674.44,Earbuds,evening,0,10% discount,0
6885,13267.08,Nike Shoes|Jacket,evening,6,10% discount,0
6886,20877.27,Earbuds|Adidas Running Shoes|Nike Shoes,afternoon,10,5% discount,0
6887,11897.42,Adidas Running Shoes|Coffee Mug,evening,2,20% discount,1
6888,4599.75,Nike Shoes,evening,1,20% discount,1
6889,11950.56,T-Shirt|Backpack|Earbuds,night,2,10% discount,0
6890,8084.11,Jeans|Jeans,morning,2,5% discount,1
6891,6189.3,Earbuds|Phone Case,night,4,10% discount,1
6892,10637.95,Adidas Running Shoes|Earbuds,morning,9,5% discount,0
6893,7537.8,Nike Shoes,evening,10,Free Shipping,1
6894,16541.12,T-Shirt|Puma Sneakers|Cushion,afternoon,4,Free Shipping,1
6895,2334.39,Adidas Running Shoes,night,0,Free Shipping,0
6896,13037.7,Coffee Mug|Adidas Running Shoes,evening,0,10% discount,0
6897,5031.69,Adidas Running Shoes|Earbuds,evening,8,5% discount,0
6898,4280.82,Phone Case,morning,7,20% discount,1
6899,8540.74,Jeans,night,3,20% discount,0
6900,7437.36,Wristband,morning,4,10% discount,1
6901,9147.45,Puma Sneakers,afternoon,0,Free Shipping,1
6902,5076.22,Phone Case,afternoon,0,10% discount,0
6903,11081.32,T-Shirt|Cushion,evening,9,5% discount,0
6904,15470.92,Phone Case|Adidas Running Shoes,afternoon,10,10% discount,0
6905,18843.92,Jeans|Cushion|Coffee Mug,morning,4,20% discount,1
6906,3543.73,Coffee Mug,evening,4,20% discount,0
6907,21747.18,Jeans|Earbuds|T-Shirt,evening,8,20% discount,1
6908,8203.39,Earbuds,evening,7,Free Shipping,0
6909,6853.49,T-Shirt,night,0,10% discount,1
6910,4221.68,Earbuds,evening,10,5% discount,0
6911,8483.81,Cushion,evening,3,Free Shipping,1
6912,9689.91,Phone Case,evening,3,10% discount,0
6913,4638.05,Adidas Running Shoes|Phone Case,night,3,Free Shipping,0
6914,9774.19,Jacket|Jeans,night,1,20% discount,1
6915,6830.19,Jeans,morning,8,20% discount,1
6916,7162.47,Puma Sneakers,evening,0,10% discount,1
6917,7754.62,Backpack,afternoon,4,5% discount,0
6918,4599.55,Phone Case,night,2,5% discount,0
6919,5811.1,Backpack,night,0,Free Shipping,1
6920,5725.45,Adidas Running Shoes,afternoon,10,5% discount,0
6921,6911.56,Sports Cap|Earbuds,afternoon,9,Free Shipping,0
6922,8085.27,Adidas Running Shoes|Puma Sneakers,evening,10,20% discount,0
6923,4937.35,Coffee Mug,night,1,20% discount,0
6924,3529.6,Earbuds,afternoon,4,Free Shipping,0
6925,6192.37,Jacket|Jeans,afternoon,9,Free Shipping,1
6926,14320.59,Earbuds|Adidas Running Shoes|Puma Sneakers,afternoon,3,10% discount,1
6927,7355.45,Adidas Running Shoes,morning,4,10% discount,0
6928,23164.15,Cushion|T-Shirt|Jeans,morning,5,10% discount,1
6929,2867.54,Phone Case,evening,10,10% discount,0
6930,7375.76,Earbuds|Jeans,night,5,10% discount,1
6931,8368.81,Backpack,evening,5,Free Shipping,0
6932,6292.6,T-Shirt,evening,3,Free Shipping,1
6933,18787.45,T-Shirt|Backpack|Coffee Mug,evening,10,20% discount,1
6934,9911.57,Cushion,night,10,Free Shipping,0
6935,2465.77,Nike Shoes,evening,6,Free Shipping,0
6936,23213.95,Wristband|Cushion|Nike Shoes,afternoon,2,5% discount,0
6937,8287.46,Coffee Mug,morning,5,5% discount,0
6938,6092.93,Cushion|Jacket,night,7,10% discount,1
6939,7862.24,T-Shirt,night,8,5% discount,0
6940,7024.07,Coffee Mug,morning,7,20% discount,0
6941,6619.79,Sports Cap,evening,2,20% discount,0
6942,3891.72,Cushion,morning,10,Free Shipping,1
6943,7011.09,Jacket,morning,9,10% discount,0
6944,2389.63,Backpack,morning,2,10% discount,1
6945,9251.03,Nike Shoes|Backpack,evening,2,Free Shipping,0
6946,10740.48,Nike Shoes|Cushion,afternoon,3,10% discount,0
6947,14698.43,Phone Case|Earbuds|Wristband,morning,0,5% discount,0
6948,16867.76,Earbuds|T-Shirt,afternoon,3,5% discount,1
6949,4166.68,Cushion,afternoon,8,20% discount,1
6950,14799.65,Adidas Running Shoes|Coffee Mug,morning,8,10% discount,0
6951,5601.78,Earbuds,morning,9,Free Shipping,0
6952,2281.49,T-Shirt,afternoon,1,20% discount,0
6953,7608.55,Puma Sneakers,afternoon,0,20% discount,0
6954,12041.93,Sports Cap|Coffee Mug,evening,9,10% discount,0
6955,14291.3,T-Shirt|Backpack,morning,8,Free Shipping,1
6956,9295.02,Jeans,evening,6,10% discount,0
6957,6793.61,Cushion,evening,0,10% discount,1
6958,2076.35,Cushion,night,8,5% discount,0
6959,2356.53,Adidas Running Shoes,night,5,20% discount,0
6960,6981.93,Adidas Running Shoes|Nike Shoes,night,4,5% discount,0
6961,4010.83,Phone Case,morning,7,20% discount,0
6962,5396.39,Sports Cap,afternoon,4,Free Shipping,1
6963,6205.9,Phone Case,afternoon,3,20% discount,0
6964,4029.11,Cushion,afternoon,9,5% discount,0
6965,17917.51,Coffee Mug|Coffee Mug,evening,4,Free Shipping,0
6966,2706.41,Cushion,afternoon,0,Free Shipping,0
6967,25366.28,Nike Shoes|Nike Shoes|Jeans,morning,2,20% discount,0
6968,1261.34,Sports Cap,afternoon,3,10% discount,1
6969,4721.28,Cushion|Coffee Mug,morning,4,10% discount,0
6970,2086.07,Coffee Mug,morning,8,Free Shipping,0
6971,2764.47,Phone Case,night,6,5% discount,1
6972,12316.78,Phone Case|Nike Shoes,morning,3,10% discount,1
6973,2307.94,Jeans,night,6,Free Shipping,0
6974,2115.72,Coffee Mug,evening,1,5% discount,0
6975,2114.08,Coffee Mug,evening,4,5% discount,0
6976,3956.78,Nike Shoes,night,7,10% discount,0
6977,2777.95,Jacket,afternoon,6,10% discount,1
6978,10520.51,Nike Shoes|Wristband,night,2,Free Shipping,1
6979,2196.62,Coffee Mug,morning,3,5% discount,0
6980,3371.28,Backpack,night,6,10% discount,0
6981,18237.94,T-Shirt|Phone Case,morning,4,5% discount,0
6982,4332.09,Backpack,night,9,10% discount,1
6983,10455.3,Cushion|Earbuds,evening,5,10% discount,1
6984,7950.29,Earbuds,morning,4,10% discount,1
6985,7479.59,Coffee Mug,afternoon,0,5% discount,0
6986,14482.74,Cushion|Jacket,afternoon,5,Free Shipping,1
6987,3576.8,Sports Cap,morning,2,Free Shipping,1
6988,3926.6,Nike Shoes,afternoon,1,20% discount,1
6989,17172.93,Wristband|Wristband|Puma Sneakers,afternoon,6,Free Shipping,1
6990,12107.98,Sports Cap|Puma Sneakers,afternoon,6,Free Shipping,0
6991,17289.7,Coffee Mug|Cushion,morning,2,20% discount,0
6992,7190.02,Nike Shoes|Wristband,evening,0,10% discount,1
6993,2228.35,Jeans,morning,3,10% discount,0
6994,16116.74,Jacket|Jeans,night,4,10% discount,1
6995,6987.97,Adidas Running Shoes,afternoon,8,Free Shipping,0
6996,8708.54,Cushion|Cushion,evening,0,Free Shipping,0
6997,4731.98,Coffee Mug,afternoon,0,10% discount,0
6998,4430.67,Coffee Mug,night,1,20% discount,1
6999,10050.3,Earbuds|Adidas Running Shoes,evening,5,5% discount,0
7000,4174.57,Backpack,night,10,5% discount,0
7001,5927.09,Cushion,evening,9,10% discount,1
7002,4434.37,Jeans|Wristband,afternoon,1,5% discount,0
7003,9032.63,Cushion,morning,2,5% discount,1
7004,3616.31,Adidas Running Shoes,morning,8,20% discount,0
7005,7288.66,Backpack|Wristband,evening,1,5% discount,0
7006,6482.3,Wristband,night,10,20% discount,1
7007,8147.99,Coffee Mug|Cushion,night,9,5% discount,0
7008,9783.8,Earbuds,morning,0,5% discount,0
7009,5123.45,Coffee Mug,evening,7,10% discount,0
7010,9408.11,Phone Case|Wristband,night,10,5% discount,0
7011,1871.87,Jeans,afternoon,7,5% discount,0
7012,12012.67,Earbuds|Jacket,morning,10,5% discount,1
7013,10202.03,Puma Sneakers|Phone Case,night,9,Free Shipping,0
7014,8904.71,Earbuds|Jeans,evening,3,5% discount,1
7015,17889.43,Wristband|Puma Sneakers,evening,10,Free Shipping,0
7016,2194.38,Puma Sneakers,morning,0,10% discount,0
7017,9336.75,Phone Case,afternoon,1,10% discount,0
7018,1260.03,Coffee Mug,night,10,10% discount,1
7019,7756.72,Jacket,night,10,20% discount,1
7020,10558.93,Wristband|Jacket,morning,1,10% discount,1
7021,12140.59,Jacket|Wristband,afternoon,4,Free Shipping,0
7022,17096.2,Jacket|Jeans|T-Shirt,night,4,5% discount,0
7023,9692.01,Sports Cap,morning,6,20% discount,1
7024,14207.51,Jacket|Coffee Mug,morning,2,10% discount,0
7025,8147.88,Cushion,afternoon,10,10% discount,0
7026,7620.83,Wristband,afternoon,6,10% discount,0
7027,2731.81,Earbuds,afternoon,5,5% discount,1
7028,4481.25,Jacket,afternoon,7,Free Shipping,0
7029,9574.11,Earbuds|Earbuds,morning,1,20% discount,1
7030,12545.27,Earbuds|Sports Cap,night,4,20% discount,1
7031,8996.42,Coffee Mug,night,5,20% discount,1
7032,10721.43,T-Shirt|Jeans,night,3,20% discount,1
7033,8069.08,Wristband|Cushion,afternoon,5,Free Shipping,1
7034,9795.07,Sports Cap|Coffee Mug,morning,5,20% discount,1
7035,4865.3,Earbuds,night,2,Free Shipping,0
7036,11063.39,Coffee Mug|Sports Cap|Jacket,evening,1,Free Shipping,1
7037,7099.16,Phone Case|Sports Cap,afternoon,2,10% discount,1
7038,7976.98,Jacket,afternoon,2,10% discount,1
7039,9841.09,Earbuds|Jacket,evening,9,10% discount,0
7040,15405.92,Cushion|Coffee Mug|Puma Sneakers,night,0,10% discount,1
7041,6092.62,Jeans,morning,4,10% discount,0
7042,4561.82,Wristband,evening,3,5% discount,0
7043,5280.38,Wristband,afternoon,9,10% discount,1
7044,4389.74,Phone Case,morning,7,20% discount,1
7045,11012.0,Earbuds|Backpack,morning,0,Free Shipping,0
7046,7460.92,Nike Shoes,night,10,20% discount,1
7047,13195.93,Wristband|Nike Shoes,night,8,5% discount,0
7048,18126.18,Coffee Mug|Sports Cap,morning,7,Free Shipping,1
7049,4258.64,Jacket,evening,0,10% discount,0
7050,9105.69,Cushion,afternoon,9,10% discount,0
7051,13250.78,Adidas Running Shoes|Nike Shoes,evening,0,Free Shipping,1
7052,4478.81,Earbuds,afternoon,9,10% discount,1
7053,2552.01,Earbuds,morning,8,10% discount,0
7054,22687.26,Puma Sneakers|Jeans|Earbuds,morning,10,Free Shipping,0
7055,5279.8,Phone Case|Puma Sneakers,morning,4,10% discount,0
7056,7597.14,Backpack,evening,1,20% discount,1
7057,15410.6,Coffee Mug|Backpack,afternoon,6,Free Shipping,0
7058,5592.54,Puma Sneakers|Wristband,evening,8,Free Shipping,0
7059,8182.14,Phone Case,evening,6,20% discount,1
7060,5547.73,Nike Shoes,morning,7,5% discount,0
7061,9012.64,Adidas Running Shoes,morning,6,20% discount,1
7062,8808.82,Backpack,afternoon,1,Free Shipping,1
7063,14262.9,Cushion|Cushion,morning,9,10% discount,1
7064,5679.78,Phone Case,afternoon,2,Free Shipping,0
7065,3650.39,Cushion,night,9,Free Shipping,0
7066,13926.26,Adidas Running Shoes|Sports Cap,evening,7,10% discount,0
7067,3192.62,Wristband,morning,3,5% discount,0
7068,4200.16,Jeans,afternoon,9,Free Shipping,0
7069,12211.72,Nike Shoes|Jeans,morning,4,Free Shipping,0
7070,1197.0,Phone Case,afternoon,6,Free Shipping,0
7071,1205.0,Puma Sneakers,morning,5,10% discount,0
7072,9532.13,Coffee Mug,morning,8,20% discount,1
7073,5194.96,Adidas Running Shoes,evening,10,20% discount,0
7074,4224.44,Cushion|Wristband,afternoon,9,10% discount,1
7075,4509.83,Earbuds,afternoon,6,20% discount,0
7076,3216.56,T-Shirt,night,9,5% discount,0
7077,5082.9,Cushion,night,0,20% discount,1
7078,8207.31,Cushion,afternoon,1,5% discount,0
7079,8722.2,Phone Case,evening,1,5% discount,1
7080,8345.72,Coffee Mug,afternoon,6,10% discount,0
7081,7460.14,Backpack,morning,5,Free Shipping,0
7082,5925.94,Jeans|Cushion,morning,4,20% discount,1
7083,15739.51,Adidas Running Shoes|Jacket,afternoon,7,Free Shipping,0
7084,7145.56,Jacket,night,4,5% discount,1
7085,5687.65,Jacket,evening,0,Free Shipping,1
7086,11981.55,Adidas Running Shoes|Jeans,evening,4,10% discount,0
7087,6460.34,Earbuds,morning,6,20% discount,1
7088,10680.19,Sports Cap|Wristband,morning,3,20% discount,1
7089,5105.6,Jeans,night,6,Free Shipping,0
7090,18731.4,Cushion|Wristband,afternoon,5,10% discount,1
7091,6743.24,Cushion,evening,7,10% discount,0
7092,2033.48,Coffee Mug,night,0,10% discount,0
7093,5298.05,Nike Shoes,night,3,20% discount,1
7094,2871.61,Wristband|Wristband,afternoon,7,5% discount,0
7095,5907.32,Phone Case,night,0,10% discount,0
7096,8628.86,Sports Cap|Coffee Mug,morning,10,5% discount,0
7097,3965.23,Coffee Mug,morning,8,5% discount,0
7098,5394.06,Phone Case,night,9,20% discount,0
7099,9790.63,Backpack,evening,5,10% discount,1
7100,1019.81,Earbuds,morning,7,20% discount,0
7101,4050.27,Coffee Mug,evening,2,10% discount,1
7102,1772.78,Nike Shoes,evening,1,Free Shipping,0
7103,13315.02,Sports Cap|T-Shirt,evening,10,20% discount,1
7104,8150.77,Jacket,afternoon,5,10% discount,0
7105,2833.11,Jeans,evening,1,Free Shipping,0
7106,5439.88,Earbuds,morning,7,10% discount,1
7107,6941.86,Phone Case,afternoon,1,10% discount,0
7108,21071.84,Puma Sneakers|Wristband|Wristband,evening,6,20% discount,1
7109,6795.04,Backpack,night,2,5% discount,0
7110,9304.54,Nike Shoes,night,7,5% discount,0
7111,12288.87,Earbuds|Backpack,afternoon,5,20% discount,1
7112,3963.89,Jeans,morning,9,5% discount,0
7113,2082.67,Jacket,morning,0,20% discount,0
7114,9258.22,Puma Sneakers|Coffee Mug|Backpack,night,6,10% discount,0
7115,15893.98,Backpack|Phone Case|Adidas Running Shoes,morning,2,10% discount,1
7116,21547.23,Nike Shoes|Adidas Running Shoes|Puma Sneakers,night,9,Free Shipping,0
7117,17935.52,Jacket|Sports Cap|Sports Cap,morning,8,10% discount,0
7118,9728.32,Backpack,night,0,5% discount,0
7119,7660.42,T-Shirt,morning,0,10% discount,1
7120,6201.87,Phone Case|Nike Shoes,morning,0,10% discount,1
7121,2810.93,T-Shirt,morning,5,5% discount,1
7122,3957.73,Nike Shoes,evening,7,20% discount,0
7123,8648.01,Phone Case|Sports Cap,evening,8,10% discount,1
7124,8774.95,Cushion,afternoon,2,Free Shipping,0
7125,6668.57,Backpack|Jacket,morning,8,Free Shipping,1
7126,14808.28,Sports Cap|T-Shirt,afternoon,7,20% discount,1
7127,13663.88,Sports Cap|Wristband,evening,2,10% discount,1
7128,1694.29,Sports Cap,afternoon,0,Free Shipping,0
7129,15644.58,Jeans|Earbuds|Coffee Mug,afternoon,4,Free Shipping,0
7130,13939.14,Nike Shoes|Cushion|Coffee Mug,afternoon,0,20% discount,0
7131,2738.97,Phone Case,afternoon,3,20% discount,0
7132,1390.6,Phone Case,afternoon,3,Free Shipping,0
7133,7265.83,Coffee Mug,morning,0,5% discount,1
7134,1148.53,Earbuds,morning,7,5% discount,0
7135,9935.22,Jacket|Jeans,night,1,5% discount,0
7136,7962.66,Jeans,night,5,10% discount,0
7137,6871.02,Coffee Mug|Jacket,evening,4,10% discount,0
7138,13119.89,Jacket|Earbuds,afternoon,9,Free Shipping,0
7139,14686.96,Sports Cap|Jeans,morning,0,20% discount,1
7140,4643.67,Jacket,morning,7,10% discount,1
7141,6254.83,Sports Cap,afternoon,8,Free Shipping,0
7142,17352.4,T-Shirt|Adidas Running Shoes,afternoon,1,Free Shipping,0
7143,7220.94,Adidas Running Shoes,morning,8,Free Shipping,1
7144,14112.27,Jeans|Earbuds,night,1,20% discount,0
7145,1563.77,Coffee Mug,afternoon,6,10% discount,1
7146,5848.21,Backpack,evening,8,20% discount,1
7147,13346.09,Earbuds|T-Shirt,evening,9,Free Shipping,1
7148,4158.14,Backpack,evening,8,Free Shipping,0
7149,5709.04,Jeans,night,4,10% discount,0
7150,4132.26,Coffee Mug,night,9,Free Shipping,0
7151,8016.95,Coffee Mug,afternoon,4,20% discount,0
7152,2617.42,Cushion,evening,2,Free Shipping,0
7153,5067.87,Earbuds,night,0,5% discount,0
7154,9328.3,Jeans|Backpack,night,0,10% discount,0
7155,6622.98,Earbuds,afternoon,9,5% discount,0
7156,23277.76,Coffee Mug|Backpack|Sports Cap,morning,1,10% discount,0
7157,7915.26,Backpack,afternoon,0,20% discount,0
7158,13939.68,Earbuds|Phone Case,evening,10,Free Shipping,0
7159,3226.75,Jeans,evening,8,Free Shipping,0
7160,12596.93,Coffee Mug|Adidas Running Shoes,morning,6,5% discount,0
7161,1109.83,Phone Case,afternoon,9,20% discount,0
7162,4652.7,Phone Case,night,5,10% discount,0
7163,15591.42,Phone Case|Wristband,night,7,5% discount,0
7164,5811.75,Puma Sneakers|Coffee Mug,evening,8,10% discount,1
7165,6247.64,Nike Shoes,evening,9,20% discount,1
7166,8844.88,Backpack,evening,6,5% discount,0
7167,9330.05,Puma Sneakers,evening,9,5% discount,0
7168,19765.02,Backpack|Puma Sneakers|Phone Case,afternoon,9,20% discount,0
7169,12256.25,Earbuds|Jeans,afternoon,9,20% discount,0
7170,9939.74,Cushion,afternoon,8,5% discount,0
7171,8420.94,Nike Shoes|Puma Sneakers,night,2,Free Shipping,0
7172,12080.25,Adidas Running Shoes|Coffee Mug,night,7,Free Shipping,0
7173,2046.4,Adidas Running Shoes,afternoon,6,10% discount,0
7174,1658.7,Phone Case,morning,4,5% discount,0
7175,20021.51,Jacket|Phone Case|Cushion,afternoon,10,Free Shipping,1
7176,9463.34,Backpack,morning,6,10% discount,0
7177,10297.61,T-Shirt|Jeans,night,8,Free Shipping,0
7178,10228.04,Coffee Mug|Jeans,night,0,Free Shipping,0
7179,3917.69,Coffee Mug,afternoon,8,Free Shipping,0
7180,5753.15,Cushion,afternoon,9,5% discount,0
7181,7105.39,Jeans,night,8,Free Shipping,1
7182,9493.58,Phone Case,night,1,10% discount,0
7183,1067.28,Jacket,morning,3,20% discount,0
7184,7990.87,Jeans|T-Shirt,afternoon,2,20% discount,0
7185,13296.58,Jeans|Puma Sneakers|Earbuds,night,4,10% discount,0
7186,4644.9,Adidas Running Shoes,morning,5,Free Shipping,0
7187,12294.14,Coffee Mug|Jacket,morning,10,10% discount,1
7188,19372.61,Cushion|T-Shirt|Wristband,afternoon,8,5% discount,0
7189,16549.74,Jeans|Jeans|Wristband,afternoon,4,Free Shipping,0
7190,8839.57,Puma Sneakers|Wristband|Earbuds,morning,5,Free Shipping,1
7191,25936.72,T-Shirt|Coffee Mug|T-Shirt,night,7,Free Shipping,1
7192,10299.64,Phone Case|Adidas Running Shoes,evening,1,5% discount,1
7193,2025.99,Cushion,morning,4,10% discount,1
7194,2808.93,Coffee Mug,afternoon,4,10% discount,1
7195,5398.02,T-Shirt,night,0,20% discount,1
7196,9852.95,Cushion|Backpack,evening,8,5% discount,0
7197,7139.68,Phone Case,night,4,Free Shipping,1
7198,14275.6,Adidas Running Shoes|Puma Sneakers,evening,1,Free Shipping,0
7199,10588.16,Jeans|Cushion,night,5,5% discount,0
7200,7647.72,Earbuds,morning,2,Free Shipping,1
7201,5677.49,Backpack,evening,4,Free Shipping,1
7202,13161.07,Jacket|Earbuds|Earbuds,evening,0,20% discount,0
7203,2814.19,Puma Sneakers,morning,9,20% discount,0
7204,19179.3,Cushion|Adidas Running Shoes|Phone Case,night,2,5% discount,0
7205,6811.12,Cushion,afternoon,5,10% discount,1
7206,1516.1,Cushion,evening,3,10% discount,0
7207,3018.65,Wristband,afternoon,0,10% discount,0
7208,21415.88,Earbuds|T-Shirt|Earbuds,morning,5,10% discount,0
7209,3169.24,Nike Shoes,evening,8,20% discount,1
7210,16523.25,Phone Case|Nike Shoes,evening,2,20% discount,0
7211,6341.71,Puma Sneakers,evening,4,Free Shipping,1
7212,3416.15,Earbuds,afternoon,2,10% discount,0
7213,6945.67,Sports Cap,morning,9,Free Shipping,0
7214,7522.97,Backpack|T-Shirt,night,6,5% discount,0
7215,1663.53,Adidas Running Shoes,evening,4,Free Shipping,0
7216,4755.65,Jeans,night,6,20% discount,1
7217,11777.56,Adidas Running Shoes|T-Shirt,night,9,10% discount,0
7218,5364.98,Wristband|Coffee Mug,night,4,Free Shipping,0
7219,15860.11,Wristband|Earbuds,evening,1,Free Shipping,1
7220,4522.6,Cushion|Jacket,evening,7,20% discount,1
7221,11919.75,Sports Cap|Earbuds,morning,1,20% discount,1
7222,12982.59,Adidas Running Shoes|Cushion,morning,8,10% discount,1
7223,9164.0,Cushion,morning,10,Free Shipping,1
7224,18691.9,Cushion|Coffee Mug,afternoon,3,Free Shipping,0
7225,8785.47,Coffee Mug,evening,6,20% discount,0
7226,2566.95,Jeans,night,5,20% discount,0
7227,5211.54,Sports Cap,evening,8,5% discount,0
7228,7883.25,Coffee Mug,evening,4,5% discount,0
7229,6792.12,Cushion,afternoon,3,20% discount,0
7230,16122.27,Adidas Running Shoes|Nike Shoes,evening,0,10% discount,1
7231,7412.0,T-Shirt,night,8,20% discount,0
7232,1958.35,Cushion,night,10,10% discount,0
7233,12476.76,Adidas Running Shoes|Jacket,night,10,10% discount,1
7234,6708.29,Earbuds|Jeans,evening,7,20% discount,1
7235,8230.68,Puma Sneakers,evening,6,5% discount,0
7236,1947.77,Phone Case,afternoon,4,Free Shipping,0
7237,5022.08,Jacket|Phone Case,evening,5,Free Shipping,0
7238,8455.05,Cushion,night,8,20% discount,0
7239,19682.65,Phone Case|Jacket|Phone Case,evening,9,10% discount,0
7240,6810.21,Backpack,afternoon,3,Free Shipping,0
7241,6709.48,Phone Case|Cushion,evening,4,Free Shipping,1
7242,9232.17,Phone Case|Cushion,evening,3,Free Shipping,0
7243,3382.72,Coffee Mug,morning,8,Free Shipping,0
7244,5487.18,T-Shirt|Adidas Running Shoes,afternoon,1,5% discount,1
7245,10323.34,Nike Shoes|Cushion,morning,6,Free Shipping,0
7246,4133.53,Cushion,evening,4,Free Shipping,1
7247,16735.63,Puma Sneakers|Jeans,night,2,Free Shipping,0
7248,11686.44,Jacket|Jeans|Jacket,morning,5,10% discount,0
7249,6114.86,Wristband,morning,9,Free Shipping,0
7250,2521.13,Nike Shoes,afternoon,1,Free Shipping,0
7251,5567.3,Nike Shoes,evening,7,5% discount,0
7252,14306.4,Cushion|T-Shirt|Backpack,night,7,20% discount,1
7253,16720.54,T-Shirt|Puma Sneakers|Phone Case,morning,8,20% discount,1
7254,20549.1,Nike Shoes|Coffee Mug|Jeans,morning,4,20% discount,0
7255,8141.33,T-Shirt,night,6,10% discount,1
7256,2787.81,Phone Case,night,10,5% discount,0
7257,1625.41,Backpack,night,6,10% discount,0
7258,10361.84,Jeans|Jacket,afternoon,7,10% discount,1
7259,21108.45,Jacket|Phone Case|Coffee Mug,evening,4,20% discount,1
7260,8051.44,Puma Sneakers,morning,9,10% discount,0
7261,20001.01,Phone Case|Coffee Mug|T-Shirt,afternoon,10,20% discount,1
7262,10378.07,Nike Shoes|Backpack,evening,5,5% discount,0
7263,7439.67,Jeans,morning,2,Free Shipping,0
7264,1184.3,Coffee Mug,morning,7,20% discount,0
7265,25814.05,T-Shirt|Phone Case|Cushion,night,0,5% discount,1
7266,9797.54,Cushion,afternoon,5,10% discount,0
7267,14545.42,Jacket|Coffee Mug,evening,1,Free Shipping,0
7268,9418.54,Nike Shoes,evening,5,10% discount,0
7269,6771.87,Earbuds|Cushion,afternoon,8,5% discount,0
7270,4737.38,Jeans,afternoon,8,5% discount,0
7271,5902.23,Puma Sneakers,evening,1,Free Shipping,0
7272,4692.08,Jacket,night,2,5% discount,0
7273,9486.98,Adidas Running Shoes,night,4,Free Shipping,0
7274,3869.98,Nike Shoes,afternoon,4,10% discount,0
7275,5305.84,Jacket|Cushion,afternoon,8,5% discount,0
7276,7950.26,Earbuds,morning,3,5% discount,0
7277,2697.63,Puma Sneakers,night,2,5% discount,0
7278,3111.53,Nike Shoes,evening,3,5% discount,1
7279,6665.85,Earbuds,evening,7,20% discount,1
7280,3237.44,T-Shirt,evening,8,10% discount,0
7281,4724.15,Sports Cap,night,4,Free Shipping,1
7282,6351.6,Adidas Running Shoes,evening,3,20% discount,0
7283,8340.98,Coffee Mug,morning,1,5% discount,1
7284,5343.71,Jeans,morning,8,10% discount,1
7285,23301.16,T-Shirt|Cushion|Puma Sneakers,morning,9,10% discount,0
7286,3864.78,T-Shirt,evening,6,10% discount,1
7287,15081.94,T-Shirt|Jacket,evening,1,10% discount,0
7288,5873.88,Phone Case,morning,5,10% discount,1
7289,15665.5,Earbuds|Cushion,night,6,5% discount,0
7290,4279.38,Wristband,night,0,20% discount,0
7291,3276.04,Cushion,afternoon,3,20% discount,0
7292,12083.96,Puma Sneakers|Puma Sneakers,afternoon,2,10% discount,0
7293,17460.29,Nike Shoes|Jacket|Jeans,night,9,10% discount,0
7294,9879.04,T-Shirt,night,7,Free Shipping,0
7295,16622.37,Jacket|Backpack|Earbuds,evening,2,Free Shipping,1
7296,8344.43,Earbuds|Backpack,morning,2,20% discount,1
7297,7523.99,Cushion|Sports Cap,afternoon,0,10% discount,0
7298,9591.11,Cushion,evening,2,5% discount,0
7299,13879.58,Nike Shoes|Sports Cap,evening,8,10% discount,1
7300,6104.44,Wristband,night,7,20% discount,1
7301,17681.67,Cushion|Phone Case,night,1,Free Shipping,1
7302,9187.55,Adidas Running Shoes|Jeans,afternoon,9,Free Shipping,0
7303,2588.41,Nike Shoes,night,3,Free Shipping,0
7304,8193.65,Backpack,night,10,Free Shipping,0
7305,5162.96,Puma Sneakers,night,0,5% discount,0
7306,11103.58,Puma Sneakers|Cushion,evening,3,5% discount,1
7307,1165.45,Coffee Mug,evening,5,5% discount,0
7308,3738.19,Adidas Running Shoes,evening,9,10% discount,0
7309,9228.42,Earbuds|Adidas Running Shoes,afternoon,1,Free Shipping,0
7310,13358.59,Wristband|Coffee Mug,evening,7,10% discount,1
7311,7514.83,Earbuds,night,6,Free Shipping,1
7312,3354.9,Backpack,evening,5,5% discount,1
7313,8508.8,Jeans,morning,3,Free Shipping,0
7314,9735.44,Backpack,night,8,5% discount,0
7315,5279.87,Coffee Mug,morning,5,5% discount,0
7316,4497.58,Cushion,afternoon,2,5% discount,0
7317,8051.48,T-Shirt|Earbuds,afternoon,3,10% discount,0
7318,8748.03,Jeans,afternoon,10,10% discount,1
7319,8986.91,Puma Sneakers,afternoon,1,Free Shipping,0
7320,9465.9,Jeans,morning,2,10% discount,0
7321,5310.81,Cushion,night,3,10% discount,1
7322,5800.4,T-Shirt|Cushion,night,6,5% discount,0
7323,12781.63,Phone Case|Jacket,afternoon,3,5% discount,0
7324,6851.88,Wristband,morning,4,Free Shipping,0
7325,8675.91,Phone Case,morning,6,20% discount,1
7326,4089.23,Jeans,afternoon,8,10% discount,0
7327,4459.65,Wristband,evening,5,20% discount,1
7328,14746.25,Sports Cap|Earbuds|Coffee Mug,evening,0,Free Shipping,0
7329,5288.69,Sports Cap,morning,1,10% discount,0
7330,7126.85,Phone Case,evening,7,20% discount,1
7331,3710.78,Earbuds,morning,4,20% discount,0
7332,6826.68,Earbuds,afternoon,3,Free Shipping,0
7333,2228.53,Backpack,afternoon,7,20% discount,0
7334,8930.78,Coffee Mug,evening,0,20% discount,1
7335,12245.83,T-Shirt|Earbuds,evening,1,Free Shipping,1
7336,8858.79,Backpack,night,9,20% discount,0
7337,1073.59,Jacket,morning,8,Free Shipping,0
7338,11475.05,Phone Case|Cushion,morning,9,10% discount,1
7339,3721.53,Sports Cap,morning,5,20% discount,1
7340,4966.74,Cushion,night,10,10% discount,1
7341,4412.8,Sports Cap,evening,2,20% discount,0
7342,18677.59,Backpack|Cushion|Jeans,night,6,Free Shipping,0
7343,6427.68,Coffee Mug,afternoon,7,20% discount,0
7344,9140.36,T-Shirt|Wristband,morning,3,5% discount,1
7345,9228.26,Earbuds,night,2,10% discount,0
7346,10849.51,Nike Shoes|Earbuds,evening,2,Free Shipping,0
7347,11404.74,Jacket|Phone Case,afternoon,10,5% discount,1
7348,7304.22,Cushion,afternoon,6,20% discount,0
7349,8946.91,Nike Shoes,night,2,10% discount,0
7350,1835.55,Jeans,morning,6,Free Shipping,0
7351,3543.04,Phone Case,evening,5,20% discount,1
7352,5091.51,Sports Cap,evening,3,5% discount,0
7353,8801.68,Cushion,night,0,20% discount,0
7354,4000.34,Jeans,morning,8,5% discount,0
7355,8575.06,Wristband|Wristband,afternoon,7,10% discount,1
7356,4143.1,Jeans,night,6,10% discount,0
7357,6938.52,T-Shirt,night,7,5% discount,1
7358,9749.03,Adidas Running Shoes,afternoon,2,10% discount,1
7359,21688.86,Jacket|Cushion|Jacket,afternoon,5,10% discount,0
7360,1232.24,Sports Cap,evening,1,10% discount,0
7361,5981.8,Cushion|Phone Case,afternoon,6,Free Shipping,0
7362,9285.45,Nike Shoes,afternoon,7,10% discount,1
7363,12315.26,Jacket|Backpack|T-Shirt,afternoon,6,Free Shipping,1
7364,6242.95,Sports Cap,evening,7,5% discount,0
7365,7306.93,Jeans,evening,3,20% discount,0
7366,7064.21,Backpack,morning,0,20% discount,1
7367,7334.58,Cushion,night,2,10% discount,0
7368,5879.17,T-Shirt|Coffee Mug,afternoon,9,Free Shipping,0
7369,7125.19,Puma Sneakers|Sports Cap,afternoon,6,Free Shipping,0
7370,3939.35,Adidas Running Shoes|Cushion,evening,8,10% discount,0
7371,3116.68,Puma Sneakers,afternoon,9,Free Shipping,0
7372,9437.14,Phone Case,afternoon,4,10% discount,1
7373,6839.86,Sports Cap|Backpack|Phone Case,night,0,Free Shipping,0
7374,5988.19,Adidas Running Shoes,night,5,20% discount,0
7375,9528.23,Adidas Running Shoes,night,6,Free Shipping,1
7376,2696.71,Cushion,night,8,5% discount,1
7377,10149.13,Coffee Mug|Nike Shoes,morning,4,20% discount,0
7378,11752.61,Jeans|Sports Cap|Jacket,afternoon,8,20% discount,0
7379,10602.29,Earbuds|Earbuds,night,4,Free Shipping,1
7380,14171.63,T-Shirt|Wristband,night,7,Free Shipping,0
7381,12153.36,Jeans|Cushion,evening,0,5% discount,0
7382,6110.04,Phone Case,afternoon,8,10% discount,0
7383,7424.4,Adidas Running Shoes|Earbuds,evening,5,10% discount,0
7384,3029.46,Phone Case,afternoon,1,Free Shipping,0
7385,8163.43,Sports Cap,night,5,Free Shipping,0
7386,5502.12,T-Shirt|Puma Sneakers,night,1,5% discount,1
7387,9134.24,Phone Case,night,8,5% discount,0
7388,5520.86,Sports Cap,afternoon,9,Free Shipping,0
7389,15644.07,Adidas Running Shoes|Backpack,night,7,Free Shipping,0
7390,9637.5,Cushion|Coffee Mug,morning,0,5% discount,1
7391,6832.69,Adidas Running Shoes,night,6,10% discount,0
7392,12374.19,Puma Sneakers|Puma Sneakers|Phone Case,morning,4,10% discount,1
7393,12772.31,Nike Shoes|Backpack,morning,10,20% discount,0
7394,12163.39,Phone Case|Jacket,morning,1,Free Shipping,1
7395,7267.88,Adidas Running Shoes,afternoon,10,10% discount,0
7396,2859.78,Earbuds,afternoon,6,20% discount,0
7397,2304.7,Jacket,morning,10,10% discount,1
7398,9090.28,Cushion|Jeans,afternoon,7,Free Shipping,1
7399,6691.75,Phone Case,evening,6,20% discount,1
7400,10016.45,Backpack|Puma Sneakers|Puma Sneakers,afternoon,4,10% discount,0
7401,6060.34,Sports Cap|Cushion,afternoon,9,Free Shipping,0
7402,9208.09,Jacket,evening,10,20% discount,1
7403,2220.95,Adidas Running Shoes,night,10,Free Shipping,0
7404,3825.64,Sports Cap,evening,7,5% discount,0
7405,11398.84,Adidas Running Shoes|Adidas Running Shoes,night,1,10% discount,0
7406,9281.69,Earbuds|Cushion,night,2,20% discount,1
7407,11838.35,Jacket|Cushion,night,8,5% discount,0
7408,6447.26,Cushion,evening,1,Free Shipping,0
7409,9476.54,Coffee Mug,evening,3,10% discount,0
7410,7149.16,Cushion,night,10,10% discount,1
7411,6690.74,Puma Sneakers,evening,0,20% discount,0
7412,10781.39,Cushion|Wristband,night,0,5% discount,0
7413,13431.45,Phone Case|T-Shirt,evening,3,Free Shipping,0
7414,8418.99,Jeans,night,5,Free Shipping,0
7415,6042.5,Earbuds|Backpack,morning,2,Free Shipping,0
7416,8790.45,Adidas Running Shoes,afternoon,10,5% discount,0
7417,10550.87,Cushion|Coffee Mug,night,6,Free Shipping,0
7418,8650.42,Backpack|Adidas Running Shoes,evening,7,5% discount,0
7419,7828.33,Puma Sneakers,afternoon,6,10% discount,0
7420,5475.15,Earbuds|Coffee Mug,night,2,Free Shipping,0
7421,6123.34,Sports Cap,morning,8,20% discount,1
7422,4237.28,Phone Case,night,4,5% discount,0
7423,7511.65,Adidas Running Shoes,evening,0,10% discount,0
7424,6970.31,Jacket,morning,6,10% discount,1
7425,4544.36,Phone Case,morning,2,Free Shipping,0
7426,9188.19,Earbuds,morning,2,5% discount,0
7427,4969.48,Coffee Mug,morning,7,10% discount,1
7428,6361.38,Cushion,morning,7,20% discount,1
7429,9282.03,Adidas Running Shoes,morning,1,5% discount,1
7430,3822.16,Earbuds,evening,0,10% discount,1
7431,5580.34,Coffee Mug,night,4,20% discount,1
7432,18234.52,Jeans|Coffee Mug,night,9,Free Shipping,1
7433,2259.34,T-Shirt,night,0,5% discount,0
7434,24058.24,Jacket|Adidas Running Shoes|Earbuds,evening,6,5% discount,1
7435,7437.13,Wristband,afternoon,6,10% discount,0
7436,15145.54,Cushion|Coffee Mug|Jeans,afternoon,9,Free Shipping,0
7437,17284.22,Cushion|Phone Case,night,9,20% discount,1
7438,21025.21,Wristband|Sports Cap|T-Shirt,night,4,5% discount,0
7439,12543.26,Jeans|Earbuds|Nike Shoes,afternoon,9,Free Shipping,0
7440,22684.52,Wristband|Jacket|Earbuds,afternoon,1,5% discount,1
7441,8815.55,Earbuds,morning,1,Free Shipping,1
7442,11978.0,Adidas Running Shoes|Phone Case,evening,6,Free Shipping,0
7443,3499.87,Adidas Running Shoes,night,7,10% discount,0
7444,7593.37,Cushion,afternoon,4,5% discount,0
7445,16268.22,Jeans|Adidas Running Shoes,night,7,Free Shipping,0
7446,14475.94,Wristband|Phone Case|Phone Case,evening,9,5% discount,1
7447,2539.56,Phone Case,afternoon,0,10% discount,1
7448,8940.14,Phone Case,night,0,10% discount,0
7449,1846.65,Jeans,afternoon,7,20% discount,0
7450,9538.04,Phone Case|Coffee Mug,night,9,10% discount,0
7451,7538.87,Nike Shoes,evening,6,Free Shipping,0
7452,19568.7,Earbuds|Jacket|Backpack,morning,9,Free Shipping,1
7453,7639.21,Jacket|Coffee Mug,morning,10,Free Shipping,0
7454,5635.93,Puma Sneakers,afternoon,6,10% discount,0
7455,11297.47,Phone Case|Jeans,morning,4,Free Shipping,0
7456,9263.71,Earbuds,afternoon,9,10% discount,0
7457,3663.58,Puma Sneakers,evening,10,20% discount,0
7458,1440.94,Cushion,afternoon,8,10% discount,0
7459,10878.26,Backpack|Coffee Mug,evening,10,Free Shipping,0
7460,9740.55,Adidas Running Shoes,afternoon,9,20% discount,1
7461,19145.87,Backpack|Phone Case|Phone Case,evening,4,20% discount,1
7462,14337.57,Jacket|Adidas Running Shoes,night,9,10% discount,1
7463,5486.39,Wristband|Coffee Mug,morning,3,Free Shipping,0
7464,5237.89,Cushion|Backpack,night,0,10% discount,1
7465,3264.46,Adidas Running Shoes,night,0,5% discount,0
7466,5525.38,Sports Cap,evening,9,Free Shipping,0
7467,5873.7,Coffee Mug,evening,9,Free Shipping,0
7468,1997.91,Coffee Mug,evening,8,10% discount,0
7469,8845.43,Earbuds,night,7,Free Shipping,0
7470,13673.53,Adidas Running Shoes|Sports Cap,evening,7,5% discount,1
7471,3399.67,Puma Sneakers,afternoon,6,Free Shipping,1
7472,7240.66,Adidas Running Shoes,morning,4,10% discount,1
7473,7375.63,Earbuds|Backpack,morning,7,10% discount,0
7474,6929.07,Backpack,night,2,20% discount,1
7475,3660.46,T-Shirt,night,5,10% discount,1
7476,7282.23,Phone Case|Jacket,evening,0,Free Shipping,0
7477,2332.46,Phone Case,afternoon,4,Free Shipping,0
7478,3155.57,Coffee Mug,evening,10,5% discount,0
7479,15993.18,Coffee Mug|Earbuds,morning,0,5% discount,1
7480,10639.0,Coffee Mug|Nike Shoes,morning,5,5% discount,0
7481,10680.2,Jacket|Jeans|Nike Shoes,evening,0,10% discount,1
7482,20515.13,T-Shirt|Adidas Running Shoes|Jeans,night,5,Free Shipping,1
7483,12099.14,T-Shirt|Jacket,afternoon,1,Free Shipping,0
7484,12014.69,Adidas Running Shoes|Jacket,night,5,Free Shipping,0
7485,14185.04,Jeans|Earbuds,evening,8,10% discount,0
7486,3686.94,Adidas Running Shoes,night,7,10% discount,1
7487,16970.13,T-Shirt|Jacket|Coffee Mug,evening,0,Free Shipping,1
7488,6152.75,Coffee Mug,evening,1,20% discount,1
7489,6642.01,Coffee Mug,night,0,5% discount,0
7490,16452.63,Cushion|Backpack,afternoon,9,20% discount,1
7491,15182.6,Nike Shoes|Nike Shoes,night,5,10% discount,0
7492,1771.34,Coffee Mug,evening,5,20% discount,0
7493,8034.6,Wristband,evening,0,Free Shipping,1
7494,10358.54,Coffee Mug|Nike Shoes|T-Shirt,night,3,5% discount,0
7495,12100.07,Sports Cap|Sports Cap,night,4,10% discount,0
7496,2205.55,Phone Case,morning,3,20% discount,1
7497,10729.12,Wristband|Jeans,morning,2,10% discount,1
7498,4251.2,Cushion,evening,0,5% discount,1
7499,1793.98,Earbuds,night,1,5% discount,1
7500,6210.89,Puma Sneakers,evening,4,20% discount,1
7501,6375.57,Nike Shoes|T-Shirt,afternoon,8,Free Shipping,1
7502,5876.08,Earbuds,night,7,5% discount,0
7503,3745.4,Wristband,night,6,Free Shipping,0
7504,11841.83,Puma Sneakers|Puma Sneakers,night,8,20% discount,0
7505,8200.28,Adidas Running Shoes,night,9,Free Shipping,1
7506,8728.04,Jacket|Cushion,night,2,Free Shipping,0
7507,12986.1,Nike Shoes|Sports Cap,afternoon,6,10% discount,0
7508,10073.83,Phone Case|Cushion,morning,2,Free Shipping,0
7509,4597.31,Earbuds,night,4,Free Shipping,0
7510,13397.01,Earbuds|Earbuds,afternoon,5,10% discount,1
7511,8003.79,Nike Shoes,afternoon,4,10% discount,0
7512,17028.17,T-Shirt|Phone Case,night,4,5% discount,0
7513,18019.64,Jacket|Wristband,night,9,Free Shipping,0
7514,1867.73,Coffee Mug,morning,0,Free Shipping,0
7515,6650.85,Wristband,afternoon,2,20% discount,0
7516,4396.02,Nike Shoes,evening,0,5% discount,1
7517,5962.52,Jeans,evening,0,Free Shipping,0
7518,15592.81,Adidas Running Shoes|Earbuds|Puma Sneakers,night,9,Free Shipping,0
7519,8996.27,Cushion,evening,10,5% discount,1
7520,17423.12,Nike Shoes|Cushion|Jacket,evening,10,Free Shipping,0
7521,6203.66,Cushion,night,4,Free Shipping,0
7522,1981.22,Nike Shoes,night,7,10% discount,0
7523,4573.24,Cushion,night,7,10% discount,0
7524,7221.46,Coffee Mug,night,5,20% discount,1
7525,7044.7,Jeans,morning,7,10% discount,1
7526,6438.34,Puma Sneakers,morning,4,5% discount,0
7527,8555.12,Coffee Mug,evening,7,20% discount,0
7528,12838.41,Puma Sneakers|Puma Sneakers,morning,2,Free Shipping,1
7529,5676.11,Nike Shoes,evening,1,20% discount,1
7530,7493.12,Backpack|Phone Case|T-Shirt,evening,9,10% discount,1
7531,4646.01,Puma Sneakers,morning,0,10% discount,0
7532,3620.91,Earbuds,afternoon,10,Free Shipping,0
7533,6244.81,Jeans,afternoon,1,20% discount,0
7534,11620.53,Sports Cap|Sports Cap,afternoon,8,Free Shipping,1
7535,7073.84,Wristband|Sports Cap,night,7,Free Shipping,0
7536,6923.68,Coffee Mug,morning,2,10% discount,0
7537,8015.44,Wristband|Phone Case,afternoon,2,20% discount,0
7538,1505.25,Cushion,night,0,5% discount,0
7539,9209.62,Nike Shoes|Jacket,morning,10,10% discount,1
7540,6448.93,Jeans,evening,9,Free Shipping,0
7541,3114.24,Sports Cap,afternoon,10,5% discount,0
7542,15718.48,Cushion|Puma Sneakers|Coffee Mug,afternoon,8,10% discount,1
7543,3735.49,Coffee Mug,afternoon,9,10% discount,0
7544,8846.35,Puma Sneakers,morning,7,10% discount,1
7545,2489.0,Nike Shoes,morning,10,Free Shipping,0
7546,14680.18,Earbuds|Sports Cap,afternoon,7,Free Shipping,0
7547,8645.75,Nike Shoes|Jeans|Nike Shoes,evening,5,20% discount,1
7548,16338.73,Sports Cap|Backpack,night,10,10% discount,0
7549,13279.04,Adidas Running Shoes|Puma Sneakers,morning,10,Free Shipping,0
7550,8367.6,Backpack,night,0,5% discount,0
7551,14197.75,Wristband|Cushion|Earbuds,morning,8,10% discount,0
7552,7719.63,Nike Shoes,evening,5,Free Shipping,0
7553,10362.67,Backpack|Wristband,morning,7,Free Shipping,0
7554,8094.23,Adidas Running Shoes,night,10,Free Shipping,1
7555,8474.49,Nike Shoes|Nike Shoes,evening,5,Free Shipping,0
7556,14473.48,Earbuds|Puma Sneakers|Earbuds,morning,2,20% discount,1
7557,6723.86,Cushion,afternoon,8,20% discount,0
7558,8543.37,Puma Sneakers|Nike Shoes,night,8,10% discount,0
7559,6697.67,Coffee Mug,night,8,10% discount,1
7560,12324.9,Phone Case|Jeans,evening,10,5% discount,0
7561,11018.5,Jacket|Jacket|Earbuds,morning,4,20% discount,1
7562,9282.17,Coffee Mug,morning,7,Free Shipping,0
7563,7137.44,Nike Shoes,morning,9,20% discount,1
7564,4454.47,Adidas Running Shoes|Backpack,night,7,5% discount,0
7565,3834.88,Coffee Mug|Backpack,evening,3,10% discount,1
7566,7049.0,T-Shirt,morning,10,10% discount,1
7567,11934.95,Coffee Mug|Cushion|Cushion,afternoon,4,20% discount,0
7568,13943.03,Cushion|Puma Sneakers,night,3,10% discount,1
7569,3053.13,Jeans,night,3,Free Shipping,0
7570,6585.95,Adidas Running Shoes,evening,7,5% discount,1
7571,8545.43,Jeans,morning,1,20% discount,1
7572,11218.81,Phone Case|Cushion,evening,3,10% discount,0
7573,8023.62,Phone Case|Jeans,evening,3,20% discount,1
7574,22061.17,T-Shirt|Sports Cap|Phone Case,night,1,10% discount,1
7575,18174.23,T-Shirt|Phone Case|Sports Cap,night,1,5% discount,0
7576,4477.32,T-Shirt,morning,3,Free Shipping,0
7577,7282.48,Backpack,morning,10,Free Shipping,0
7578,1922.06,Cushion,evening,1,Free Shipping,0
7579,23046.32,Wristband|Backpack|Puma Sneakers,afternoon,4,Free Shipping,0
7580,2937.68,Backpack,morning,5,10% discount,1
7581,9055.61,Jeans|Nike Shoes,morning,0,5% discount,0
7582,2729.43,Earbuds,night,1,20% discount,1
7583,19033.15,Nike Shoes|T-Shirt,afternoon,10,5% discount,0
7584,6682.22,Jacket,evening,10,5% discount,1
7585,7478.49,Puma Sneakers,afternoon,4,Free Shipping,0
7586,3841.87,Cushion,morning,3,20% discount,1
7587,4873.14,Earbuds,morning,1,20% discount,0
7588,1756.99,Earbuds,morning,1,10% discount,0
7589,6861.33,Adidas Running Shoes|T-Shirt,morning,1,Free Shipping,0
7590,7079.38,Earbuds,night,7,Free Shipping,0
7591,12350.86,Earbuds|Jacket,night,5,10% discount,1
7592,9316.46,Backpack,evening,3,Free Shipping,0
7593,3941.5,T-Shirt,night,9,10% discount,0
7594,7891.41,Cushion,afternoon,1,10% discount,1
7595,10614.79,Phone Case|Wristband,afternoon,1,5% discount,0
7596,18061.91,Earbuds|Nike Shoes|Wristband,evening,8,Free Shipping,1
7597,6076.65,Cushion|Nike Shoes,morning,9,5% discount,0
7598,4426.03,Cushion,night,3,10% discount,0
7599,9185.75,Coffee Mug,afternoon,5,Free Shipping,1
7600,14413.34,Coffee Mug|Wristband,night,9,Free Shipping,1
7601,14964.14,Phone Case|Backpack,night,2,Free Shipping,1
7602,7492.95,T-Shirt,morning,3,20% discount,1
7603,3739.3,Cushion,evening,8,Free Shipping,0
7604,3306.16,Earbuds,morning,5,5% discount,0
7605,11508.89,Backpack|Cushion|Earbuds,evening,0,Free Shipping,1
7606,8147.32,Phone Case|Adidas Running Shoes,night,6,5% discount,0
7607,5994.51,Earbuds,afternoon,10,Free Shipping,1
7608,6040.63,Backpack,night,1,5% discount,0
7609,7344.01,Phone Case,afternoon,2,10% discount,1
7610,1364.4,Jacket,night,3,Free Shipping,0
7611,6917.07,Jeans,afternoon,5,20% discount,1
7612,5054.05,Phone Case|Jacket,night,1,10% discount,1
7613,10961.76,Cushion|Jeans,afternoon,1,10% discount,0
7614,6494.8,Jacket,night,6,10% discount,0
7615,2792.28,Cushion,evening,9,10% discount,1
7616,6287.75,Wristband,morning,1,5% discount,0
7617,14736.43,Backpack|Cushion,morning,5,20% discount,0
7618,10719.44,Earbuds|Coffee Mug,evening,3,10% discount,0
7619,4465.36,Nike Shoes,afternoon,3,5% discount,1
7620,3514.41,Phone Case|Cushion,evening,0,10% discount,0
7621,5336.53,Wristband,afternoon,2,10% discount,0
7622,20732.82,Phone Case|Phone Case|Phone Case,afternoon,2,10% discount,1
7623,6080.77,Cushion,night,10,5% discount,0
7624,15732.09,T-Shirt|Phone Case|Jacket,evening,4,10% discount,1
7625,1035.79,Sports Cap,morning,10,5% discount,0
7626,9828.22,T-Shirt|Nike Shoes|Jeans,morning,0,10% discount,1
7627,17111.55,Sports Cap|Sports Cap,night,8,5% discount,0
7628,7394.67,Cushion,evening,3,10% discount,1
7629,8023.62,Nike Shoes|Wristband,evening,0,10% discount,1
7630,1146.52,Coffee Mug,night,0,Free Shipping,0
7631,3854.73,Sports Cap,afternoon,10,20% discount,1
7632,5801.37,Wristband,morning,4,20% discount,0
7633,4786.81,Phone Case,afternoon,2,20% discount,0
7634,2411.55,Sports Cap,afternoon,4,10% discount,1
7635,10477.97,Nike Shoes|Coffee Mug,evening,6,20% discount,0
7636,10212.09,Adidas Running Shoes|T-Shirt,night,5,10% discount,1
7637,1853.61,Earbuds,evening,6,Free Shipping,1
7638,7257.92,Phone Case,evening,4,20% discount,1
7639,4213.43,T-Shirt,night,7,10% discount,0
7640,8576.26,Wristband,evening,7,10% discount,1
7641,2360.22,Jacket,night,10,10% discount,0
7642,16001.81,Nike Shoes|Puma Sneakers|Jacket,afternoon,0,10% discount,1
7643,13466.69,Coffee Mug|Puma Sneakers,morning,5,20% discount,0
7644,3405.27,Sports Cap,afternoon,0,10% discount,1
7645,6994.42,T-Shirt,evening,5,5% discount,0
7646,1138.85,T-Shirt,morning,2,Free Shipping,0
7647,8145.26,Wristband,night,5,20% discount,1
7648,7262.62,Phone Case,afternoon,7,Free Shipping,1
7649,4565.2,Wristband,evening,3,5% discount,0
7650,8915.22,Sports Cap,afternoon,6,20% discount,1
7651,12903.84,T-Shirt|Puma Sneakers|Backpack,evening,3,20% discount,1
7652,12429.08,Wristband|Jacket,afternoon,7,10% discount,0
7653,14255.08,Nike Shoes|Puma Sneakers|Backpack,morning,0,Free Shipping,1
7654,11576.35,Cushion|Puma Sneakers,afternoon,2,20% discount,1
7655,5886.48,Earbuds|Sports Cap,evening,4,10% discount,0
7656,13647.83,Nike Shoes|Nike Shoes|Nike Shoes,morning,5,5% discount,0
7657,14845.08,Jacket|Earbuds,night,7,10% discount,1
7658,4699.84,Puma Sneakers|Jacket,evening,3,Free Shipping,0
7659,2086.27,Wristband,afternoon,9,5% discount,0
7660,4564.07,Phone Case,night,2,Free Shipping,0
7661,8706.7,Wristband,afternoon,9,Free Shipping,0
7662,17594.75,Puma Sneakers|Sports Cap|Nike Shoes,evening,4,Free Shipping,0
7663,9116.72,Phone Case,night,1,10% discount,1
7664,16521.81,Cushion|Cushion,afternoon,3,20% discount,0
7665,1380.38,Wristband,morning,7,10% discount,1
7666,4198.65,Phone Case,night,10,Free Shipping,0
7667,8490.28,Jacket|T-Shirt,afternoon,5,5% discount,0
7668,9146.91,Puma Sneakers,afternoon,3,Free Shipping,0
7669,15793.16,T-Shirt|Sports Cap|Coffee Mug,afternoon,0,20% discount,1
7670,9228.95,Jeans,afternoon,6,Free Shipping,0
7671,7553.47,Earbuds|Nike Shoes,evening,10,10% discount,1
7672,2181.99,Sports Cap,afternoon,6,10% discount,1
7673,8034.24,T-Shirt,afternoon,3,5% discount,1
7674,10348.14,Coffee Mug|Sports Cap,evening,3,Free Shipping,0
7675,6869.01,Jacket|Jacket,morning,9,5% discount,0
7676,12852.67,Puma Sneakers|Adidas Running Shoes,morning,2,Free Shipping,0
7677,12257.18,T-Shirt|Jacket|Sports Cap,afternoon,1,5% discount,1
7678,9290.1,Earbuds,morning,9,10% discount,0
7679,8603.1,Jacket,evening,0,10% discount,0
7680,5463.51,Earbuds,night,0,Free Shipping,0
7681,4892.14,Jeans,morning,3,10% discount,1
7682,14931.62,Jeans|Phone Case,afternoon,9,5% discount,1
7683,16388.68,T-Shirt|Puma Sneakers|Nike Shoes,night,6,10% discount,1
7684,5185.76,Jacket,night,5,5% discount,0
7685,8832.34,Cushion,night,7,5% discount,0
7686,10415.7,Cushion|Jeans|Backpack,evening,6,10% discount,0
7687,4696.53,Jacket,afternoon,8,Free Shipping,0
7688,3799.89,Coffee Mug,evening,8,Free Shipping,1
7689,2243.37,Backpack,morning,4,10% discount,1
7690,6059.44,Puma Sneakers,morning,8,Free Shipping,1
7691,12829.06,Wristband|Backpack,morning,1,Free Shipping,0
7692,9197.75,Nike Shoes|Adidas Running Shoes,night,8,20% discount,1
7693,6738.95,Cushion,night,5,20% discount,0
7694,7230.82,Cushion|Coffee Mug,evening,3,10% discount,1
7695,2510.5,Phone Case,evening,0,Free Shipping,0
7696,16502.98,Jacket|Puma Sneakers,night,2,10% discount,0
7697,7567.87,Cushion|Jacket,evening,1,Free Shipping,0
7698,1511.05,T-Shirt,morning,2,5% discount,1
7699,8197.77,Coffee Mug,evening,7,10% discount,0
7700,11070.4,Sports Cap|Sports Cap,afternoon,8,10% discount,0
7701,6024.23,Backpack,afternoon,4,20% discount,0
7702,24982.05,Wristband|Jeans|Jacket,afternoon,6,Free Shipping,0
7703,15083.75,Earbuds|Nike Shoes,morning,6,10% discount,1
7704,4139.89,Cushion,morning,7,5% discount,0
7705,7343.5,Adidas Running Shoes,night,7,Free Shipping,0
7706,14544.17,Sports Cap|T-Shirt|Phone Case,night,3,10% discount,1
7707,18104.47,Adidas Running Shoes|Backpack|Earbuds,afternoon,8,10% discount,0
7708,20387.95,Jeans|Sports Cap|Wristband,morning,4,10% discount,0
7709,9814.79,Coffee Mug|Phone Case,afternoon,3,Free Shipping,1
7710,6758.64,Cushion,night,9,Free Shipping,0
7711,3309.73,Cushion,afternoon,9,Free Shipping,0
7712,5807.99,Adidas Running Shoes|Phone Case,afternoon,1,Free Shipping,0
7713,4822.41,Jacket,afternoon,9,5% discount,1
7714,18311.19,Wristband|Sports Cap,evening,10,10% discount,1
7715,7753.28,Earbuds,evening,1,10% discount,1
7716,9415.67,Jeans,afternoon,0,10% discount,1
7717,13693.74,T-Shirt|Coffee Mug,night,6,10% discount,0
7718,1108.33,Jeans,morning,9,Free Shipping,0
7719,9130.66,Coffee Mug,afternoon,9,Free Shipping,0
7720,9822.87,T-Shirt|Jeans,afternoon,1,10% discount,1
7721,13342.52,Coffee Mug|Wristband|Earbuds,afternoon,1,20% discount,0
7722,10329.18,Sports Cap|Jacket,morning,3,5% discount,1
7723,5179.81,Backpack,night,1,Free Shipping,0
7724,15556.7,Jacket|Puma Sneakers|Earbuds,afternoon,8,10% discount,0
7725,8203.21,T-Shirt,evening,2,5% discount,1
7726,8332.11,Earbuds|Earbuds,morning,7,Free Shipping,0
7727,8123.88,Backpack,evening,8,20% discount,1
7728,1239.56,Adidas Running Shoes,afternoon,3,20% discount,0
7729,3412.76,Cushion,evening,0,Free Shipping,0
7730,4887.26,Backpack,evening,3,10% discount,0
7731,19210.44,Nike Shoes|Cushion|Wristband,morning,10,Free Shipping,1
7732,18726.39,Nike Shoes|Earbuds,afternoon,4,Free Shipping,1
7733,6898.09,Puma Sneakers,afternoon,8,10% discount,1
7734,5762.86,Jeans,morning,1,5% discount,0
7735,5860.83,Sports Cap,morning,3,Free Shipping,0
7736,3678.83,Backpack,night,2,5% discount,0
7737,6882.16,Wristband,morning,7,10% discount,1
7738,7651.29,T-Shirt|Coffee Mug,night,0,Free Shipping,0
7739,9729.47,Coffee Mug|Wristband,morning,6,20% discount,1
7740,4863.94,Adidas Running Shoes,night,2,5% discount,0
7741,15065.24,Earbuds|Jacket,night,0,Free Shipping,0
7742,11859.35,Earbuds|T-Shirt,evening,6,Free Shipping,0
7743,9943.26,Coffee Mug,afternoon,2,10% discount,0
7744,8364.44,Jacket,night,8,10% discount,1
7745,2402.26,T-Shirt,evening,2,Free Shipping,0
7746,1076.2,Earbuds,morning,5,Free Shipping,0
7747,9886.6,Adidas Running Shoes,morning,6,Free Shipping,0
7748,16187.46,Cushion|Nike Shoes,evening,7,Free Shipping,0
7749,2418.15,Sports Cap,morning,6,5% discount,0
7750,9473.01,Jeans|Jeans,afternoon,1,20% discount,0
7751,6267.97,Nike Shoes|Coffee Mug|T-Shirt,morning,5,5% discount,0
7752,13248.96,Phone Case|Phone Case,evening,7,5% discount,0
7753,9977.6,Wristband|Backpack,night,1,20% discount,0
7754,2605.66,Wristband,night,6,10% discount,0
7755,11805.97,Nike Shoes|Coffee Mug,night,5,Free Shipping,0
7756,7930.82,Backpack|T-Shirt,morning,3,Free Shipping,0
7757,9247.69,Earbuds,afternoon,2,20% discount,0
7758,16107.47,Backpack|Sports Cap,morning,0,5% discount,0
7759,9179.43,T-Shirt,afternoon,3,20% discount,1
7760,1300.29,Cushion,morning,10,10% discount,0
7761,5042.37,Wristband,evening,0,10% discount,1
7762,10123.87,Sports Cap|Adidas Running Shoes,evening,3,10% discount,1
7763,11534.33,Puma Sneakers|Jacket,morning,7,20% discount,1
7764,9866.38,Wristband,night,0,10% discount,0
7765,3809.69,Sports Cap,afternoon,6,5% discount,0
7766,2635.07,Phone Case,morning,10,5% discount,0
7767,1812.66,Sports Cap,afternoon,8,10% discount,0
7768,5315.72,Sports Cap,night,6,Free Shipping,0
7769,6130.81,Coffee Mug,afternoon,9,Free Shipping,1
7770,17133.41,Nike Shoes|Jeans,evening,1,Free Shipping,1
7771,9365.5,Earbuds|Jeans,afternoon,8,10% discount,1
7772,8324.77,Nike Shoes,morning,1,5% discount,0
7773,2859.21,Nike Shoes,morning,4,Free Shipping,1
7774,7668.64,Adidas Running Shoes,evening,5,10% discount,0
7775,8041.89,Phone Case,night,10,Free Shipping,0
7776,3374.88,Coffee Mug,morning,4,Free Shipping,0
7777,6839.24,Sports Cap|Backpack,night,1,20% discount,1
7778,14427.44,Nike Shoes|Earbuds,morning,7,5% discount,0
7779,3001.08,Sports Cap,night,6,10% discount,0
7780,4753.13,Coffee Mug,night,10,Free Shipping,0
7781,3798.07,Cushion,morning,4,Free Shipping,0
7782,1425.92,Puma Sneakers,night,0,5% discount,0
7783,6023.03,Earbuds,afternoon,4,Free Shipping,0
7784,14682.55,Cushion|Adidas Running Shoes|Cushion,afternoon,2,20% discount,1
7785,6390.2,T-Shirt,evening,6,10% discount,0
7786,5853.67,Earbuds|Jeans,evening,4,20% discount,0
7787,15409.89,Backpack|Earbuds,evening,8,Free Shipping,1
7788,1820.7,Earbuds,evening,1,20% discount,0
7789,4405.27,Puma Sneakers,morning,7,5% discount,1
7790,1334.74,Jacket,morning,1,Free Shipping,0
7791,9312.53,Adidas Running Shoes,afternoon,5,5% discount,1
7792,10062.28,Adidas Running Shoes|Sports Cap,morning,0,10% discount,1
7793,1334.79,Earbuds,morning,6,5% discount,0
7794,6193.81,Cushion,afternoon,0,5% discount,0
7795,12391.58,Wristband|Jeans,morning,10,20% discount,0
7796,7195.03,Jacket,morning,8,10% discount,0
7797,9267.87,Coffee Mug|Backpack,evening,10,Free Shipping,0
7798,2484.11,Earbuds,evening,0,20% discount,1
7799,9720.67,Wristband,morning,7,10% discount,1
7800,2181.46,Coffee Mug,morning,0,Free Shipping,0
7801,5932.55,Adidas Running Shoes,evening,3,5% discount,1
7802,9682.45,Earbuds,morning,1,Free Shipping,1
7803,5347.23,Adidas Running Shoes|Adidas Running Shoes,afternoon,10,20% discount,0
7804,5638.54,Backpack,afternoon,3,10% discount,0
7805,4488.13,Coffee Mug,evening,5,10% discount,1
7806,8306.97,Cushion,evening,7,20% discount,0
7807,7206.75,Phone Case,night,6,Free Shipping,0
7808,8592.54,T-Shirt,afternoon,10,20% discount,1
7809,6489.93,Adidas Running Shoes,afternoon,5,Free Shipping,0
7810,5968.15,Earbuds,evening,6,5% discount,0
7811,2252.69,Puma Sneakers,afternoon,3,Free Shipping,0
7812,8297.92,Jeans|Sports Cap,afternoon,9,5% discount,0
7813,6137.49,Adidas Running Shoes,morning,6,20% discount,1
7814,2025.32,Puma Sneakers,afternoon,1,Free Shipping,1
7815,5888.91,Wristband,night,4,5% discount,0
7816,6238.93,Adidas Running Shoes|Cushion,afternoon,8,20% discount,1
7817,6710.97,Earbuds,evening,5,10% discount,1
7818,6629.63,Jeans,morning,4,Free Shipping,0
7819,13616.61,Coffee Mug|T-Shirt,morning,9,10% discount,0
7820,3923.77,Backpack,night,4,5% discount,0
7821,4790.64,Cushion,afternoon,7,20% discount,1
7822,9165.78,T-Shirt,morning,10,10% discount,0
7823,11171.4,Earbuds|Cushion,morning,4,20% discount,1
7824,9164.15,Earbuds,afternoon,9,Free Shipping,0
7825,8548.38,Jacket,morning,4,Free Shipping,0
7826,4974.18,Adidas Running Shoes,morning,10,10% discount,0
7827,4452.07,Nike Shoes,afternoon,0,5% discount,0
7828,19491.74,Sports Cap|Nike Shoes|Puma Sneakers,morning,1,5% discount,0
7829,4885.26,Jeans|Puma Sneakers,night,6,5% discount,0
7830,18334.91,Cushion|Phone Case,evening,7,5% discount,0
7831,8688.47,Sports Cap,evening,0,Free Shipping,0
7832,1131.52,Earbuds,night,7,Free Shipping,0
7833,2907.46,Sports Cap,evening,7,10% discount,0
7834,5900.7,Adidas Running Shoes,night,6,5% discount,0
7835,3875.43,Nike Shoes,night,8,5% discount,1
7836,8131.82,Wristband,night,3,20% discount,1
7837,6737.39,Jeans,morning,10,5% discount,0
7838,10604.46,Jacket|Puma Sneakers,afternoon,1,10% discount,0
7839,4935.72,Coffee Mug,evening,7,10% discount,0
7840,5970.77,Jacket,afternoon,1,Free Shipping,1
7841,8403.22,Cushion|Cushion,night,8,Free Shipping,1
7842,8249.47,Earbuds|Jeans,afternoon,3,Free Shipping,0
7843,9389.58,Coffee Mug,night,6,5% discount,0
7844,21475.36,Puma Sneakers|Nike Shoes|Coffee Mug,evening,6,Free Shipping,1
7845,7422.51,T-Shirt,afternoon,6,5% discount,0
7846,1356.86,Jeans,morning,0,10% discount,1
7847,9771.44,Earbuds,evening,0,10% discount,1
7848,11543.72,Earbuds|Coffee Mug,afternoon,5,20% discount,1
7849,8480.08,T-Shirt|Jacket,afternoon,10,20% discount,0
7850,5771.95,Earbuds,afternoon,4,10% discount,1
7851,4349.06,Nike Shoes,evening,10,10% discount,0
7852,1511.86,Coffee Mug,afternoon,2,Free Shipping,0
7853,4294.15,Puma Sneakers,evening,4,10% discount,0
7854,5959.49,Coffee Mug,evening,2,10% discount,1
7855,8076.58,Coffee Mug|Coffee Mug,afternoon,3,Free Shipping,0
7856,18229.81,Wristband|Earbuds,night,7,20% discount,0
7857,11560.35,Nike Shoes|Coffee Mug,morning,1,10% discount,1
7858,4742.79,Cushion,evening,0,10% discount,0
7859,11080.81,Cushion|Backpack,night,0,20% discount,1
7860,9622.01,Phone Case|Backpack,morning,1,5% discount,0
7861,3167.81,Backpack,night,10,10% discount,0
7862,17285.64,Phone Case|Puma Sneakers|Cushion,night,5,10% discount,0
7863,4907.93,T-Shirt,morning,8,10% discount,0
7864,4123.04,Coffee Mug,afternoon,5,20% discount,1
7865,13750.34,Jacket|Coffee Mug,afternoon,2,Free Shipping,0
7866,10631.16,Coffee Mug|Jacket,evening,5,Free Shipping,0
7867,9277.16,Puma Sneakers|Cushion,night,7,20% discount,1
7868,19015.41,Earbuds|Nike Shoes|Cushion,night,6,5% discount,1
7869,1977.96,Phone Case,night,5,10% discount,1
7870,7710.22,Sports Cap,afternoon,5,5% discount,0
7871,11555.9,Nike Shoes|Wristband,evening,8,5% discount,0
7872,4201.04,Sports Cap,night,0,Free Shipping,0
7873,20562.32,Phone Case|T-Shirt|Jeans,afternoon,9,Free Shipping,1
7874,7908.61,Puma Sneakers|Puma Sneakers|Jeans,afternoon,2,5% discount,0
7875,10101.76,Puma Sneakers|Adidas Running Shoes,night,9,Free Shipping,0
7876,2300.47,Nike Shoes,morning,10,5% discount,0
7877,2360.08,Cushion,afternoon,3,5% discount,0
7878,17722.09,T-Shirt|Puma Sneakers|T-Shirt,morning,5,Free Shipping,0
7879,9319.55,Phone Case|Jeans,morning,8,Free Shipping,1
7880,18217.29,Puma Sneakers|Cushion|Sports Cap,morning,1,20% discount,0
7881,9213.24,Nike Shoes|Adidas Running Shoes,night,3,10% discount,1
7882,3634.8,Adidas Running Shoes,morning,4,10% discount,1
7883,16622.9,Nike Shoes|T-Shirt,morning,1,20% discount,1
7884,13158.21,Earbuds|Earbuds,night,2,10% discount,1
7885,11937.77,Sports Cap|Jeans,morning,3,10% discount,0
7886,15681.33,Jacket|Adidas Running Shoes,night,3,5% discount,0
7887,5105.92,Earbuds|Puma Sneakers,morning,4,10% discount,1
7888,10328.99,Wristband|Nike Shoes,afternoon,5,20% discount,0
7889,3941.28,Sports Cap,afternoon,3,Free Shipping,0
7890,10540.05,Nike Shoes|Jacket,morning,10,5% discount,1
7891,2306.14,Coffee Mug,afternoon,3,Free Shipping,0
7892,7975.44,Phone Case,night,9,5% discount,0
7893,9506.13,Backpack,morning,1,10% discount,1
7894,2112.08,Jacket,afternoon,10,5% discount,0
7895,6322.57,Phone Case,afternoon,4,20% discount,1
7896,6473.75,Coffee Mug,night,8,10% discount,0
7897,9793.74,Wristband,afternoon,1,10% discount,0
7898,20397.23,Phone Case|Nike Shoes|T-Shirt,night,1,10% discount,1
7899,7417.17,Coffee Mug,night,0,5% discount,0
7900,4445.58,Puma Sneakers,afternoon,5,Free Shipping,1
7901,7314.9,Sports Cap,afternoon,10,20% discount,0
7902,15457.91,Phone Case|Nike Shoes,evening,3,10% discount,1
7903,6942.0,Backpack,morning,10,20% discount,0
7904,6083.41,Puma Sneakers,afternoon,1,Free Shipping,0
7905,6681.19,Coffee Mug|Backpack|Coffee Mug,evening,9,5% discount,0
7906,6381.04,Nike Shoes,morning,0,5% discount,0
7907,6659.99,Jeans|Nike Shoes,night,5,10% discount,1
7908,9548.02,Phone Case,afternoon,4,5% discount,1
7909,4539.42,Backpack,evening,4,10% discount,0
7910,4803.53,Sports Cap,night,7,10% discount,0
7911,11286.25,Sports Cap|Earbuds,afternoon,0,Free Shipping,0
7912,1627.53,Jacket,afternoon,2,10% discount,0
7913,9619.1,Cushion,evening,5,5% discount,0
7914,4535.2,Wristband,afternoon,7,10% discount,1
7915,4435.18,T-Shirt,evening,4,10% discount,0
7916,4687.16,Cushion,morning,7,Free Shipping,0
7917,9926.45,Phone Case,evening,3,10% discount,1
7918,7151.32,Sports Cap,morning,2,20% discount,1
7919,23412.49,Nike Shoes|T-Shirt|Earbuds,night,1,10% discount,0
7920,1162.24,Coffee Mug,morning,10,Free Shipping,0
7921,11105.31,Cushion|Sports Cap,evening,4,10% discount,1
7922,15409.81,Wristband|Sports Cap|Phone Case,afternoon,3,5% discount,1
7923,1195.14,Coffee Mug,evening,1,20% discount,1
7924,11959.49,Earbuds|Adidas Running Shoes|Cushion,evening,0,20% discount,1
7925,7027.75,Phone Case,afternoon,6,Free Shipping,1
7926,9007.61,T-Shirt,night,8,Free Shipping,0
7927,9999.89,T-Shirt,morning,0,Free Shipping,0
7928,12724.95,Phone Case|Adidas Running Shoes,morning,10,Free Shipping,1
7929,3902.15,Wristband,evening,3,20% discount,0
7930,9567.57,Cushion|Cushion|Phone Case,morning,4,10% discount,1
7931,6782.53,Coffee Mug,morning,3,Free Shipping,0
7932,13440.15,Adidas Running Shoes|Phone Case,morning,9,5% discount,0
7933,18268.6,Coffee Mug|Phone Case|Earbuds,morning,4,5% discount,0
7934,8405.38,Backpack,afternoon,6,10% discount,1
7935,10443.28,Wristband|Adidas Running Shoes,morning,4,10% discount,0
7936,9263.14,Earbuds|Coffee Mug,afternoon,10,20% discount,1
7937,7392.31,Sports Cap,morning,3,10% discount,0
7938,6574.3,T-Shirt|Backpack,night,8,5% discount,0
7939,1407.24,Phone Case,afternoon,5,Free Shipping,0
7940,13576.64,Cushion|Earbuds|Jeans,night,1,20% discount,1
7941,7049.49,Wristband,morning,3,Free Shipping,1
7942,16701.82,Phone Case|Jeans|Coffee Mug,night,9,Free Shipping,0
7943,7762.08,Backpack,night,8,20% discount,0
7944,4486.84,Cushion,night,9,20% discount,1
7945,9697.4,Sports Cap|Jeans|Cushion,night,4,10% discount,1
7946,16319.39,Puma Sneakers|Jacket,evening,1,5% discount,0
7947,14471.58,Sports Cap|Coffee Mug,evening,3,Free Shipping,1
7948,17130.61,Jacket|Cushion|Earbuds,evening,9,10% discount,1
7949,10305.04,Nike Shoes|Cushion,afternoon,10,Free Shipping,0
7950,17999.54,Phone Case|Jacket|Puma Sneakers,night,3,10% discount,0
7951,5125.62,Cushion,afternoon,1,10% discount,0
7952,8258.75,Earbuds|Adidas Running Shoes,night,6,10% discount,1
7953,15629.17,T-Shirt|Coffee Mug,night,6,20% discount,0
7954,17127.93,T-Shirt|Earbuds,afternoon,9,20% discount,1
7955,11635.1,Adidas Running Shoes|Jacket,evening,3,10% discount,0
7956,4268.01,Jeans,afternoon,2,5% discount,0
7957,9653.83,Earbuds|Cushion,afternoon,2,20% discount,1
7958,3149.36,Sports Cap,afternoon,5,5% discount,0
7959,4215.38,Phone Case,afternoon,0,10% discount,0
7960,9400.24,Coffee Mug,morning,7,20% discount,1
7961,10405.19,Jeans|Adidas Running Shoes,afternoon,0,20% discount,1
7962,9242.28,Puma Sneakers,night,10,Free Shipping,0
7963,12767.43,Adidas Running Shoes|Phone Case,morning,10,5% discount,1
7964,17224.39,Nike Shoes|Nike Shoes|Jacket,afternoon,3,20% discount,1
7965,18266.46,Puma Sneakers|Jacket|Earbuds,morning,3,5% discount,0
7966,7185.67,Puma Sneakers,evening,3,5% discount,0
7967,7575.22,Jeans,afternoon,4,10% discount,1
7968,6253.15,Nike Shoes|Backpack,evening,10,5% discount,0
7969,7654.83,Earbuds,afternoon,0,Free Shipping,0
7970,5423.99,Earbuds,afternoon,2,Free Shipping,0
7971,6891.49,Jacket,night,3,5% discount,0
7972,8014.15,Earbuds,morning,7,Free Shipping,1
7973,2329.79,Cushion,morning,1,5% discount,0
7974,3076.88,Coffee Mug,morning,3,5% discount,0
7975,3034.84,Backpack,afternoon,0,Free Shipping,0
7976,8747.25,Adidas Running Shoes|Adidas Running Shoes,morning,2,20% discount,1
7977,3492.6,T-Shirt,evening,9,10% discount,1
7978,9785.49,Cushion,morning,1,20% discount,0
7979,13302.69,Coffee Mug|Cushion,afternoon,10,5% discount,0
7980,6082.41,Adidas Running Shoes,afternoon,9,10% discount,0
7981,10138.8,Cushion|Earbuds,morning,7,5% discount,0
7982,12775.73,Wristband|Earbuds,afternoon,8,20% discount,0
7983,7000.23,Jacket|Sports Cap,morning,6,20% discount,1
7984,10087.81,Phone Case|Sports Cap,afternoon,4,20% discount,1
7985,7244.79,Phone Case|Sports Cap|Puma Sneakers,evening,10,20% discount,0
7986,2811.16,Wristband,night,6,Free Shipping,0
7987,2164.77,Adidas Running Shoes,afternoon,8,Free Shipping,0
7988,15931.22,Sports Cap|Earbuds,morning,6,10% discount,1
7989,7180.11,Earbuds,evening,4,Free Shipping,0
7990,2830.8,Earbuds,afternoon,4,10% discount,0
7991,19685.63,Earbuds|Wristband|Puma Sneakers,morning,4,10% discount,0
7992,23135.29,Jeans|Jacket|Adidas Running Shoes,night,8,10% discount,1
7993,4125.02,Cushion,evening,9,5% discount,0
7994,2874.19,Wristband,morning,6,10% discount,0
7995,8702.18,Jacket|Sports Cap,morning,5,20% discount,1
7996,6012.17,Earbuds,evening,5,Free Shipping,0
7997,13210.42,Sports Cap|Earbuds|Wristband,afternoon,3,20% discount,0
7998,2390.05,Adidas Running Shoes,afternoon,9,10% discount,1
7999,10793.53,Phone Case|Jacket,afternoon,4,10% discount,1
8000,3968.2,Puma Sneakers,morning,5,10% discount,0
8001,15632.75,Nike Shoes|Wristband,morning,2,5% discount,0
8002,3611.3,Cushion,evening,3,5% discount,1
8003,4617.41,Phone Case|Cushion,evening,10,10% discount,0
8004,11649.95,Jeans|Jeans,morning,10,20% discount,1
8005,9796.65,Cushion,night,4,20% discount,1
8006,7815.23,Earbuds,afternoon,5,10% discount,0
8007,8886.94,Cushion,afternoon,0,Free Shipping,0
8008,4732.17,Adidas Running Shoes,evening,8,5% discount,0
8009,6363.2,Cushion,night,4,20% discount,0
8010,7395.24,Earbuds,morning,3,5% discount,0
8011,6927.17,Jeans|Sports Cap,afternoon,9,5% discount,1
8012,7947.41,Sports Cap,evening,5,5% discount,0
8013,6566.12,Phone Case,night,5,10% discount,1
8014,3056.23,Cushion,afternoon,0,20% discount,0
8015,2945.96,Puma Sneakers,evening,7,20% discount,1
8016,9886.48,Jeans,evening,3,10% discount,0
8017,9798.86,Earbuds|Jeans,night,10,Free Shipping,0
8018,5979.73,Cushion,morning,0,20% discount,1
8019,9210.62,Coffee Mug,morning,10,10% discount,0
8020,3111.06,Adidas Running Shoes,evening,9,Free Shipping,0
8021,8481.68,T-Shirt,morning,0,Free Shipping,1
8022,4118.15,Backpack,afternoon,4,20% discount,0
8023,7480.1,Jeans,night,8,10% discount,1
8024,3011.81,Wristband,morning,10,Free Shipping,0
8025,1916.75,Sports Cap,evening,1,10% discount,1
8026,6020.33,Wristband,night,5,20% discount,1
8027,1884.44,Phone Case,night,9,Free Shipping,0
8028,3247.48,Puma Sneakers,evening,8,Free Shipping,1
8029,5562.78,Puma Sneakers,morning,6,Free Shipping,0
8030,5971.1,T-Shirt,night,3,5% discount,0
8031,5239.52,T-Shirt,evening,4,20% discount,1
8032,9897.22,Coffee Mug,morning,2,20% discount,1
8033,9417.51,Wristband|Wristband,morning,6,10% discount,1
8034,2012.7,Coffee Mug,afternoon,0,5% discount,1
8035,14305.77,Earbuds|Jacket|Sports Cap,evening,8,Free Shipping,1
8036,1168.01,Puma Sneakers,afternoon,6,10% discount,0
8037,11767.12,Puma Sneakers|Puma Sneakers,night,7,5% discount,0
8038,14944.19,Sports Cap|Jeans,afternoon,6,10% discount,1
8039,13368.7,Nike Shoes|Jacket,afternoon,8,Free Shipping,1
8040,6621.01,Jacket,night,7,Free Shipping,0
8041,18881.04,T-Shirt|Cushion|Coffee Mug,night,6,5% discount,0
8042,7278.55,Nike Shoes,evening,10,10% discount,1
8043,16705.06,Phone Case|Adidas Running Shoes|Jacket,morning,6,5% discount,0
8044,9968.91,Adidas Running Shoes|Puma Sneakers,evening,2,Free Shipping,0
8045,7532.85,T-Shirt,afternoon,6,10% discount,1
8046,13850.3,Earbuds|Sports Cap,morning,6,5% discount,1
8047,9526.94,Jeans,night,6,10% discount,0
8048,12285.35,Coffee Mug|Wristband,night,7,10% discount,1
8049,9625.1,Phone Case|Puma Sneakers,night,3,5% discount,0
8050,5090.78,Earbuds,night,5,Free Shipping,1
8051,6813.3,Puma Sneakers,morning,3,10% discount,1
8052,9669.19,Jacket,morning,5,10% discount,0
8053,7968.64,Earbuds,morning,5,10% discount,0
8054,9439.89,Jacket,afternoon,4,10% discount,0
8055,4930.42,Backpack,afternoon,2,Free Shipping,0
8056,11290.3,Backpack|Coffee Mug,morning,2,10% discount,1
8057,2524.7,T-Shirt,night,9,20% discount,0
8058,20682.33,Jeans|Cushion|Wristband,morning,0,10% discount,1
8059,21566.17,Jeans|Nike Shoes|Earbuds,evening,7,10% discount,1
8060,9339.12,Phone Case,afternoon,1,10% discount,0
8061,4296.75,Sports Cap|Earbuds|Jeans,afternoon,1,5% discount,1
8062,3018.2,Nike Shoes,afternoon,3,5% discount,0
8063,2346.62,Earbuds,night,8,20% discount,0
8064,8330.26,Adidas Running Shoes,morning,6,5% discount,1
8065,3588.53,Cushion,morning,10,Free Shipping,0
8066,5889.83,Sports Cap,evening,5,10% discount,1
8067,6135.04,Coffee Mug,evening,3,Free Shipping,0
8068,19282.66,Puma Sneakers|Phone Case|Sports Cap,afternoon,5,Free Shipping,0
8069,15531.98,Nike Shoes|Earbuds,evening,10,Free Shipping,0
8070,11246.07,Puma Sneakers|Jacket,morning,9,10% discount,0
8071,4634.78,Jeans,evening,4,20% discount,1
8072,2577.38,Backpack,evening,7,5% discount,0
8073,8113.7,Cushion,evening,0,5% discount,0
8074,7371.6,Cushion,afternoon,8,20% discount,0
8075,2590.54,Wristband,night,5,10% discount,1
8076,27224.98,Earbuds|Jacket|Phone Case,night,0,10% discount,0
8077,1903.01,Sports Cap,afternoon,2,Free Shipping,1
8078,7323.82,Wristband|Nike Shoes,morning,5,10% discount,1
8079,6525.25,Jacket,morning,1,10% discount,0
8080,1835.78,Phone Case,afternoon,1,Free Shipping,0
8081,9432.91,Puma Sneakers|Wristband,morning,8,5% discount,0
8082,7860.16,Puma Sneakers,morning,10,20% discount,1
8083,3084.24,Phone Case,evening,4,5% discount,0
8084,3972.95,Wristband|Jacket,evening,7,20% discount,0
8085,6573.45,T-Shirt,afternoon,8,10% discount,0
8086,7228.7,Wristband,afternoon,7,20% discount,1
8087,8439.1,Cushion,night,10,10% discount,0
8088,13407.43,Cushion|Phone Case,morning,4,20% discount,1
8089,2243.07,Earbuds,morning,10,Free Shipping,0
8090,13852.15,Backpack|Adidas Running Shoes|Sports Cap,night,9,Free Shipping,0
8091,5871.47,Phone Case,night,2,Free Shipping,0
8092,9985.64,Cushion,evening,10,20% discount,1
8093,5649.66,Cushion,morning,2,Free Shipping,0
8094,9176.08,T-Shirt,afternoon,10,5% discount,1
8095,12215.72,Nike Shoes|Nike Shoes,evening,10,5% discount,1
8096,11180.7,Earbuds|Adidas Running Shoes,night,0,10% discount,0
8097,8894.95,Cushion,night,1,10% discount,1
8098,17020.89,Backpack|Nike Shoes|Jeans,night,0,5% discount,1
8099,9534.76,Jacket,evening,2,10% discount,0
8100,16452.11,Phone Case|Backpack,morning,2,10% discount,1
8101,3611.14,Wristband,evening,7,5% discount,0
8102,9985.65,Jacket|Coffee Mug,evening,2,10% discount,1
8103,3845.16,Nike Shoes,afternoon,1,Free Shipping,0
8104,9317.17,T-Shirt|Earbuds,afternoon,7,20% discount,0
8105,11261.4,Wristband|Earbuds,night,10,10% discount,0
8106,2269.13,Jeans,night,10,20% discount,0
8107,7014.78,Backpack|Phone Case,afternoon,4,10% discount,1
8108,1114.13,Sports Cap,night,0,5% discount,0
8109,10881.18,Coffee Mug|Jeans,evening,0,Free Shipping,1
8110,8018.83,Cushion,afternoon,5,5% discount,0
8111,5228.61,Jacket|Backpack,night,3,10% discount,0
8112,10741.38,Earbuds|Coffee Mug,evening,1,20% discount,1
8113,12020.45,Phone Case|Jeans,morning,4,Free Shipping,1
8114,3559.45,Wristband,morning,2,5% discount,0
8115,20310.55,Adidas Running Shoes|Sports Cap|Backpack,morning,1,Free Shipping,0
8116,8607.1,Adidas Running Shoes,afternoon,4,10% discount,0
8117,1190.82,Jeans,afternoon,6,20% discount,0
8118,8661.02,Cushion,morning,8,5% discount,0
8119,14128.7,Phone Case|Puma Sneakers,morning,9,10% discount,0
8120,11629.4,Coffee Mug|Coffee Mug,afternoon,10,Free Shipping,0
8121,4213.76,Sports Cap|Earbuds,morning,9,Free Shipping,1
8122,1467.13,Sports Cap,morning,1,10% discount,0
8123,3208.25,Adidas Running Shoes,afternoon,6,5% discount,0
8124,2713.88,Phone Case,afternoon,0,10% discount,0
8125,9938.73,Coffee Mug|Cushion,night,0,10% discount,0
8126,9556.14,Wristband,night,4,Free Shipping,1
8127,3545.73,Wristband,morning,5,10% discount,1
8128,1801.3,Jeans,night,1,10% discount,1
8129,3310.78,Cushion,afternoon,6,20% discount,1
8130,8722.48,T-Shirt,morning,8,10% discount,1
8131,6012.92,Earbuds,evening,9,Free Shipping,1
8132,7139.18,Adidas Running Shoes,afternoon,0,10% discount,0
8133,2058.19,Puma Sneakers,afternoon,7,5% discount,0
8134,17277.8,Adidas Running Shoes|Jacket,evening,7,20% discount,1
8135,10033.66,Phone Case|Jacket,night,10,Free Shipping,0
8136,8248.79,T-Shirt|T-Shirt,evening,2,5% discount,0
8137,10180.98,Sports Cap|Jacket,night,10,Free Shipping,0
8138,10246.07,Earbuds|Jacket,morning,6,Free Shipping,0
8139,2276.39,Earbuds,afternoon,0,Free Shipping,0
8140,7679.44,Phone Case,morning,3,Free Shipping,0
8141,13728.28,Sports Cap|Sports Cap,afternoon,4,20% discount,1
8142,2459.62,Adidas Running Shoes,evening,10,10% discount,0
8143,4163.51,Sports Cap,evening,1,10% discount,1
8144,7235.18,Sports Cap|Sports Cap,morning,0,Free Shipping,0
8145,24547.51,Jacket|Phone Case|Jeans,night,4,10% discount,1
8146,12492.94,Coffee Mug|T-Shirt,night,6,10% discount,1
8147,6410.51,Coffee Mug,night,9,20% discount,1
8148,6241.03,Cushion,night,4,Free Shipping,0
8149,5294.37,Puma Sneakers,morning,5,Free Shipping,0
8150,10580.91,Backpack|Backpack,morning,9,5% discount,0
8151,11162.84,Sports Cap|Coffee Mug,morning,1,5% discount,0
8152,1990.24,Wristband,morning,8,10% discount,0
8153,16848.03,Jacket|Wristband|Adidas Running Shoes,morning,2,10% discount,0
8154,4670.08,Puma Sneakers,night,3,10% discount,1
8155,2400.56,Jacket,evening,0,Free Shipping,0
8156,9960.07,Backpack,evening,2,5% discount,1
8157,1257.26,Phone Case,morning,1,20% discount,1
8158,7318.39,Adidas Running Shoes,evening,7,Free Shipping,0
8159,2426.66,Backpack,evening,2,10% discount,0
8160,1941.1,Sports Cap,night,4,5% discount,0
8161,12086.76,Jacket|Phone Case,morning,6,5% discount,1
8162,7396.04,Cushion,morning,0,20% discount,0
8163,6435.66,Cushion,evening,9,5% discount,0
8164,8959.32,Nike Shoes,evening,5,20% discount,0
8165,8169.94,Cushion,afternoon,7,20% discount,0
8166,8761.77,T-Shirt,night,6,20% discount,1
8167,5515.79,Adidas Running Shoes,afternoon,4,Free Shipping,1
8168,5837.04,Backpack,morning,8,Free Shipping,0
8169,2573.48,Coffee Mug,night,1,Free Shipping,0
8170,9309.4,T-Shirt|Phone Case,evening,5,10% discount,0
8171,13999.47,Nike Shoes|Earbuds,afternoon,0,20% discount,1
8172,15171.16,T-Shirt|Puma Sneakers,afternoon,2,10% discount,1
8173,11465.29,Cushion|Cushion,morning,1,10% discount,1
8174,8269.33,Cushion,afternoon,7,20% discount,1
8175,7920.28,Wristband,morning,9,Free Shipping,0
8176,10459.69,Cushion|Coffee Mug,evening,8,10% discount,0
8177,8508.03,Puma Sneakers,night,7,10% discount,0
8178,14719.36,Jacket|Puma Sneakers,evening,6,20% discount,1
8179,4120.9,Puma Sneakers,morning,9,5% discount,0
8180,3403.84,Sports Cap,morning,3,Free Shipping,0
8181,11749.08,Phone Case|Coffee Mug,evening,2,Free Shipping,0
8182,9248.85,Cushion,night,10,5% discount,0
8183,18454.15,Wristband|Jeans,afternoon,9,5% discount,0
8184,6296.17,Jeans|Adidas Running Shoes,evening,5,Free Shipping,1
8185,1687.65,Phone Case,morning,0,Free Shipping,0
8186,12960.75,Cushion|Cushion,afternoon,8,20% discount,0
8187,12061.4,Wristband|Cushion,night,7,20% discount,1
8188,1827.1,Jacket,evening,2,Free Shipping,0
8189,9825.95,Jeans,evening,4,20% discount,1
8190,8367.94,T-Shirt,afternoon,5,5% discount,1
8191,5323.08,Adidas Running Shoes|Jacket,evening,7,10% discount,0
8192,8415.32,Wristband,afternoon,4,Free Shipping,1
8193,7459.73,Backpack,night,8,10% discount,0
8194,13808.47,Puma Sneakers|Cushion,morning,3,Free Shipping,0
8195,8585.82,Wristband|T-Shirt,morning,6,Free Shipping,0
8196,8603.88,Nike Shoes,evening,4,10% discount,0
8197,11643.09,Jeans|Earbuds,afternoon,10,10% discount,1
8198,9233.57,Jacket|Phone Case|Coffee Mug,evening,0,10% discount,0
8199,14507.27,Jacket|Nike Shoes|Phone Case,night,1,10% discount,1
8200,6999.79,Cushion,afternoon,3,10% discount,1
8201,13875.98,Adidas Running Shoes|Sports Cap,night,6,10% discount,1
8202,9686.78,Phone Case,evening,4,10% discount,1
8203,13414.38,Earbuds|Earbuds,morning,6,Free Shipping,1
8204,16404.04,Coffee Mug|Backpack|Nike Shoes,morning,6,10% discount,0
8205,5017.73,Phone Case,morning,3,10% discount,0
8206,5894.81,Cushion|Earbuds,morning,6,10% discount,0
8207,7253.92,Earbuds,afternoon,9,10% discount,1
8208,2618.33,Cushion,morning,7,5% discount,0
8209,1886.03,Phone Case,night,9,Free Shipping,1
8210,1163.69,Wristband,night,1,20% discount,1
8211,2487.75,Backpack,afternoon,0,5% discount,0
8212,15958.69,Coffee Mug|Puma Sneakers,night,3,5% discount,0
8213,7831.86,Nike Shoes,afternoon,10,Free Shipping,1
8214,5478.93,Cushion,evening,9,10% discount,1
8215,6457.51,Coffee Mug,afternoon,1,5% discount,0
8216,9243.8,Nike Shoes,night,4,Free Shipping,1
8217,26458.24,Cushion|Jeans|Jeans,night,1,10% discount,0
8218,7696.2,Jeans|Backpack,night,10,Free Shipping,1
8219,18445.33,Puma Sneakers|Jeans,afternoon,2,Free Shipping,1
8220,6488.32,Jeans,evening,10,5% discount,1
8221,6233.8,Nike Shoes,evening,6,Free Shipping,0
8222,3125.42,Phone Case,night,2,20% discount,1
8223,6587.2,T-Shirt,morning,0,10% discount,0
8224,3408.59,Sports Cap,evening,1,10% discount,1
8225,14822.85,Coffee Mug|Sports Cap,morning,5,10% discount,1
8226,4150.41,Wristband,evening,6,Free Shipping,0
8227,9877.79,Wristband|Wristband,morning,3,5% discount,0
8228,2336.25,Cushion,night,3,5% discount,0
8229,9309.55,Cushion,afternoon,1,10% discount,1
8230,9636.94,Phone Case,afternoon,6,10% discount,1
8231,10404.6,Adidas Running Shoes|Jeans,morning,4,Free Shipping,0
8232,14010.87,Phone Case|T-Shirt,morning,10,10% discount,1
8233,16022.48,Earbuds|Sports Cap,morning,5,Free Shipping,0
8234,6935.22,Coffee Mug,night,1,10% discount,1
8235,19238.9,Earbuds|Sports Cap|Wristband,morning,5,20% discount,1
8236,18381.8,Jacket|Coffee Mug|Nike Shoes,evening,3,10% discount,1
8237,9648.1,Wristband,night,10,5% discount,0
8238,1869.39,Earbuds,morning,10,10% discount,0
8239,11553.39,Earbuds|Wristband,morning,10,10% discount,1
8240,7669.35,Sports Cap|Coffee Mug,night,9,10% discount,0
8241,4425.38,Cushion|Jacket,evening,10,20% discount,0
8242,2444.95,Cushion,night,2,20% discount,0
8243,2542.15,Jacket,morning,7,10% discount,0
8244,9470.49,Puma Sneakers|Adidas Running Shoes,evening,10,Free Shipping,1
8245,6103.17,Backpack,evening,7,Free Shipping,1
8246,10504.17,Jeans|Puma Sneakers|Sports Cap,night,2,5% discount,1
8247,6093.03,Coffee Mug,night,1,10% discount,0
8248,8452.0,Coffee Mug,morning,7,10% discount,1
8249,7171.83,Adidas Running Shoes,night,9,Free Shipping,0
8250,5317.0,Coffee Mug|Cushion,evening,7,20% discount,1
8251,7148.57,Earbuds,morning,3,20% discount,1
8252,14576.0,Puma Sneakers|Earbuds,evening,4,20% discount,1
8253,9737.81,Nike Shoes,night,2,Free Shipping,0
8254,3046.37,Puma Sneakers,night,8,20% discount,0
8255,2224.67,Puma Sneakers,morning,3,20% discount,0
8256,4284.47,T-Shirt,morning,0,10% discount,0
8257,4634.91,Sports Cap,morning,9,10% discount,0
8258,6486.84,Earbuds|Adidas Running Shoes,morning,2,20% discount,0
8259,8082.78,Coffee Mug|Jeans,evening,9,20% discount,1
8260,5485.87,Coffee Mug,evening,0,5% discount,1
8261,12864.67,Wristband|Cushion,evening,2,10% discount,1
8262,1723.31,Coffee Mug,afternoon,9,10% discount,1
8263,2690.61,Puma Sneakers,morning,8,5% discount,0
8264,7519.81,Jacket,night,5,Free Shipping,0
8265,1914.91,Phone Case,afternoon,8,Free Shipping,0
8266,9871.86,Coffee Mug,evening,3,Free Shipping,1
8267,6778.44,Phone Case,night,3,Free Shipping,0
8268,7524.18,Jeans,afternoon,10,20% discount,1
8269,5567.79,Adidas Running Shoes,night,8,5% discount,0
8270,3322.17,Nike Shoes,night,6,10% discount,0
8271,4762.49,T-Shirt|Puma Sneakers,afternoon,7,20% discount,0
8272,6184.44,Phone Case|Backpack,night,7,Free Shipping,0
8273,6351.27,Coffee Mug,night,5,10% discount,0
8274,7342.8,Puma Sneakers,morning,5,5% discount,0
8275,6748.39,Sports Cap|Coffee Mug,night,10,10% discount,0
8276,8067.45,Phone Case,afternoon,3,Free Shipping,0
8277,1030.86,Sports Cap,evening,2,Free Shipping,0
8278,13669.45,T-Shirt|Puma Sneakers,afternoon,10,5% discount,0
8279,9502.03,Phone Case,morning,6,Free Shipping,0
8280,11733.53,Cushion|Puma Sneakers,morning,8,20% discount,1
8281,8745.01,Coffee Mug,night,6,5% discount,0
8282,4826.16,Jeans,afternoon,7,10% discount,0
8283,2931.17,Backpack,night,9,5% discount,0
8284,5275.96,T-Shirt,night,10,10% discount,0
8285,8510.45,Jeans,morning,6,5% discount,0
8286,8104.96,Puma Sneakers|T-Shirt,afternoon,6,Free Shipping,0
8287,16616.43,Jeans|Coffee Mug,afternoon,9,10% discount,1
8288,2684.41,Sports Cap,evening,7,5% discount,0
8289,16437.09,Phone Case|Adidas Running Shoes|Phone Case,morning,0,10% discount,1
8290,6744.0,Jeans,evening,2,10% discount,1
8291,6947.62,Earbuds,morning,2,20% discount,1
8292,8399.03,T-Shirt,morning,9,20% discount,0
8293,7236.46,Sports Cap,evening,7,Free Shipping,1
8294,4071.61,Adidas Running Shoes,morning,1,5% discount,0
8295,5589.32,Jeans,afternoon,7,5% discount,1
8296,14315.01,Nike Shoes|Sports Cap,night,1,Free Shipping,0
8297,9890.31,Backpack|Cushion,night,5,10% discount,1
8298,14381.55,Backpack|Backpack|Coffee Mug,afternoon,10,Free Shipping,0
8299,4161.22,Earbuds,evening,1,20% discount,1
8300,13619.4,Backpack|Puma Sneakers|Jacket,night,6,5% discount,0
8301,6814.58,T-Shirt,morning,1,20% discount,0
8302,1066.09,Adidas Running Shoes,night,5,10% discount,0
8303,4124.76,Earbuds,evening,0,Free Shipping,1
8304,5457.49,Coffee Mug,afternoon,3,10% discount,0
8305,6828.0,Adidas Running Shoes,afternoon,5,10% discount,1
8306,5873.48,Jacket,evening,5,10% discount,1
8307,12275.8,Adidas Running Shoes|Phone Case,evening,6,5% discount,0
8308,1103.4,Phone Case,morning,3,20% discount,1
8309,5947.89,Coffee Mug|T-Shirt,evening,0,Free Shipping,0
8310,4995.35,Jeans,evening,9,10% discount,0
8311,2396.99,Cushion,night,8,5% discount,0
8312,3428.88,Phone Case,afternoon,6,Free Shipping,0
8313,12491.2,Phone Case|Jacket,night,9,Free Shipping,1
8314,8487.61,T-Shirt|Jeans,afternoon,10,5% discount,1
8315,8732.51,Coffee Mug,morning,1,Free Shipping,1
8316,4282.91,Earbuds,night,8,Free Shipping,0
8317,7687.23,T-Shirt,morning,6,20% discount,1
8318,10162.48,Earbuds|Earbuds,afternoon,6,Free Shipping,0
8319,7538.57,Phone Case,afternoon,9,10% discount,0
8320,3171.53,Earbuds,night,5,Free Shipping,0
8321,9848.23,T-Shirt,afternoon,4,Free Shipping,0
8322,5928.18,Nike Shoes,night,4,20% discount,1
8323,9380.07,Jeans|Backpack,night,9,Free Shipping,0
8324,2708.81,Sports Cap,afternoon,2,20% discount,1
8325,16419.59,Coffee Mug|Jacket|T-Shirt,afternoon,6,5% discount,0
8326,6734.29,Phone Case,evening,0,Free Shipping,1
8327,8982.08,Jacket,afternoon,6,20% discount,0
8328,7943.84,Adidas Running Shoes,night,9,Free Shipping,0
8329,14422.9,Adidas Running Shoes|Jacket|Jacket,evening,3,Free Shipping,0
8330,7561.35,T-Shirt,evening,4,20% discount,0
8331,5297.61,Backpack,afternoon,1,20% discount,0
8332,7416.68,Backpack,night,9,10% discount,0
8333,24947.59,Jacket|T-Shirt|Adidas Running Shoes,night,8,Free Shipping,0
8334,12348.87,Earbuds|Puma Sneakers,afternoon,10,10% discount,0
8335,10542.27,Puma Sneakers|Earbuds,afternoon,7,10% discount,0
8336,1089.5,Phone Case,night,0,10% discount,0
8337,18342.92,Coffee Mug|Earbuds|Earbuds,morning,6,10% discount,1
8338,7229.65,Phone Case,night,8,20% discount,1
8339,17114.93,Puma Sneakers|Backpack|Coffee Mug,morning,5,Free Shipping,0
8340,7779.38,Earbuds,evening,5,5% discount,0
8341,2429.67,Adidas Running Shoes,afternoon,3,20% discount,0
8342,7999.8,Cushion|Puma Sneakers,morning,0,10% discount,1
8343,14321.54,Cushion|Adidas Running Shoes,evening,1,10% discount,0
8344,16371.67,Nike Shoes|Jeans,night,1,Free Shipping,0
8345,8030.2,Cushion,night,3,10% discount,1
8346,6837.93,Jeans,afternoon,0,10% discount,1
8347,3927.87,Wristband,evening,3,10% discount,0
8348,22738.6,Earbuds|Jeans|Coffee Mug,morning,7,10% discount,0
8349,4896.2,Jacket,evening,10,20% discount,0
8350,3124.41,Wristband,afternoon,3,5% discount,0
8351,3229.93,Coffee Mug,night,6,10% discount,0
8352,5649.04,Coffee Mug|Phone Case,morning,7,Free Shipping,0
8353,3572.3,Adidas Running Shoes,afternoon,7,5% discount,0
8354,5160.45,Jacket,evening,3,Free Shipping,0
8355,17525.68,Adidas Running Shoes|Cushion|Earbuds,morning,9,Free Shipping,0
8356,3914.62,Cushion,morning,0,Free Shipping,0
8357,7123.93,Wristband|Earbuds|Cushion,evening,4,10% discount,1
8358,3353.7,Coffee Mug,morning,7,Free Shipping,0
8359,14939.33,Earbuds|Jeans,evening,5,Free Shipping,0
8360,5650.39,Coffee Mug,evening,2,5% discount,0
8361,6879.31,Adidas Running Shoes,morning,3,20% discount,1
8362,9622.86,Wristband,night,0,5% discount,0
8363,13913.78,Cushion|Wristband,morning,1,Free Shipping,0
8364,7780.12,Puma Sneakers|Backpack,evening,4,Free Shipping,0
8365,11974.93,Earbuds|Coffee Mug,morning,4,Free Shipping,0
8366,11476.84,Wristband|Phone Case,evening,3,10% discount,1
8367,11756.95,Phone Case|Coffee Mug,afternoon,7,5% discount,0
8368,11994.25,Sports Cap|Jacket,morning,5,10% discount,1
8369,2492.58,Jacket,night,4,5% discount,0
8370,8978.87,Earbuds,evening,6,20% discount,0
8371,11037.7,Puma Sneakers|Jeans,afternoon,5,5% discount,0
8372,13408.69,Adidas Running Shoes|Cushion,night,1,10% discount,0
8373,8663.08,Backpack,morning,8,10% discount,1
8374,6233.59,Nike Shoes,afternoon,4,Free Shipping,1
8375,14435.84,Jacket|Backpack,morning,4,5% discount,0
8376,19264.36,Earbuds|Cushion,afternoon,3,5% discount,0
8377,2374.65,Cushion,afternoon,5,Free Shipping,1
8378,7137.66,Backpack,afternoon,3,10% discount,0
8379,6796.6,Coffee Mug|Earbuds,afternoon,7,10% discount,1
8380,1581.0,Earbuds,evening,3,10% discount,0
8381,4371.09,Puma Sneakers,night,6,5% discount,0
8382,16348.96,Adidas Running Shoes|Nike Shoes|Phone Case,evening,10,5% discount,0
8383,1077.71,Coffee Mug,evening,3,10% discount,1
8384,4450.04,Sports Cap,afternoon,0,20% discount,1
8385,7593.06,Earbuds|Coffee Mug,morning,8,5% discount,0
8386,9676.65,Wristband,night,0,Free Shipping,0
8387,2270.93,Puma Sneakers,morning,7,Free Shipping,1
8388,20008.64,Wristband|Coffee Mug|Nike Shoes,evening,5,Free Shipping,0
8389,5605.45,Cushion,evening,7,Free Shipping,1
8390,12129.82,Backpack|Puma Sneakers|Coffee Mug,evening,5,Free Shipping,0
8391,23152.84,Backpack|Puma Sneakers|T-Shirt,morning,4,Free Shipping,0
8392,24090.34,Backpack|Puma Sneakers|Cushion,afternoon,7,20% discount,1
8393,3667.16,T-Shirt,evening,1,5% discount,0
8394,5717.17,Puma Sneakers,morning,3,5% discount,1
8395,25318.83,T-Shirt|Cushion|Jeans,night,2,10% discount,0
8396,13595.79,Nike Shoes|Earbuds,evening,2,Free Shipping,1
8397,16004.38,Wristband|Adidas Running Shoes,afternoon,8,5% discount,0
8398,12474.06,Jacket|Coffee Mug,morning,8,Free Shipping,0
8399,4924.36,Nike Shoes|Backpack,night,7,Free Shipping,1
8400,7149.14,Jeans,night,9,Free Shipping,1
8401,2514.24,Wristband,morning,10,10% discount,0
8402,3242.67,Jeans,afternoon,3,5% discount,0
8403,19318.91,Sports Cap|Jacket|Phone Case,night,10,10% discount,0
8404,15636.08,Phone Case|Puma Sneakers,evening,6,10% discount,0
8405,2831.47,Jeans,afternoon,10,5% discount,0
8406,12953.5,Jeans|T-Shirt,evening,2,Free Shipping,0
8407,7655.95,Sports Cap,night,6,20% discount,0
8408,6954.12,Cushion,night,0,Free Shipping,0
8409,2515.29,T-Shirt|Wristband,afternoon,5,5% discount,0
8410,8726.69,Wristband,afternoon,8,20% discount,1
8411,11575.26,Wristband|Jeans,afternoon,9,10% discount,0
8412,5902.56,Adidas Running Shoes,evening,4,20% discount,1
8413,17292.19,Coffee Mug|Adidas Running Shoes|Backpack,evening,10,10% discount,1
8414,14774.84,Earbuds|T-Shirt|Coffee Mug,evening,9,20% discount,0
8415,8577.07,T-Shirt|Wristband,afternoon,10,10% discount,0
8416,3775.35,Adidas Running Shoes,afternoon,9,10% discount,0
8417,3063.28,T-Shirt,night,3,Free Shipping,0
8418,22622.09,T-Shirt|Jeans|Cushion,night,8,10% discount,1
8419,10682.3,Wristband|Sports Cap,afternoon,7,20% discount,0
8420,16710.89,Jeans|Jeans|T-Shirt,evening,2,Free Shipping,0
8421,6425.58,Nike Shoes,morning,1,5% discount,0
8422,7643.17,Adidas Running Shoes,morning,2,20% discount,1
8423,18826.64,Cushion|Phone Case,night,2,10% discount,1
8424,18326.35,Puma Sneakers|Earbuds|Earbuds,afternoon,2,10% discount,1
8425,5872.23,T-Shirt,afternoon,5,10% discount,0
8426,3969.08,Earbuds,afternoon,1,Free Shipping,1
8427,1264.68,Adidas Running Shoes,afternoon,5,Free Shipping,0
8428,1069.71,Wristband,night,4,10% discount,1
8429,7111.28,Backpack|Earbuds,night,3,Free Shipping,0
8430,1802.32,Earbuds,morning,10,20% discount,1
8431,1840.04,T-Shirt,night,7,20% discount,1
8432,4138.15,Cushion,evening,3,10% discount,1
8433,9899.62,Adidas Running Shoes,evening,9,5% discount,0
8434,5880.63,Phone Case,night,3,Free Shipping,0
8435,8349.81,Backpack,evening,7,5% discount,0
8436,10976.23,Adidas Running Shoes|Jeans,night,2,20% discount,0
8437,8695.45,Cushion,night,5,5% discount,0
8438,9379.33,Puma Sneakers|Jeans,afternoon,6,10% discount,1
8439,8139.54,Jacket|Earbuds,evening,9,10% discount,0
8440,8636.61,Coffee Mug,evening,6,Free Shipping,0
8441,7751.46,T-Shirt|Phone Case,night,8,20% discount,1
8442,8819.63,Sports Cap,morning,5,5% discount,0
8443,10043.33,Phone Case|Sports Cap,evening,4,10% discount,0
8444,7594.06,Jeans|Earbuds,night,2,20% discount,1
8445,1777.22,Earbuds,night,8,Free Shipping,0
8446,8101.92,Jacket,night,2,20% discount,0
8447,5744.59,Cushion|Phone Case,afternoon,0,Free Shipping,0
8448,12355.98,Jacket|Backpack|Earbuds,evening,4,20% discount,1
8449,12519.05,T-Shirt|T-Shirt|Coffee Mug,afternoon,2,5% discount,0
8450,8909.6,Backpack,morning,7,20% discount,0
8451,6510.55,Backpack,night,7,10% discount,0
8452,8435.88,Phone Case|Backpack,morning,6,10% discount,0
8453,1088.73,Coffee Mug,evening,1,Free Shipping,0
8454,2945.42,Earbuds,night,3,5% discount,0
8455,4744.13,Cushion|Coffee Mug,evening,3,5% discount,0
8456,6502.52,Cushion,afternoon,5,Free Shipping,1
8457,2476.02,Wristband,evening,1,10% discount,0
8458,7751.83,T-Shirt,night,7,Free Shipping,1
8459,10338.01,Backpack|Sports Cap,afternoon,3,5% discount,0
8460,4777.96,Backpack,night,10,10% discount,1
8461,12746.39,Cushion|Nike Shoes,afternoon,9,10% discount,0
8462,2153.42,Sports Cap,night,7,Free Shipping,0
8463,3446.67,Coffee Mug,afternoon,1,Free Shipping,0
8464,7728.44,Coffee Mug,morning,5,Free Shipping,0
8465,10556.04,T-Shirt|Jacket,afternoon,4,5% discount,0
8466,10580.11,Coffee Mug|Earbuds,morning,5,Free Shipping,0
8467,4205.86,Nike Shoes,morning,10,Free Shipping,0
8468,5466.54,Cushion,night,7,20% discount,0
8469,3264.83,Coffee Mug,night,2,20% discount,0
8470,8903.58,Adidas Running Shoes|Cushion,morning,7,10% discount,1
8471,25777.81,Sports Cap|Coffee Mug|Adidas Running Shoes,night,3,20% discount,0
8472,5096.67,Puma Sneakers|Nike Shoes,evening,10,5% discount,0
8473,9733.0,Cushion,morning,3,20% discount,1
8474,10000.93,Jeans|Cushion,evening,5,20% discount,1
8475,7442.61,Phone Case,morning,10,5% discount,0
8476,9550.44,Sports Cap|T-Shirt,afternoon,3,Free Shipping,0
8477,9185.24,Backpack,night,4,10% discount,0
8478,17933.08,Phone Case|Coffee Mug|Cushion,afternoon,1,10% discount,1
8479,7785.07,Wristband|Coffee Mug,afternoon,3,Free Shipping,0
8480,1383.5,Cushion,morning,9,10% discount,1
8481,3812.63,Nike Shoes,morning,5,10% discount,0
8482,6884.81,Coffee Mug|Wristband,afternoon,3,20% discount,1
8483,2044.49,Puma Sneakers,afternoon,7,10% discount,0
8484,4840.99,Backpack,evening,6,10% discount,0
8485,5868.68,Jeans,afternoon,10,20% discount,0
8486,9052.84,Adidas Running Shoes,night,1,20% discount,0
8487,12586.73,Nike Shoes|Phone Case,night,5,20% discount,0
8488,18228.07,Earbuds|Earbuds|Phone Case,afternoon,8,Free Shipping,0
8489,6523.15,Coffee Mug,morning,10,5% discount,0
8490,3715.58,T-Shirt,morning,0,5% discount,0
8491,2287.71,Backpack,evening,3,Free Shipping,0
8492,5924.81,Adidas Running Shoes,night,5,10% discount,1
8493,14612.78,T-Shirt|Cushion,afternoon,9,10% discount,0
8494,9366.24,Earbuds,evening,10,20% discount,1
8495,6490.39,Nike Shoes,evening,9,Free Shipping,0
8496,9105.84,Nike Shoes,afternoon,5,Free Shipping,0
8497,2064.99,Jacket,morning,7,20% discount,0
8498,19323.96,Sports Cap|Jeans|Cushion,evening,5,10% discount,1
8499,6704.83,Cushion|Backpack|Coffee Mug,morning,5,20% discount,1
8500,7902.8,Phone Case|Jeans,evening,10,10% discount,0
8501,4622.03,Adidas Running Shoes,morning,0,10% discount,0
8502,6084.43,Jacket|Jacket,morning,3,10% discount,1
8503,2057.1,Wristband,afternoon,7,10% discount,0
8504,2794.54,Earbuds,morning,6,5% discount,0
8505,10325.37,Coffee Mug|Sports Cap|Wristband,night,0,5% discount,0
8506,5880.69,Phone Case|Earbuds|Adidas Running Shoes,evening,9,Free Shipping,0
8507,8294.88,Cushion|Coffee Mug,morning,6,5% discount,0
8508,3524.58,Wristband,evening,9,Free Shipping,0
8509,7210.54,Coffee Mug,night,6,20% discount,0
8510,17226.35,Cushion|Coffee Mug|Earbuds,night,9,10% discount,0
8511,21276.42,Coffee Mug|Earbuds|Nike Shoes,evening,1,5% discount,1
8512,7044.29,Jacket,evening,9,Free Shipping,0
8513,3773.19,T-Shirt,morning,8,20% discount,0
8514,4035.9,Jeans,afternoon,5,10% discount,1
8515,13846.77,Cushion|Earbuds,afternoon,0,Free Shipping,1
8516,1823.56,Coffee Mug,morning,1,10% discount,0
8517,14160.83,Earbuds|Jeans|Cushion,morning,2,20% discount,1
8518,10390.51,Wristband|Phone Case,night,4,10% discount,1
8519,14895.5,Sports Cap|T-Shirt,morning,6,10% discount,1
8520,5932.97,Adidas Running Shoes,night,10,10% discount,1
8521,11120.49,Jacket|Jeans,morning,6,Free Shipping,0
8522,1307.82,Phone Case,evening,10,20% discount,0
8523,4004.88,Phone Case,morning,2,5% discount,0
8524,2441.74,Wristband,night,10,5% discount,0
8525,7815.58,Phone Case,evening,10,20% discount,1
8526,6659.16,Sports Cap|Coffee Mug,morning,8,10% discount,1
8527,7904.57,Earbuds,afternoon,10,10% discount,1
8528,8320.38,Cushion,afternoon,4,Free Shipping,0
8529,7236.02,Coffee Mug,night,4,20% discount,1
8530,2170.76,Coffee Mug,evening,8,20% discount,1
8531,3052.06,T-Shirt|Coffee Mug,evening,4,5% discount,1
8532,8791.09,Puma Sneakers,afternoon,1,10% discount,0
8533,4933.46,Cushion,night,8,10% discount,0
8534,10290.79,Coffee Mug|T-Shirt,morning,2,10% discount,0
8535,10179.48,Earbuds|Cushion,morning,1,10% discount,0
8536,7589.35,Sports Cap,night,7,20% discount,1
8537,9941.85,Puma Sneakers|Phone Case,night,3,5% discount,0
8538,9057.31,Cushion,afternoon,6,10% discount,1
8539,3138.71,Wristband,night,3,5% discount,1
8540,4722.9,T-Shirt,night,0,Free Shipping,0
8541,17600.47,Jacket|Earbuds,evening,0,5% discount,0
8542,3132.0,Adidas Running Shoes,morning,2,Free Shipping,0
8543,6526.48,Coffee Mug|Jeans,afternoon,3,Free Shipping,0
8544,21231.66,Jeans|Phone Case|Earbuds,afternoon,4,Free Shipping,0
8545,9987.94,Backpack,afternoon,5,5% discount,0
8546,6078.8,Backpack,afternoon,5,Free Shipping,0
8547,1001.55,Wristband,afternoon,10,Free Shipping,0
8548,10826.99,Sports Cap|T-Shirt,evening,1,Free Shipping,0
8549,6705.6,Jeans,evening,3,10% discount,1
8550,9794.15,Nike Shoes,morning,3,10% discount,0
8551,6436.84,Cushion,morning,2,Free Shipping,1
8552,6987.32,Puma Sneakers,afternoon,4,Free Shipping,0
8553,2266.24,Adidas Running Shoes,night,10,10% discount,1
8554,9429.38,Earbuds,night,4,10% discount,1
8555,3589.4,Adidas Running Shoes,evening,1,Free Shipping,0
8556,9410.91,Adidas Running Shoes,afternoon,3,Free Shipping,0
8557,12323.49,Jacket|Earbuds,evening,2,5% discount,1
8558,8807.91,Adidas Running Shoes,night,1,5% discount,0
8559,13358.54,Jeans|Adidas Running Shoes,morning,7,5% discount,0
8560,5101.83,Backpack,afternoon,7,5% discount,0
8561,11382.15,Earbuds|Cushion,afternoon,8,10% discount,0
8562,13774.94,Nike Shoes|Jeans,morning,8,Free Shipping,0
8563,2406.23,Nike Shoes,afternoon,5,20% discount,0
8564,2398.7,Wristband,morning,5,5% discount,0
8565,9620.55,Coffee Mug,night,3,5% discount,0
8566,7789.18,Earbuds|Jacket,afternoon,7,10% discount,0
8567,14469.55,Wristband|Puma Sneakers|Backpack,afternoon,0,Free Shipping,0
8568,14338.82,Coffee Mug|Wristband|Wristband,morning,4,10% discount,0
8569,20471.55,Jeans|Earbuds|Backpack,afternoon,1,20% discount,0
8570,3332.46,Earbuds,evening,7,5% discount,1
8571,1706.62,Sports Cap,night,1,Free Shipping,0
8572,3247.06,Earbuds,afternoon,7,10% discount,0
8573,4323.93,Earbuds,evening,1,Free Shipping,1
8574,7418.59,Wristband,evening,7,20% discount,1
8575,15245.05,Adidas Running Shoes|Cushion,evening,8,Free Shipping,1
8576,6480.01,Coffee Mug,morning,4,10% discount,0
8577,9703.72,Earbuds|Phone Case,morning,5,Free Shipping,0
8578,10665.9,Wristband|Coffee Mug,afternoon,8,10% discount,1
8579,9553.72,Backpack,evening,2,10% discount,1
8580,8676.52,Coffee Mug,afternoon,10,10% discount,0
8581,5846.07,Earbuds,afternoon,9,10% discount,1
8582,8071.13,Earbuds,afternoon,7,Free Shipping,0
8583,8133.37,Puma Sneakers,afternoon,2,20% discount,0
8584,5255.16,Backpack,morning,9,10% discount,1
8585,14281.35,Earbuds|Wristband|Backpack,morning,3,10% discount,0
8586,8533.62,Nike Shoes|Nike Shoes,night,10,10% discount,1
8587,7210.39,Earbuds,night,5,10% discount,1
8588,4583.95,Coffee Mug,morning,0,10% discount,0
8589,15773.73,Puma Sneakers|Cushion|Wristband,evening,7,5% discount,1
8590,1864.71,T-Shirt,night,6,20% discount,0
8591,14714.44,Jacket|Backpack|T-Shirt,night,10,20% discount,1
8592,12548.55,Adidas Running Shoes|Jacket,afternoon,3,5% discount,0
8593,1175.67,Nike Shoes,morning,0,10% discount,0
8594,6948.91,Sports Cap,afternoon,2,10% discount,0
8595,2999.66,Cushion,evening,7,5% discount,0
8596,7743.95,Phone Case,evening,0,10% discount,1
8597,14608.76,Cushion|T-Shirt,morning,9,Free Shipping,0
8598,23852.94,Cushion|Phone Case|Puma Sneakers,afternoon,4,10% discount,0
8599,2656.83,Jeans,morning,7,10% discount,0
8600,12691.44,Jeans|Coffee Mug,evening,8,Free Shipping,0
8601,7100.65,Cushion,evening,7,10% discount,0
8602,4394.16,Phone Case,evening,9,Free Shipping,0
8603,5736.13,Jeans,morning,2,10% discount,1
8604,7915.05,Jacket,morning,9,5% discount,1
8605,15299.12,Adidas Running Shoes|Coffee Mug|Jeans,morning,7,20% discount,0
8606,1712.57,Phone Case,morning,8,10% discount,0
8607,17774.92,Coffee Mug|Wristband|Phone Case,morning,6,5% discount,0
8608,4114.14,Jacket,evening,3,10% discount,1
8609,7968.49,Jeans,evening,4,20% discount,0
8610,8623.09,Cushion,evening,9,10% discount,0
8611,1202.73,Nike Shoes,night,0,Free Shipping,0
8612,6099.72,Wristband,evening,8,Free Shipping,0
8613,1506.33,Backpack,afternoon,8,10% discount,0
8614,10046.92,Coffee Mug|Puma Sneakers,evening,4,Free Shipping,1
8615,7411.52,Backpack,night,4,10% discount,1
8616,11358.23,Jeans|Cushion,evening,6,20% discount,1
8617,5688.58,Sports Cap|Adidas Running Shoes,night,6,10% discount,1
8618,8923.19,Jacket,night,6,Free Shipping,0
8619,6509.56,Nike Shoes|Coffee Mug,afternoon,1,Free Shipping,0
8620,4561.06,Wristband,evening,5,20% discount,1
8621,2587.26,Nike Shoes,night,9,5% discount,0
8622,3287.78,Adidas Running Shoes,night,10,10% discount,0
8623,14221.32,Nike Shoes|Earbuds,morning,7,Free Shipping,0
8624,1544.13,Earbuds,afternoon,10,Free Shipping,0
8625,11046.06,Coffee Mug|Jacket,morning,7,10% discount,1
8626,5984.53,Sports Cap,evening,1,Free Shipping,0
8627,26987.17,Coffee Mug|Puma Sneakers|Earbuds,evening,10,Free Shipping,0
8628,12891.09,T-Shirt|Backpack|Jacket,evening,5,20% discount,1
8629,21126.59,Backpack|Phone Case|Nike Shoes,afternoon,9,Free Shipping,0
8630,19161.38,Jeans|Adidas Running Shoes|T-Shirt,night,4,20% discount,1
8631,12028.86,Coffee Mug|Jeans,morning,9,5% discount,0
8632,14405.82,Earbuds|Cushion,evening,5,20% discount,0
8633,18187.23,Phone Case|Coffee Mug,morning,1,Free Shipping,0
8634,7054.57,T-Shirt|Wristband,evening,1,10% discount,0
8635,11278.37,Coffee Mug|Phone Case,afternoon,10,10% discount,0
8636,7729.12,Jacket,night,8,10% discount,0
8637,9793.63,Wristband,morning,6,5% discount,1
8638,9911.27,Jeans|Wristband,night,0,Free Shipping,0
8639,2839.89,Backpack,afternoon,9,20% discount,1
8640,7590.37,Cushion|Puma Sneakers,evening,7,10% discount,1
8641,3539.33,Jacket,evening,1,10% discount,1
8642,4728.01,Jacket,night,7,5% discount,0
8643,3088.92,Cushion,night,9,Free Shipping,0
8644,19674.43,Nike Shoes|Jacket|Jeans,afternoon,5,Free Shipping,0
8645,7243.93,Cushion|T-Shirt,morning,1,20% discount,0
8646,5573.42,Sports Cap,evening,0,10% discount,0
8647,5710.78,Earbuds,afternoon,1,10% discount,1
8648,22743.59,Sports Cap|Jacket|Backpack,morning,2,10% discount,1
8649,18454.28,Cushion|Phone Case|Earbuds,morning,10,Free Shipping,0
8650,8119.96,Puma Sneakers|Phone Case,afternoon,4,20% discount,1
8651,2512.22,Coffee Mug,night,9,Free Shipping,0
8652,6662.95,Cushion,afternoon,9,10% discount,0
8653,7381.51,T-Shirt,evening,1,20% discount,1
8654,7447.26,T-Shirt,evening,3,Free Shipping,0
8655,10290.48,Puma Sneakers|Earbuds,night,3,10% discount,0
8656,4456.7,Phone Case,evening,2,10% discount,1
8657,20040.61,Jacket|Backpack|Puma Sneakers,afternoon,3,5% discount,0
8658,1118.3,Sports Cap,morning,10,10% discount,0
8659,2061.54,Jacket,afternoon,10,10% discount,1
8660,4045.92,Adidas Running Shoes,night,2,10% discount,0
8661,6630.76,Cushion,afternoon,10,10% discount,1
8662,17946.65,Phone Case|Jacket|Cushion,afternoon,1,10% discount,0
8663,2834.58,Cushion,night,1,10% discount,0
8664,10186.78,Coffee Mug|Jeans,afternoon,8,5% discount,0
8665,15664.94,T-Shirt|Earbuds,evening,7,Free Shipping,0
8666,5062.61,Wristband,morning,8,Free Shipping,0
8667,12621.93,Earbuds|Sports Cap,night,8,10% discount,0
8668,10408.88,Nike Shoes|Backpack,night,2,5% discount,0
8669,3253.33,T-Shirt,afternoon,10,5% discount,1
8670,9101.58,Sports Cap,afternoon,7,10% discount,1
8671,8948.0,Puma Sneakers,afternoon,0,20% discount,1
8672,17318.75,Backpack|T-Shirt,evening,6,20% discount,1
8673,3510.75,Adidas Running Shoes,afternoon,9,10% discount,0
8674,10437.48,Nike Shoes|Wristband,afternoon,9,Free Shipping,1
8675,6769.72,Wristband,afternoon,9,20% discount,1
8676,8994.34,Jeans,morning,8,10% discount,1
8677,7380.19,Jeans,morning,4,Free Shipping,0
8678,3210.81,T-Shirt,afternoon,2,20% discount,1
8679,10815.54,Coffee Mug|Jeans,evening,4,20% discount,0
8680,7186.68,Earbuds,evening,0,Free Shipping,0
8681,2210.72,Adidas Running Shoes,morning,5,20% discount,0
8682,8925.54,Backpack,night,1,20% discount,1
8683,17559.69,Cushion|Cushion,evening,6,10% discount,1
8684,21589.68,Cushion|Jeans|Earbuds,afternoon,8,10% discount,1
8685,9898.4,Sports Cap,night,6,Free Shipping,0
8686,15262.59,Coffee Mug|Adidas Running Shoes,morning,7,5% discount,0
8687,11071.01,Puma Sneakers|Earbuds,morning,0,10% discount,1
8688,6503.1,Coffee Mug,morning,8,10% discount,0
8689,6363.38,Jacket|Jacket,afternoon,7,Free Shipping,1
8690,25659.89,Cushion|Wristband|Adidas Running Shoes,morning,5,20% discount,1
8691,5952.21,Phone Case|Nike Shoes,night,4,10% discount,1
8692,12087.1,Cushion|Phone Case,morning,5,Free Shipping,1
8693,3625.96,Coffee Mug|Earbuds,afternoon,0,10% discount,0
8694,5201.45,Wristband,afternoon,4,20% discount,1
8695,8500.94,Coffee Mug|Nike Shoes,night,1,Free Shipping,0
8696,6242.14,Phone Case,night,1,Free Shipping,1
8697,5139.62,Backpack,morning,5,10% discount,1
8698,3615.22,Earbuds|Nike Shoes,afternoon,1,Free Shipping,1
8699,6096.22,Earbuds,night,10,20% discount,1
8700,8467.82,Earbuds|Coffee Mug|Phone Case,evening,3,Free Shipping,1
8701,1752.72,Jacket,night,1,20% discount,0
8702,6038.68,Jeans,afternoon,10,10% discount,0
8703,18911.11,Puma Sneakers|Puma Sneakers,afternoon,7,10% discount,1
8704,3571.99,Coffee Mug,afternoon,4,Free Shipping,0
8705,4279.72,Wristband,afternoon,2,20% discount,0
8706,2557.83,Jeans,evening,5,5% discount,0
8707,5710.32,Nike Shoes|T-Shirt,morning,7,10% discount,0
8708,2595.19,Nike Shoes,morning,10,10% discount,0
8709,7618.92,Cushion,night,1,10% discount,1
8710,2931.09,Phone Case,evening,0,Free Shipping,0
8711,2916.27,Coffee Mug|Coffee Mug,night,0,Free Shipping,0
8712,4881.53,Jacket,afternoon,10,Free Shipping,0
8713,1700.27,Coffee Mug,morning,9,10% discount,0
8714,7302.29,Phone Case,morning,6,5% discount,0
8715,4925.49,Earbuds,afternoon,0,Free Shipping,0
8716,2316.35,Backpack,morning,10,Free Shipping,0
8717,11595.08,Cushion|Phone Case,morning,3,20% discount,1
8718,2553.83,Adidas Running Shoes,evening,7,10% discount,0
8719,1965.34,Wristband,night,8,20% discount,0
8720,1029.94,Phone Case,night,4,10% discount,1
8721,5674.09,Sports Cap,afternoon,9,Free Shipping,0
8722,6005.27,Earbuds,evening,4,Free Shipping,0
8723,11903.6,Phone Case|Earbuds,night,0,5% discount,0
8724,9948.88,T-Shirt,morning,2,10% discount,0
8725,4064.48,T-Shirt,afternoon,6,Free Shipping,0
8726,17287.96,Wristband|Sports Cap,afternoon,7,5% discount,0
8727,11025.38,Coffee Mug|Phone Case,evening,10,20% discount,1
8728,2067.72,Phone Case,morning,1,5% discount,1
8729,2179.56,Adidas Running Shoes,evening,8,Free Shipping,1
8730,13389.47,Earbuds|Coffee Mug,morning,0,10% discount,1
8731,4032.2,Cushion,afternoon,5,5% discount,0
8732,9970.55,Wristband,night,9,10% discount,0
8733,1302.75,Coffee Mug,afternoon,4,10% discount,0
8734,11833.69,Jeans|Earbuds,evening,10,5% discount,0
8735,4222.98,Cushion,night,5,10% discount,0
8736,2715.2,T-Shirt,night,2,20% discount,0
8737,21660.66,Sports Cap|Adidas Running Shoes|Puma Sneakers,night,0,10% discount,1
8738,7858.79,Earbuds,evening,1,10% discount,1
8739,5282.76,Coffee Mug,evening,1,20% discount,0
8740,13987.93,Phone Case|Phone Case|Coffee Mug,morning,1,10% discount,0
8741,7963.6,Nike Shoes,night,8,5% discount,0
8742,8726.54,Wristband|Earbuds,morning,3,10% discount,1
8743,16558.29,Adidas Running Shoes|Coffee Mug,night,7,10% discount,1
8744,6359.33,Wristband|Earbuds,morning,3,10% discount,0
8745,1688.95,Phone Case,evening,9,Free Shipping,0
8746,9230.32,Sports Cap,morning,2,10% discount,0
8747,2618.28,Sports Cap,evening,9,5% discount,0
8748,6265.63,Earbuds,morning,10,Free Shipping,0
8749,11702.88,T-Shirt|Coffee Mug|Coffee Mug,evening,1,10% discount,0
8750,8958.21,Cushion,morning,2,Free Shipping,0
8751,3300.64,Jeans,night,3,5% discount,0
8752,8969.09,Coffee Mug|Backpack,afternoon,5,20% discount,1
8753,8530.89,Phone Case,night,7,20% discount,1
8754,15545.26,Wristband|Phone Case,afternoon,7,10% discount,0
8755,16078.87,Wristband|Jeans,morning,1,Free Shipping,0
8756,9905.91,Puma Sneakers,morning,2,10% discount,1
8757,2882.75,Cushion,afternoon,1,5% discount,0
8758,5724.09,T-Shirt,morning,9,10% discount,1
8759,9307.56,Backpack,night,3,10% discount,0
8760,4588.68,Sports Cap|Cushion,afternoon,8,Free Shipping,0
8761,2960.6,Sports Cap,night,4,5% discount,0
8762,11765.69,Cushion|Backpack,afternoon,8,10% discount,1
8763,7107.08,Sports Cap,night,8,20% discount,1
8764,11641.01,Jacket|Earbuds,night,10,10% discount,0
8765,4442.4,Phone Case,morning,1,20% discount,1
8766,7199.5,Jacket,night,4,Free Shipping,0
8767,3180.63,Phone Case,evening,9,Free Shipping,1
8768,18284.89,Backpack|T-Shirt,morning,9,20% discount,1
8769,8462.65,Wristband,afternoon,1,10% discount,0
8770,9065.26,Earbuds,afternoon,1,Free Shipping,1
8771,17199.47,Earbuds|Earbuds|Wristband,afternoon,0,Free Shipping,1
8772,16227.13,Phone Case|Earbuds|Coffee Mug,morning,1,Free Shipping,0
8773,4571.1,Adidas Running Shoes,afternoon,10,10% discount,0
8774,17162.07,Earbuds|Cushion|Nike Shoes,evening,1,20% discount,1
8775,14870.61,Jacket|Jacket,night,8,5% discount,0
8776,13732.65,Adidas Running Shoes|Wristband|Cushion,night,1,Free Shipping,0
8777,2906.57,Coffee Mug,morning,10,20% discount,0
8778,6660.37,Jeans,afternoon,3,10% discount,0
8779,13348.91,Earbuds|Sports Cap|Coffee Mug,evening,10,Free Shipping,1
8780,10282.02,Adidas Running Shoes|Cushion,afternoon,2,10% discount,1
8781,6479.63,Backpack,morning,3,20% discount,1
8782,22109.16,Coffee Mug|Earbuds|T-Shirt,night,9,Free Shipping,0
8783,2163.81,Coffee Mug,afternoon,9,20% discount,0
8784,2655.21,Adidas Running Shoes,morning,3,20% discount,1
8785,1465.22,Coffee Mug,evening,5,20% discount,1
8786,9532.15,Puma Sneakers|Jeans,evening,3,10% discount,0
8787,2736.89,Phone Case,morning,7,5% discount,0
8788,8995.42,Adidas Running Shoes,afternoon,1,5% discount,0
8789,7861.22,Cushion,afternoon,5,Free Shipping,0
8790,4018.38,Nike Shoes,afternoon,3,5% discount,0
8791,5744.26,Wristband|Jeans,evening,8,Free Shipping,0
8792,1114.36,Coffee Mug,morning,3,20% discount,0
8793,6121.54,Coffee Mug|Wristband,evening,1,10% discount,0
8794,8071.34,Nike Shoes,night,2,10% discount,1
8795,11614.98,Phone Case|Puma Sneakers,evening,9,5% discount,1
8796,5327.41,Backpack,afternoon,6,Free Shipping,0
8797,5565.43,Puma Sneakers,afternoon,3,20% discount,1
8798,5991.41,Adidas Running Shoes,evening,10,10% discount,0
8799,9382.73,Puma Sneakers,afternoon,9,20% discount,1
8800,4818.42,Earbuds,evening,10,Free Shipping,0
8801,12200.3,Jacket|Backpack|Jacket,night,10,20% discount,1
8802,7012.43,Phone Case,night,0,10% discount,1
8803,2079.29,Coffee Mug,afternoon,5,5% discount,0
8804,9527.17,Coffee Mug,afternoon,5,20% discount,1
8805,2573.37,Nike Shoes,morning,3,10% discount,0
8806,6754.7,Jeans,afternoon,8,20% discount,1
8807,1901.57,Nike Shoes,morning,7,5% discount,0
8808,3613.19,Cushion,afternoon,2,5% discount,0
8809,2568.91,Phone Case,afternoon,7,Free Shipping,0
8810,13876.57,Earbuds|Earbuds,afternoon,7,5% discount,1
8811,6835.75,Jeans,evening,3,Free Shipping,0
8812,11423.08,Wristband|Jeans,evening,0,5% discount,1
8813,1450.8,Phone Case,afternoon,0,5% discount,0
8814,7333.82,Adidas Running Shoes|Cushion,evening,2,10% discount,1
8815,8993.19,Backpack|Adidas Running Shoes,afternoon,2,Free Shipping,0
8816,13955.86,Adidas Running Shoes|T-Shirt|Jeans,evening,4,Free Shipping,0
8817,19660.85,Backpack|Jacket|Coffee Mug,evening,2,10% discount,1
8818,4191.97,T-Shirt|Nike Shoes,evening,8,10% discount,0
8819,13306.92,Wristband|Adidas Running Shoes|Coffee Mug,evening,10,20% discount,1
8820,7502.48,Jeans,evening,7,Free Shipping,0
8821,7112.12,Phone Case,morning,0,Free Shipping,1
8822,7130.98,Wristband,evening,4,5% discount,0
8823,3530.64,Wristband,afternoon,10,5% discount,0
8824,5098.39,Jeans,night,4,Free Shipping,1
8825,7217.02,Backpack,afternoon,5,10% discount,0
8826,9710.54,Backpack,afternoon,9,Free Shipping,0
8827,7357.42,Earbuds|Jeans,afternoon,4,20% discount,1
8828,14542.63,Sports Cap|Coffee Mug|Sports Cap,evening,1,Free Shipping,0
8829,7422.72,Nike Shoes|Nike Shoes,morning,6,20% discount,0
8830,14124.16,Backpack|Cushion,afternoon,9,Free Shipping,0
8831,8778.43,Adidas Running Shoes|Sports Cap|Sports Cap,evening,3,20% discount,1
8832,11010.82,Earbuds|Earbuds,night,0,Free Shipping,1
8833,8759.14,Puma Sneakers,morning,4,20% discount,1
8834,1639.72,Jeans,afternoon,4,5% discount,0
8835,2618.87,Nike Shoes,afternoon,0,5% discount,0
8836,6097.44,Coffee Mug,evening,7,Free Shipping,0
8837,8688.92,Earbuds,morning,8,20% discount,1
8838,5259.29,Phone Case,morning,0,5% discount,0
8839,1693.27,T-Shirt,evening,6,Free Shipping,0
8840,6239.2,Coffee Mug,morning,5,10% discount,1
8841,6095.41,Backpack,morning,6,20% discount,0
8842,5199.72,Sports Cap|Wristband,afternoon,3,20% discount,0
8843,5514.55,Jeans,morning,0,5% discount,0
8844,8171.49,Wristband,afternoon,3,5% discount,0
8845,4726.96,Earbuds,morning,2,10% discount,0
8846,4901.95,Wristband,morning,9,Free Shipping,0
8847,8255.86,Jeans,afternoon,4,5% discount,0
8848,10219.84,Jeans|Cushion,evening,0,Free Shipping,0
8849,6394.54,Phone Case,morning,2,10% discount,1
8850,1390.89,Coffee Mug,evening,5,Free Shipping,0
8851,16022.84,Phone Case|Adidas Running Shoes,evening,2,5% discount,0
8852,6520.14,Phone Case,evening,10,5% discount,1
8853,3489.28,Earbuds,morning,1,5% discount,0
8854,17386.51,Nike Shoes|Coffee Mug,afternoon,3,20% discount,0
8855,11981.28,Earbuds|Phone Case,morning,5,10% discount,0
8856,9248.0,Puma Sneakers,morning,6,Free Shipping,1
8857,7827.83,T-Shirt,morning,3,10% discount,1
8858,9807.14,Adidas Running Shoes|Cushion,afternoon,2,20% discount,0
8859,3391.05,Jacket,evening,2,5% discount,0
8860,8601.74,Wristband,morning,3,10% discount,1
8861,11519.48,Earbuds|Jeans,night,9,Free Shipping,0
8862,7856.27,Sports Cap|Earbuds,afternoon,10,Free Shipping,0
8863,17536.08,Puma Sneakers|Earbuds|Jeans,morning,9,20% discount,1
8864,13878.71,Sports Cap|Coffee Mug|Adidas Running Shoes,morning,5,5% discount,0
8865,9426.53,Coffee Mug,afternoon,5,5% discount,0
8866,8340.84,Phone Case,night,1,10% discount,1
8867,2061.89,Coffee Mug,afternoon,4,Free Shipping,0
8868,3445.68,T-Shirt,morning,4,10% discount,1
8869,5093.03,Earbuds|Jeans,night,5,10% discount,0
8870,7899.82,T-Shirt|Backpack,afternoon,0,Free Shipping,0
8871,1968.96,Earbuds,night,2,10% discount,0
8872,19246.33,Backpack|Jeans|Earbuds,evening,0,Free Shipping,0
8873,4648.33,Coffee Mug,night,6,5% discount,0
8874,9469.49,Backpack|Nike Shoes,night,7,20% discount,0
8875,12880.69,Nike Shoes|Nike Shoes,afternoon,10,5% discount,0
8876,2503.3,Coffee Mug,afternoon,2,10% discount,0
8877,8255.95,Phone Case|Sports Cap,night,2,5% discount,0
8878,4975.02,Cushion,night,6,20% discount,1
8879,14776.0,Jeans|T-Shirt,afternoon,1,20% discount,1
8880,18652.71,Puma Sneakers|Adidas Running Shoes,afternoon,9,20% discount,1
8881,18805.49,T-Shirt|Nike Shoes|Phone Case,night,10,10% discount,1
8882,1099.16,Nike Shoes,morning,1,5% discount,1
8883,2636.62,Nike Shoes,morning,3,Free Shipping,0
8884,9549.14,Coffee Mug|Cushion|Jacket,evening,5,10% discount,1
8885,2387.01,Sports Cap,night,4,Free Shipping,1
8886,9790.79,Adidas Running Shoes,night,8,20% discount,0
8887,7890.57,Jeans|Earbuds,afternoon,3,Free Shipping,1
8888,5958.23,Phone Case,evening,4,Free Shipping,1
8889,7674.71,T-Shirt|Adidas Running Shoes,night,6,Free Shipping,0
8890,17322.76,Earbuds|Jacket|Phone Case,night,4,10% discount,1
8891,4447.68,T-Shirt,night,5,Free Shipping,0
8892,2557.1,Earbuds,morning,8,Free Shipping,1
8893,4559.71,Nike Shoes,afternoon,5,5% discount,0
8894,7150.32,Wristband,night,2,Free Shipping,0
8895,8682.44,Sports Cap,afternoon,6,5% discount,1
8896,1996.93,Wristband,morning,1,10% discount,0
8897,3890.04,Coffee Mug,afternoon,0,20% discount,0
8898,7016.68,Coffee Mug,morning,5,Free Shipping,0
8899,10166.15,Puma Sneakers|Phone Case,morning,0,Free Shipping,0
8900,5879.93,Phone Case,afternoon,0,10% discount,0
8901,6853.62,Earbuds,evening,10,Free Shipping,1
8902,4683.7,Wristband|Puma Sneakers,evening,7,10% discount,1
8903,9027.16,Cushion,evening,9,Free Shipping,0
8904,15751.17,Earbuds|Cushion,night,2,20% discount,1
8905,11145.19,Jeans|Jacket,morning,9,20% discount,1
8906,9395.37,Earbuds,night,5,Free Shipping,0
8907,9657.71,Cushion,evening,1,5% discount,0
8908,16503.44,Phone Case|Nike Shoes|Phone Case,morning,0,20% discount,0
8909,2175.73,Phone Case,evening,5,5% discount,0
8910,20782.36,Coffee Mug|Earbuds|Jacket,morning,9,5% discount,0
8911,16080.46,Phone Case|Phone Case,afternoon,0,20% discount,0
8912,6514.29,Earbuds,evening,2,5% discount,0
8913,13721.91,Jacket|Coffee Mug,morning,8,Free Shipping,0
8914,10695.36,Adidas Running Shoes|Backpack,evening,0,20% discount,0
8915,16059.28,Sports Cap|Puma Sneakers,morning,5,20% discount,0
8916,15688.73,Nike Shoes|Coffee Mug,evening,4,Free Shipping,0
8917,8511.44,Sports Cap|Coffee Mug,afternoon,2,10% discount,1
8918,6904.24,Phone Case,night,0,20% discount,1
8919,15574.3,Sports Cap|Jeans|Coffee Mug,afternoon,8,5% discount,0
8920,4418.82,Backpack,evening,4,10% discount,1
8921,9528.13,Coffee Mug|Jeans,afternoon,5,5% discount,0
8922,12287.53,T-Shirt|Phone Case,afternoon,8,5% discount,0
8923,8763.86,Coffee Mug|Coffee Mug|Coffee Mug,morning,1,Free Shipping,1
8924,13620.56,Coffee Mug|Phone Case,afternoon,10,Free Shipping,0
8925,4217.73,Coffee Mug,evening,6,20% discount,1
8926,7723.89,Jeans,morning,8,10% discount,0
8927,13856.0,Adidas Running Shoes|Jacket|Puma Sneakers,afternoon,2,20% discount,1
8928,5636.83,Jeans|Phone Case,afternoon,10,10% discount,0
8929,16072.55,Puma Sneakers|Phone Case,night,9,10% discount,0
8930,9229.69,Adidas Running Shoes,afternoon,0,Free Shipping,0
8931,8714.77,Sports Cap,night,0,Free Shipping,0
8932,16527.88,Coffee Mug|Coffee Mug,night,10,5% discount,0
8933,1664.6,T-Shirt,night,4,5% discount,0
8934,9824.42,Coffee Mug,afternoon,1,Free Shipping,0
8935,2719.37,Nike Shoes,evening,10,10% discount,1
8936,4834.54,T-Shirt,morning,1,Free Shipping,0
8937,4010.85,Cushion,afternoon,4,Free Shipping,0
8938,14156.5,Jacket|Backpack|Nike Shoes,night,5,10% discount,1
8939,4511.59,Sports Cap|Coffee Mug,night,5,20% discount,0
8940,14470.35,Sports Cap|Puma Sneakers,afternoon,7,10% discount,1
8941,8920.91,Earbuds,afternoon,2,Free Shipping,0
8942,8070.3,Backpack|T-Shirt,morning,5,Free Shipping,1
8943,6397.79,Backpack,morning,8,10% discount,1
8944,15302.2,Puma Sneakers|Cushion|Coffee Mug,afternoon,4,10% discount,0
8945,11795.94,Earbuds|Jacket,afternoon,7,5% discount,0
8946,3504.3,Phone Case,morning,4,Free Shipping,0
8947,7845.54,Nike Shoes,afternoon,8,10% discount,0
8948,1123.85,Wristband,night,9,20% discount,0
8949,3566.69,Wristband,evening,9,10% discount,0
8950,6826.99,Phone Case|Earbuds,evening,4,5% discount,0
8951,9882.99,Adidas Running Shoes,evening,6,20% discount,1
8952,8145.72,T-Shirt,evening,10,10% discount,0
8953,11527.71,Earbuds|Earbuds,night,1,10% discount,0
8954,6368.39,Wristband,afternoon,5,5% discount,0
8955,17290.05,Wristband|Sports Cap|Jacket,afternoon,2,10% discount,1
8956,5629.6,Coffee Mug,evening,7,Free Shipping,0
8957,2448.01,Sports Cap,morning,9,20% discount,0
8958,1325.78,Nike Shoes,morning,4,Free Shipping,0
8959,8665.24,Coffee Mug,afternoon,10,10% discount,1
8960,11590.27,Cushion|Jacket,night,6,20% discount,0
8961,8987.81,Earbuds,morning,5,Free Shipping,0
8962,5164.85,Backpack,evening,4,Free Shipping,0
8963,8600.95,Wristband|Wristband,morning,8,Free Shipping,0
8964,15335.78,Cushion|Cushion,afternoon,10,10% discount,1
8965,9858.12,Sports Cap,night,5,Free Shipping,1
8966,9385.59,T-Shirt|Earbuds,afternoon,0,Free Shipping,1
8967,1591.19,Phone Case,afternoon,5,20% discount,0
8968,5805.34,Earbuds,afternoon,0,Free Shipping,1
8969,7492.58,Wristband,evening,1,10% discount,0
8970,7969.22,Phone Case,morning,8,10% discount,1
8971,14154.77,Earbuds|Phone Case|T-Shirt,morning,10,10% discount,1
8972,5631.56,Puma Sneakers,evening,5,5% discount,1
8973,2941.5,Jeans,night,10,10% discount,0
8974,21631.81,Jeans|Jeans|Coffee Mug,afternoon,10,20% discount,0
8975,11438.68,Wristband|Backpack|Adidas Running Shoes,evening,7,Free Shipping,1
8976,6336.38,Cushion|Phone Case,night,6,5% discount,0
8977,15177.76,Coffee Mug|Jacket|Jacket,evening,10,20% discount,1
8978,7119.1,Cushion,afternoon,2,Free Shipping,0
8979,1857.7,Sports Cap,morning,10,10% discount,1
8980,4151.38,Earbuds|Jacket,evening,10,Free Shipping,1
8981,10990.93,Puma Sneakers|Phone Case,night,2,20% discount,1
8982,10607.61,T-Shirt|Coffee Mug,afternoon,10,20% discount,1
8983,16153.87,Sports Cap|T-Shirt|Cushion,morning,6,10% discount,1
8984,13779.8,Cushion|Adidas Running Shoes,night,0,10% discount,0
8985,7412.81,Cushion,afternoon,9,10% discount,1
8986,2374.73,T-Shirt,morning,4,Free Shipping,0
8987,2023.14,Wristband,afternoon,4,Free Shipping,0
8988,9777.48,Sports Cap|Phone Case,morning,5,10% discount,0
8989,14232.15,Puma Sneakers|Backpack|Puma Sneakers,night,4,Free Shipping,0
8990,5555.52,Puma Sneakers,afternoon,1,5% discount,0
8991,5359.19,Adidas Running Shoes|Earbuds,morning,9,10% discount,0
8992,17718.43,Jeans|T-Shirt|Puma Sneakers,evening,5,10% discount,1
8993,1094.23,Earbuds,evening,6,10% discount,0
8994,5374.05,Backpack,night,5,5% discount,0
8995,2343.41,Backpack,afternoon,0,5% discount,0
8996,2361.51,Coffee Mug,evening,6,Free Shipping,1
8997,4360.74,Wristband,evening,5,10% discount,1
8998,3728.21,Backpack,evening,7,20% discount,0
8999,8321.6,T-Shirt,afternoon,7,10% discount,1
9000,13598.34,Adidas Running Shoes|T-Shirt,evening,0,5% discount,1
9001,15506.28,Jacket|Coffee Mug,afternoon,9,5% discount,1
9002,7223.86,Phone Case,afternoon,9,10% discount,0
9003,13665.37,Phone Case|Sports Cap,night,0,Free Shipping,0
9004,9270.58,Cushion,night,0,20% discount,0
9005,1823.2,Earbuds,night,6,20% discount,0
9006,5553.8,Sports Cap,afternoon,6,Free Shipping,0
9007,7217.38,Puma Sneakers,night,2,Free Shipping,0
9008,18030.51,Adidas Running Shoes|Phone Case,afternoon,9,20% discount,1
9009,16586.04,Sports Cap|Backpack|Earbuds,afternoon,1,Free Shipping,0
9010,17331.25,Puma Sneakers|Phone Case,night,4,10% discount,1
9011,1208.43,Sports Cap,night,4,20% discount,1
9012,12120.22,Nike Shoes|Cushion|Phone Case,evening,10,10% discount,1
9013,5836.15,Puma Sneakers,evening,1,Free Shipping,1
9014,4482.18,Phone Case,afternoon,10,10% discount,0
9015,6990.94,Nike Shoes|Backpack,morning,9,Free Shipping,0
9016,11983.99,Adidas Running Shoes|Coffee Mug|Cushion,morning,4,10% discount,1
9017,1649.71,T-Shirt,evening,4,Free Shipping,1
9018,6565.35,Jeans,afternoon,3,20% discount,1
9019,7272.35,Earbuds,night,8,Free Shipping,1
9020,4506.37,Coffee Mug,night,7,20% discount,1
9021,2198.59,Cushion,night,4,Free Shipping,1
9022,27097.87,Coffee Mug|T-Shirt|Sports Cap,afternoon,6,10% discount,1
9023,6296.67,Backpack,evening,0,10% discount,0
9024,6556.09,Jacket,evening,7,20% discount,1
9025,7747.14,Puma Sneakers,afternoon,3,20% discount,0
9026,4394.23,Coffee Mug,evening,4,20% discount,0
9027,11426.24,Backpack|Nike Shoes,morning,4,Free Shipping,1
9028,8515.96,Phone Case|Backpack,afternoon,2,20% discount,1
9029,5414.29,Adidas Running Shoes,morning,9,20% discount,0
9030,9493.17,Sports Cap,afternoon,9,10% discount,1
9031,15926.18,Puma Sneakers|Adidas Running Shoes|Puma Sneakers,afternoon,2,5% discount,0
9032,17869.31,Cushion|Phone Case,afternoon,2,5% discount,0
9033,17395.48,T-Shirt|Phone Case|Coffee Mug,evening,8,10% discount,1
9034,17710.77,Sports Cap|Wristband|T-Shirt,evening,7,10% discount,0
9035,6685.36,Earbuds,night,9,5% discount,0
9036,15258.1,Cushion|Cushion|Adidas Running Shoes,night,6,Free Shipping,0
9037,12952.29,Coffee Mug|Earbuds,night,5,Free Shipping,0
9038,9250.52,Coffee Mug,night,6,5% discount,1
9039,1274.74,Jacket,morning,8,10% discount,1
9040,1045.91,Cushion,morning,10,20% discount,0
9041,13960.31,Jacket|Wristband,evening,2,10% discount,0
9042,13300.86,Earbuds|Earbuds,evening,8,Free Shipping,1
9043,7138.09,Phone Case|Cushion,afternoon,7,20% discount,1
9044,3276.94,Earbuds,night,2,Free Shipping,0
9045,9283.66,Puma Sneakers|Nike Shoes|Jeans,afternoon,2,5% discount,0
9046,5957.72,Phone Case,night,6,5% discount,1
9047,7253.32,Puma Sneakers,morning,0,10% discount,0
9048,3311.92,T-Shirt,evening,2,Free Shipping,0
9049,9164.57,Cushion,afternoon,0,10% discount,1
9050,4931.93,T-Shirt,evening,1,20% discount,0
9051,19658.37,Wristband|Earbuds|T-Shirt,evening,9,5% discount,1
9052,18034.58,Phone Case|Coffee Mug,morning,3,5% discount,0
9053,8288.84,Jeans,night,6,Free Shipping,0
9054,10824.74,Nike Shoes|Phone Case,evening,5,Free Shipping,0
9055,11948.93,Phone Case|Phone Case,afternoon,2,20% discount,1
9056,11239.69,Wristband|T-Shirt,night,4,20% discount,0
9057,17199.14,Earbuds|Sports Cap,evening,5,10% discount,0
9058,8723.68,Cushion,morning,7,5% discount,0
9059,13748.35,Jeans|Phone Case|Nike Shoes,evening,7,10% discount,0
9060,3703.01,Nike Shoes,afternoon,3,Free Shipping,0
9061,8445.06,Jacket,evening,1,Free Shipping,1
9062,5122.45,Adidas Running Shoes,morning,1,5% discount,0
9063,13106.29,Puma Sneakers|Backpack,evening,7,10% discount,0
9064,13842.75,T-Shirt|Adidas Running Shoes,afternoon,4,5% discount,0
9065,9640.31,Phone Case,afternoon,4,20% discount,1
9066,11543.0,Jacket|Earbuds,evening,2,10% discount,1
9067,4134.92,Sports Cap,evening,0,Free Shipping,0
9068,7697.78,Cushion,night,0,10% discount,1
9069,4702.15,Jacket,evening,8,20% discount,1
9070,13851.49,Adidas Running Shoes|Puma Sneakers,evening,5,Free Shipping,0
9071,6407.52,Puma Sneakers,morning,6,10% discount,0
9072,17189.25,Adidas Running Shoes|Jeans,afternoon,5,10% discount,0
9073,4151.44,Backpack,morning,1,10% discount,1
9074,11136.26,Nike Shoes|Cushion,night,0,10% discount,1
9075,5881.43,Earbuds,night,8,Free Shipping,1
9076,17675.22,Nike Shoes|Wristband,morning,6,20% discount,1
9077,4520.19,Earbuds,morning,0,10% discount,0
9078,8531.0,Cushion,morning,3,5% discount,0
9079,2473.79,Earbuds,night,2,10% discount,0
9080,2162.64,Backpack,afternoon,4,20% discount,1
9081,3089.13,Earbuds,afternoon,1,5% discount,0
9082,1951.6,Adidas Running Shoes,night,10,20% discount,0
9083,1083.84,Jeans,afternoon,0,Free Shipping,0
9084,7189.94,Cushion,night,0,Free Shipping,1
9085,6706.05,Coffee Mug|Phone Case,morning,7,Free Shipping,0
9086,1326.75,Phone Case,evening,9,20% discount,0
9087,2072.92,Sports Cap,night,8,10% discount,0
9088,7068.0,Phone Case,afternoon,1,10% discount,0
9089,4093.81,Coffee Mug,night,4,Free Shipping,1
9090,6453.6,Coffee Mug,evening,7,Free Shipping,0
9091,5268.58,T-Shirt,evening,1,10% discount,1
9092,2648.1,Jacket,night,10,10% discount,0
9093,5266.65,Jeans,afternoon,0,10% discount,0
9094,10048.85,Jeans|T-Shirt,afternoon,6,10% discount,0
9095,9123.02,T-Shirt,evening,3,10% discount,1
9096,11501.0,Wristband|Earbuds,morning,2,10% discount,1
9097,7040.36,Earbuds,night,7,10% discount,0
9098,13072.3,Jeans|Coffee Mug,night,5,10% discount,1
9099,8746.32,T-Shirt|Coffee Mug,afternoon,1,Free Shipping,1
9100,8842.9,T-Shirt|T-Shirt|Cushion,evening,5,10% discount,1
9101,6884.99,Jacket,evening,10,Free Shipping,0
9102,1440.15,Nike Shoes,night,7,Free Shipping,1
9103,22775.5,Earbuds|Earbuds|Coffee Mug,afternoon,10,20% discount,1
9104,1215.21,Sports Cap,evening,2,5% discount,0
9105,14654.71,Cushion|Wristband,night,4,Free Shipping,0
9106,6804.63,Sports Cap,night,9,10% discount,0
9107,10154.52,Wristband|Backpack,evening,9,10% discount,0
9108,13217.33,Puma Sneakers|Puma Sneakers,night,8,10% discount,1
9109,10606.37,Coffee Mug|Wristband,morning,6,5% discount,0
9110,14106.88,Coffee Mug|Sports Cap,morning,6,Free Shipping,0
9111,6010.45,Nike Shoes|Puma Sneakers,evening,4,10% discount,0
9112,7879.87,T-Shirt|Phone Case,night,10,10% discount,1
9113,9724.23,Jeans,night,6,10% discount,1
9114,12849.88,Wristband|Coffee Mug,afternoon,4,10% discount,0
9115,4820.12,Wristband,morning,10,Free Shipping,1
9116,9357.53,Coffee Mug,afternoon,9,10% discount,0
9117,12084.36,Coffee Mug|Coffee Mug,afternoon,6,10% discount,1
9118,7557.71,Wristband,morning,4,Free Shipping,0
9119,17332.79,Earbuds|Adidas Running Shoes|Coffee Mug,afternoon,7,Free Shipping,1
9120,8820.18,Coffee Mug,morning,5,10% discount,0
9121,9144.78,Earbuds|Adidas Running Shoes,morning,9,5% discount,0
9122,9171.6,Puma Sneakers,night,4,Free Shipping,0
9123,13731.81,Sports Cap|Cushion|Cushion,night,5,Free Shipping,0
9124,9697.55,Earbuds,morning,9,Free Shipping,1
9125,8735.62,Earbuds,afternoon,8,20% discount,1
9126,4667.7,Sports Cap,afternoon,10,Free Shipping,0
9127,14699.28,Jacket|Jacket|Phone Case,evening,2,Free Shipping,0
9128,21857.68,Adidas Running Shoes|Jacket|Wristband,evening,9,10% discount,1
9129,10334.67,Sports Cap|Phone Case,evening,1,Free Shipping,0
9130,10272.86,Puma Sneakers|Sports Cap,morning,6,20% discount,1
9131,8989.22,Coffee Mug,afternoon,3,Free Shipping,0
9132,5612.08,Adidas Running Shoes,night,6,Free Shipping,0
9133,1638.81,Adidas Running Shoes,evening,2,10% discount,0
9134,9100.95,T-Shirt|Sports Cap,evening,7,20% discount,1
9135,9858.99,T-Shirt,morning,4,10% discount,0
9136,1086.26,Puma Sneakers,evening,3,10% discount,0
9137,5041.13,Wristband,afternoon,4,20% discount,0
9138,1940.38,Sports Cap,evening,1,Free Shipping,1
9139,14953.08,Earbuds|Earbuds,afternoon,4,Free Shipping,1
9140,9447.4,Jacket,evening,7,Free Shipping,1
9141,4076.23,Earbuds,afternoon,5,20% discount,0
9142,1058.27,Jeans,morning,7,20% discount,0
9143,5369.25,Earbuds,morning,0,Free Shipping,0
9144,6138.18,Jeans,night,4,20% discount,1
9145,13147.3,Adidas Running Shoes|Jeans,night,4,10% discount,0
9146,4256.79,Phone Case,morning,4,20% discount,0
9147,11218.86,Nike Shoes|Backpack,morning,3,20% discount,1
9148,5855.54,Puma Sneakers,evening,7,Free Shipping,0
9149,4070.7,Earbuds,morning,4,Free Shipping,0
9150,7728.26,Phone Case,evening,5,10% discount,1
9151,7760.51,Jeans,night,9,10% discount,0
9152,15731.01,Wristband|Phone Case,afternoon,2,Free Shipping,1
9153,8328.69,Cushion,night,1,10% discount,0
9154,6610.2,T-Shirt,morning,5,10% discount,1
9155,10327.88,Adidas Running Shoes|T-Shirt,evening,6,5% discount,0
9156,3788.93,Sports Cap|Jeans,afternoon,1,10% discount,1
9157,8855.68,Puma Sneakers|Adidas Running Shoes,night,5,20% discount,0
9158,9740.08,Phone Case|Wristband,morning,9,10% discount,0
9159,6675.72,Earbuds,morning,10,5% discount,1
9160,2177.73,Earbuds,night,1,20% discount,1
9161,7705.52,Puma Sneakers|Jeans,night,4,5% discount,1
9162,14178.06,Coffee Mug|Jeans,evening,9,20% discount,1
9163,7039.17,Coffee Mug,afternoon,3,Free Shipping,0
9164,5333.42,Backpack,evening,0,20% discount,0
9165,10293.4,Adidas Running Shoes|Phone Case,evening,7,Free Shipping,0
9166,24733.62,Phone Case|Coffee Mug|Sports Cap,morning,6,10% discount,0
9167,9491.5,Phone Case,morning,5,10% discount,0
9168,7690.02,Jeans|Adidas Running Shoes,night,2,Free Shipping,0
9169,9784.92,Jacket,morning,1,20% discount,0
9170,11487.02,Coffee Mug|Phone Case,evening,0,Free Shipping,1
9171,17858.45,Nike Shoes|T-Shirt|Nike Shoes,night,1,Free Shipping,0
9172,1572.96,Backpack,night,7,20% discount,1
9173,7054.58,Sports Cap,evening,0,Free Shipping,0
9174,8555.06,Earbuds,morning,6,10% discount,1
9175,12917.39,Phone Case|Cushion|Puma Sneakers,night,0,20% discount,0
9176,2929.18,Jacket,morning,2,10% discount,0
9177,4903.48,Phone Case,evening,4,5% discount,0
9178,5603.82,Jacket|Puma Sneakers,night,0,20% discount,0
9179,6380.32,Earbuds,afternoon,2,10% discount,0
9180,13570.49,Sports Cap|Nike Shoes,night,0,10% discount,1
9181,8145.0,Cushion,morning,5,5% discount,0
9182,17454.8,Phone Case|Cushion|Puma Sneakers,evening,0,Free Shipping,0
9183,6399.19,Earbuds|Cushion,evening,7,10% discount,1
9184,9661.31,Adidas Running Shoes,night,4,10% discount,1
9185,13447.67,Earbuds|Earbuds,morning,3,5% discount,0
9186,7213.82,Jacket,morning,1,Free Shipping,0
9187,6257.99,Wristband,evening,7,20% discount,1
9188,7027.09,Cushion,morning,7,Free Shipping,0
9189,2708.49,Backpack,afternoon,6,10% discount,0
9190,1674.67,Cushion,evening,6,Free Shipping,1
9191,6442.35,Puma Sneakers,afternoon,0,10% discount,0
9192,17377.06,Puma Sneakers|T-Shirt|Backpack,night,6,10% discount,1
9193,10385.51,Nike Shoes|Sports Cap|Cushion,night,8,Free Shipping,0
9194,6951.77,Cushion|Cushion,morning,6,10% discount,0
9195,6980.98,Phone Case,afternoon,2,5% discount,0
9196,8566.29,Coffee Mug|Jeans,afternoon,7,Free Shipping,1
9197,17800.32,Adidas Running Shoes|Nike Shoes|T-Shirt,evening,9,Free Shipping,0
9198,2634.87,Adidas Running Shoes,evening,5,Free Shipping,1
9199,3393.05,Backpack,morning,9,20% discount,0
9200,7121.77,Earbuds,evening,0,Free Shipping,0
9201,2821.38,Phone Case,morning,3,10% discount,0
9202,4273.64,Jacket,afternoon,8,10% discount,0
9203,4024.84,Sports Cap,evening,2,5% discount,0
9204,16234.26,Cushion|Sports Cap,evening,0,10% discount,0
9205,8442.59,Backpack|Adidas Running Shoes,morning,0,10% discount,0
9206,4232.86,Jacket,morning,2,5% discount,0
9207,6529.85,Nike Shoes,afternoon,6,5% discount,1
9208,17228.31,Puma Sneakers|Backpack,afternoon,4,10% discount,0
9209,15520.04,Jacket|Earbuds,morning,10,10% discount,1
9210,9072.47,Adidas Running Shoes|Coffee Mug,afternoon,3,10% discount,0
9211,3963.64,Cushion,afternoon,3,10% discount,1
9212,1242.1,Jacket,morning,7,10% discount,1
9213,8162.66,Earbuds,afternoon,1,5% discount,0
9214,9897.59,T-Shirt,evening,5,10% discount,1
9215,7214.42,Adidas Running Shoes|Coffee Mug,morning,6,5% discount,1
9216,3989.38,Wristband,night,5,Free Shipping,0
9217,4279.03,Cushion,night,0,10% discount,0
9218,1024.02,Coffee Mug,evening,2,5% discount,0
9219,2526.87,Earbuds,evening,0,Free Shipping,0
9220,7770.02,Sports Cap,afternoon,8,Free Shipping,1
9221,2131.76,Cushion,afternoon,8,Free Shipping,0
9222,2609.77,Nike Shoes,morning,10,10% discount,0
9223,9554.75,Wristband,night,2,10% discount,0
9224,7978.54,Adidas Running Shoes|T-Shirt,afternoon,6,Free Shipping,0
9225,9942.61,Backpack|Nike Shoes,night,2,Free Shipping,0
9226,13902.68,Phone Case|Phone Case,afternoon,6,10% discount,1
9227,6816.61,Nike Shoes|Nike Shoes,morning,3,Free Shipping,0
9228,8132.36,Phone Case,morning,3,Free Shipping,0
9229,17011.36,Nike Shoes|Jacket|Cushion,afternoon,5,Free Shipping,1
9230,20931.73,Puma Sneakers|Puma Sneakers|Backpack,evening,4,5% discount,0
9231,1958.02,T-Shirt,afternoon,3,10% discount,0
9232,6171.1,Coffee Mug,morning,10,Free Shipping,1
9233,12609.08,Sports Cap|Earbuds,afternoon,7,5% discount,0
9234,2194.09,Adidas Running Shoes,night,2,5% discount,0
9235,14183.85,Cushion|Nike Shoes|Phone Case,afternoon,7,Free Shipping,1
9236,8889.31,Jeans|Jeans,morning,5,Free Shipping,0
9237,15592.34,Cushion|Cushion,afternoon,3,20% discount,1
9238,8085.41,Coffee Mug,evening,0,10% discount,1
9239,4627.32,Coffee Mug,morning,6,10% discount,1
9240,9386.33,Earbuds,evening,9,5% discount,1
9241,18200.38,Puma Sneakers|Cushion|T-Shirt,morning,8,10% discount,0
9242,12812.82,Earbuds|T-Shirt|Sports Cap,morning,1,10% discount,1
9243,19592.49,Nike Shoes|Phone Case,night,7,20% discount,0
9244,7169.64,Jacket,evening,7,5% discount,1
9245,5228.23,T-Shirt,afternoon,5,20% discount,1
9246,7885.43,Puma Sneakers,afternoon,4,Free Shipping,0
9247,2868.07,Coffee Mug,night,10,10% discount,0
9248,2466.26,Puma Sneakers|Earbuds,afternoon,10,Free Shipping,1
9249,6297.88,Phone Case,afternoon,5,10% discount,1
9250,4717.05,Coffee Mug,evening,7,Free Shipping,0
9251,4158.17,Jacket,evening,10,20% discount,1
9252,4666.37,Coffee Mug,afternoon,3,Free Shipping,0
9253,8715.06,Cushion,morning,9,Free Shipping,0
9254,5835.08,Adidas Running Shoes,morning,2,20% discount,1
9255,9244.5,Sports Cap,evening,0,Free Shipping,0
9256,9527.74,Adidas Running Shoes,evening,7,Free Shipping,1
9257,6705.15,Coffee Mug|Sports Cap,afternoon,0,Free Shipping,0
9258,22665.04,Coffee Mug|Sports Cap|Backpack,morning,2,Free Shipping,0
9259,2556.55,Wristband,afternoon,7,10% discount,1
9260,8980.77,Earbuds|Jacket,afternoon,6,20% discount,1
9261,12511.4,Backpack|Earbuds,evening,5,20% discount,1
9262,7246.53,Phone Case,night,2,Free Shipping,0
9263,7309.86,Cushion|Jeans,night,2,20% discount,1
9264,6555.69,Sports Cap,night,4,10% discount,0
9265,2953.15,Wristband,night,10,5% discount,0
9266,3562.27,Earbuds|Wristband,morning,0,Free Shipping,0
9267,9294.97,Jeans,evening,7,5% discount,1
9268,1201.6,Wristband,night,10,Free Shipping,0
9269,2601.52,Phone Case,afternoon,9,Free Shipping,0
9270,4362.39,Jacket,morning,1,Free Shipping,0
9271,8827.02,Nike Shoes|Phone Case,night,4,10% discount,1
9272,9388.23,Puma Sneakers,afternoon,7,5% discount,0
9273,5732.42,Puma Sneakers|Puma Sneakers,evening,1,Free Shipping,0
9274,3418.95,Sports Cap,night,5,20% discount,0
9275,5321.23,Puma Sneakers,morning,6,Free Shipping,1
9276,12468.35,Coffee Mug|Wristband,night,0,10% discount,1
9277,8151.15,Sports Cap,night,2,Free Shipping,1
9278,9366.92,Phone Case,afternoon,1,20% discount,1
9279,7780.04,T-Shirt|Coffee Mug,afternoon,7,10% discount,1
9280,6352.61,Puma Sneakers,night,9,Free Shipping,1
9281,5160.63,Coffee Mug,morning,0,20% discount,1
9282,2775.82,Cushion,afternoon,2,10% discount,0
9283,3211.32,Jeans|Wristband,afternoon,4,20% discount,0
9284,5364.36,Phone Case,evening,8,Free Shipping,0
9285,1434.8,Nike Shoes,evening,6,20% discount,0
9286,4115.38,Phone Case,afternoon,0,10% discount,1
9287,3338.98,Backpack,evening,6,10% discount,1
9288,7444.49,Jeans|Wristband,evening,0,10% discount,0
9289,4502.19,Coffee Mug,evening,1,20% discount,0
9290,14765.14,Puma Sneakers|Adidas Running Shoes,morning,5,Free Shipping,1
9291,17068.14,Jacket|Cushion|Puma Sneakers,night,5,10% discount,1
9292,3607.01,Wristband,evening,5,Free Shipping,0
9293,7346.92,T-Shirt,evening,3,Free Shipping,0
9294,1188.76,Phone Case,morning,5,Free Shipping,0
9295,6685.73,Puma Sneakers,evening,7,Free Shipping,0
9296,14343.51,Jacket|Backpack|Jacket,morning,8,20% discount,1
9297,9117.27,Jeans,afternoon,10,5% discount,0
9298,4389.83,Jeans,morning,2,5% discount,0
9299,15447.94,T-Shirt|Wristband,night,7,10% discount,0
9300,5888.34,T-Shirt,night,2,Free Shipping,0
9301,4609.01,Coffee Mug,afternoon,2,5% discount,0
9302,6842.69,Cushion,evening,5,10% discount,1
9303,7146.23,Backpack|Coffee Mug,afternoon,4,Free Shipping,0
9304,9584.15,Earbuds,night,7,10% discount,0
9305,6587.21,Jeans,morning,5,20% discount,1
9306,8531.98,Coffee Mug,morning,7,Free Shipping,0
9307,9046.7,Earbuds,night,6,10% discount,0
9308,5334.16,Cushion,afternoon,8,Free Shipping,0
9309,2921.74,Earbuds,morning,1,Free Shipping,0
9310,7994.01,Adidas Running Shoes,night,3,20% discount,1
9311,16312.38,Puma Sneakers|Adidas Running Shoes,afternoon,0,Free Shipping,0
9312,9562.56,Jeans,evening,7,10% discount,1
9313,7592.16,Wristband,night,9,20% discount,0
9314,7970.27,Coffee Mug|Adidas Running Shoes,morning,1,10% discount,1
9315,5343.9,Coffee Mug,evening,5,5% discount,0
9316,1303.98,Jeans,afternoon,6,5% discount,0
9317,2422.47,Cushion,night,2,10% discount,1
9318,3626.97,Cushion,evening,3,Free Shipping,0
9319,9892.24,T-Shirt,night,3,20% discount,1
9320,3587.45,Puma Sneakers|Coffee Mug,night,0,5% discount,0
9321,15689.84,Coffee Mug|Jacket,morning,10,20% discount,1
9322,2818.88,Jeans,afternoon,1,Free Shipping,0
9323,18756.91,Puma Sneakers|Coffee Mug,afternoon,10,5% discount,0
9324,14376.07,Adidas Running Shoes|Wristband|Wristband,evening,4,5% discount,0
9325,13107.83,Backpack|Coffee Mug|Earbuds,evening,3,10% discount,0
9326,15658.54,Earbuds|Earbuds|Sports Cap,afternoon,3,5% discount,1
9327,1675.55,Earbuds,morning,9,Free Shipping,1
9328,4070.67,Wristband,afternoon,5,10% discount,1
9329,21081.68,Backpack|Cushion|Phone Case,morning,0,Free Shipping,0
9330,15653.46,T-Shirt|Sports Cap,morning,10,Free Shipping,1
9331,4660.67,Coffee Mug,morning,9,10% discount,0
9332,9617.03,Backpack,morning,10,20% discount,1
9333,13247.18,Coffee Mug|Jeans|Sports Cap,night,1,10% discount,1
9334,7046.53,Phone Case|Coffee Mug,morning,2,10% discount,1
9335,6885.01,T-Shirt,afternoon,8,Free Shipping,0
9336,6799.31,Sports Cap,evening,2,Free Shipping,1
9337,5675.71,Cushion|Cushion,morning,10,Free Shipping,0
9338,7197.28,Cushion,morning,1,5% discount,0
9339,7895.71,T-Shirt,night,8,5% discount,1
9340,11591.3,Wristband|Adidas Running Shoes,afternoon,3,10% discount,0
9341,5995.89,Cushion|Adidas Running Shoes,morning,6,5% discount,0
9342,6254.89,Jeans,evening,8,5% discount,0
9343,9746.98,Coffee Mug,afternoon,6,10% discount,1
9344,8237.86,Wristband,evening,8,5% discount,1
9345,9008.96,Adidas Running Shoes,morning,0,Free Shipping,0
9346,3339.92,Coffee Mug,night,1,10% discount,1
9347,2554.67,Nike Shoes|Coffee Mug,evening,7,20% discount,1
9348,18980.51,Coffee Mug|Wristband,morning,2,10% discount,0
9349,9571.24,Cushion,night,4,10% discount,0
9350,10361.93,Sports Cap|Coffee Mug|Phone Case,morning,1,10% discount,0
9351,11918.18,Coffee Mug|Cushion,night,1,5% discount,0
9352,7044.99,Jacket,night,1,10% discount,0
9353,2035.11,Phone Case,morning,3,10% discount,1
9354,9869.94,Adidas Running Shoes,morning,8,Free Shipping,0
9355,6176.3,Jacket,evening,7,10% discount,1
9356,14471.62,T-Shirt|Jacket,night,7,10% discount,1
9357,2769.22,Backpack,evening,10,5% discount,0
9358,3979.09,Jeans,afternoon,4,20% discount,0
9359,3655.14,Earbuds,evening,6,10% discount,0
9360,4833.33,Phone Case,afternoon,9,20% discount,1
9361,5114.05,Wristband,night,3,5% discount,0
9362,8546.17,Cushion,night,8,20% discount,0
9363,18837.92,Puma Sneakers|Sports Cap,morning,6,5% discount,0
9364,5262.5,Coffee Mug,evening,7,10% discount,1
9365,5063.94,Backpack,evening,5,5% discount,0
9366,5031.89,Phone Case,night,10,20% discount,0
9367,4758.16,Puma Sneakers,evening,9,10% discount,0
9368,2459.58,Jacket,afternoon,4,10% discount,1
9369,8652.63,Phone Case,evening,0,10% discount,1
9370,9450.72,Wristband|Jacket,morning,4,10% discount,0
9371,19256.82,Puma Sneakers|Coffee Mug,evening,4,5% discount,0
9372,2999.94,Coffee Mug,night,0,Free Shipping,0
9373,8102.39,Jeans,morning,0,Free Shipping,0
9374,15156.61,Coffee Mug|Phone Case|Backpack,afternoon,0,20% discount,1
9375,14922.44,Phone Case|T-Shirt,morning,8,5% discount,1
9376,5483.38,Coffee Mug,evening,0,10% discount,0
9377,1123.73,Nike Shoes,night,5,10% discount,0
9378,12363.0,Jacket|Earbuds|Phone Case,evening,7,20% discount,0
9379,6104.69,Phone Case,night,4,Free Shipping,1
9380,4798.1,Cushion,night,1,10% discount,0
9381,5303.37,Coffee Mug,evening,6,Free Shipping,0
9382,11040.36,T-Shirt|Jacket,afternoon,7,20% discount,1
9383,4832.4,Earbuds,morning,9,20% discount,0
9384,16626.32,Backpack|Nike Shoes,evening,9,Free Shipping,1
9385,9842.97,Earbuds|Jeans,morning,3,20% discount,1
9386,8808.54,Jacket,evening,5,20% discount,0
9387,5718.39,Cushion,morning,1,20% discount,1
9388,9073.39,Backpack|Cushion,night,7,5% discount,0
9389,14667.18,Cushion|Coffee Mug,evening,10,5% discount,1
9390,6281.29,Backpack,night,6,Free Shipping,0
9391,4884.34,Phone Case,afternoon,8,Free Shipping,0
9392,14453.41,Nike Shoes|Earbuds,afternoon,8,Free Shipping,1
9393,7511.99,Puma Sneakers|T-Shirt|Adidas Running Shoes,afternoon,8,10% discount,1
9394,3822.36,T-Shirt,evening,0,5% discount,1
9395,7842.77,Puma Sneakers,evening,1,20% discount,0
9396,8698.78,Backpack,morning,2,20% discount,1
9397,7313.45,Cushion,evening,4,5% discount,1
9398,5154.21,Puma Sneakers,night,1,Free Shipping,1
9399,18815.0,Jacket|Cushion,morning,1,10% discount,0
9400,1944.41,Cushion,evening,6,10% discount,0
9401,6541.48,Cushion,afternoon,9,10% discount,1
9402,7828.1,Earbuds,morning,6,10% discount,0
9403,10516.82,Backpack|T-Shirt,evening,4,5% discount,1
9404,17184.1,Coffee Mug|T-Shirt,night,0,10% discount,1
9405,4446.49,T-Shirt,morning,4,5% discount,0
9406,4492.52,T-Shirt,morning,8,5% discount,0
9407,4272.33,Earbuds,night,9,5% discount,0
9408,6826.95,Wristband|Adidas Running Shoes,evening,4,20% discount,1
9409,4515.2,Adidas Running Shoes,afternoon,2,Free Shipping,0
9410,2210.57,Wristband,afternoon,5,Free Shipping,0
9411,4041.8,Phone Case,evening,3,Free Shipping,1
9412,5708.54,Earbuds,morning,1,5% discount,0
9413,9206.72,Wristband,night,4,Free Shipping,0
9414,5284.07,Wristband,evening,0,10% discount,1
9415,9852.2,Cushion|Jeans,evening,4,20% discount,1
9416,9888.58,Adidas Running Shoes,evening,8,Free Shipping,1
9417,2738.56,Coffee Mug,afternoon,1,Free Shipping,0
9418,7058.49,Phone Case|Jeans,afternoon,1,20% discount,1
9419,8039.53,Jeans|Sports Cap,afternoon,0,5% discount,1
9420,2340.94,Jeans,evening,3,10% discount,0
9421,2778.0,Adidas Running Shoes,afternoon,4,5% discount,0
9422,9328.08,Nike Shoes,evening,0,5% discount,0
9423,4103.58,Adidas Running Shoes,afternoon,9,10% discount,0
9424,4762.51,Puma Sneakers|Phone Case,afternoon,4,10% discount,1
9425,5231.02,Coffee Mug,night,7,5% discount,0
9426,10557.18,Sports Cap|Earbuds,evening,2,10% discount,0
9427,9355.89,T-Shirt,evening,4,Free Shipping,0
9428,1049.85,Phone Case,morning,3,20% discount,0
9429,3019.96,Earbuds,evening,10,5% discount,0
9430,4471.16,Puma Sneakers,morning,4,Free Shipping,1
9431,8822.49,Coffee Mug,night,1,10% discount,0
9432,1345.56,Jeans,morning,4,Free Shipping,1
9433,22806.02,Earbuds|Jeans|Sports Cap,night,7,20% discount,1
9434,4908.33,Coffee Mug,morning,1,20% discount,0
9435,2820.22,Coffee Mug,afternoon,0,5% discount,0
9436,5195.51,Adidas Running Shoes,evening,1,20% discount,1
9437,5559.28,Phone Case|Earbuds,afternoon,4,10% discount,0
9438,9105.67,Sports Cap,afternoon,3,10% discount,0
9439,11284.69,Backpack|Adidas Running Shoes,morning,0,5% discount,0
9440,7450.29,Coffee Mug,morning,6,10% discount,0
9441,6645.69,Wristband,night,3,5% discount,1
9442,6221.21,Backpack|T-Shirt,afternoon,3,Free Shipping,1
9443,3209.06,Coffee Mug,afternoon,5,20% discount,1
9444,5460.85,Backpack,afternoon,3,5% discount,0
9445,5113.01,Adidas Running Shoes|Adidas Running Shoes,afternoon,0,20% discount,0
9446,9083.73,Adidas Running Shoes|Coffee Mug,afternoon,2,Free Shipping,0
9447,5668.63,Phone Case|Jacket,morning,8,10% discount,1
9448,20540.42,T-Shirt|T-Shirt|Backpack,morning,3,10% discount,0
9449,7859.52,T-Shirt,morning,6,10% discount,0
9450,14592.28,Coffee Mug|Cushion,evening,6,Free Shipping,0
9451,9354.71,Phone Case|Coffee Mug,morning,8,20% discount,0
9452,1020.92,Cushion,afternoon,3,10% discount,0
9453,9672.01,Earbuds|Earbuds|Wristband,night,9,Free Shipping,0
9454,7190.5,Adidas Running Shoes,afternoon,7,10% discount,1
9455,3525.25,Sports Cap,afternoon,3,Free Shipping,0
9456,9624.09,T-Shirt,morning,3,5% discount,0
9457,7244.13,Phone Case,evening,9,Free Shipping,0
9458,8128.05,Phone Case|T-Shirt,night,8,Free Shipping,0
9459,1637.92,Phone Case,evening,9,20% discount,0
9460,7907.58,Coffee Mug,morning,9,Free Shipping,0
9461,9610.13,Cushion|Puma Sneakers,night,9,10% discount,0
9462,12558.65,T-Shirt|Adidas Running Shoes|Jeans,morning,0,5% discount,0
9463,15848.32,Earbuds|Cushion,evening,1,Free Shipping,1
9464,5084.91,Jeans,evening,10,20% discount,1
9465,9508.91,Puma Sneakers,night,7,5% discount,0
9466,2544.42,Puma Sneakers,night,2,10% discount,0
9467,9985.04,Cushion,morning,3,5% discount,1
9468,10239.38,Jacket|Sports Cap,evening,5,5% discount,0
9469,6041.23,Wristband,morning,4,Free Shipping,1
9470,20222.64,Puma Sneakers|Jeans|Backpack,afternoon,7,20% discount,1
9471,7179.09,Coffee Mug,evening,6,Free Shipping,0
9472,4457.88,Coffee Mug|Wristband,evening,0,Free Shipping,0
9473,3295.82,Puma Sneakers,afternoon,9,20% discount,0
9474,1308.28,Jeans,evening,9,Free Shipping,0
9475,12009.63,Wristband|T-Shirt,afternoon,7,Free Shipping,1
9476,8090.41,T-Shirt|Puma Sneakers,evening,5,20% discount,1
9477,2024.52,Wristband,afternoon,5,10% discount,0
9478,5569.07,Earbuds,afternoon,4,Free Shipping,0
9479,2781.28,Nike Shoes,evening,4,Free Shipping,0
9480,2741.76,Cushion,afternoon,9,10% discount,0
9481,7432.61,Cushion,afternoon,6,10% discount,0
9482,7498.0,Phone Case|Cushion,evening,1,Free Shipping,0
9483,4914.11,Cushion,morning,10,5% discount,1
9484,10759.75,Nike Shoes|Adidas Running Shoes|Coffee Mug,afternoon,0,5% discount,0
9485,1140.43,Nike Shoes,night,1,5% discount,0
9486,2578.21,Sports Cap,afternoon,1,5% discount,0
9487,5712.74,Coffee Mug|Coffee Mug,evening,2,10% discount,0
9488,2960.61,Adidas Running Shoes,afternoon,6,20% discount,0
9489,1244.7,Sports Cap,evening,5,5% discount,0
9490,1927.77,T-Shirt,afternoon,5,5% discount,0
9491,3013.7,Jeans,afternoon,6,20% discount,0
9492,12968.22,Coffee Mug|Earbuds|Coffee Mug,night,2,10% discount,0
9493,1458.23,Jeans,evening,6,Free Shipping,0
9494,21330.81,Backpack|Cushion|Backpack,afternoon,2,Free Shipping,0
9495,15841.96,Sports Cap|T-Shirt,morning,6,Free Shipping,0
9496,14844.84,Wristband|Wristband|Jeans,afternoon,6,5% discount,0
9497,2074.47,T-Shirt,morning,0,5% discount,0
9498,6712.96,Adidas Running Shoes|Wristband,morning,7,20% discount,0
9499,8651.98,Adidas Running Shoes,evening,10,Free Shipping,0
9500,9286.9,Puma Sneakers,afternoon,4,10% discount,0
9501,3705.01,Adidas Running Shoes,morning,0,10% discount,0
9502,8539.33,Cushion,afternoon,5,5% discount,0
9503,4765.93,T-Shirt,morning,7,5% discount,0
9504,3380.03,Cushion,night,5,10% discount,0
9505,8518.47,Jeans,morning,10,10% discount,0
9506,3997.71,Puma Sneakers,evening,2,20% discount,0
9507,1076.39,Cushion,morning,10,20% discount,0
9508,7500.89,Backpack,night,2,Free Shipping,0
9509,3998.97,Jacket,morning,3,Free Shipping,0
9510,1529.19,Coffee Mug,afternoon,4,5% discount,1
9511,17767.96,Nike Shoes|Phone Case|Adidas Running Shoes,night,2,5% discount,1
9512,7178.13,Nike Shoes,night,2,10% discount,1
9513,9668.78,Sports Cap|Cushion|Nike Shoes,morning,7,10% discount,1
9514,16129.42,Coffee Mug|Puma Sneakers,afternoon,10,5% discount,0
9515,13671.56,Cushion|Cushion,morning,1,10% discount,1
9516,5515.21,Backpack,night,7,20% discount,0
9517,8704.17,Earbuds,morning,10,10% discount,1
9518,9010.9,Cushion,afternoon,8,20% discount,0
9519,6911.6,Backpack,morning,10,Free Shipping,1
9520,4407.94,Nike Shoes,morning,3,5% discount,1
9521,4229.01,Wristband,afternoon,10,20% discount,0
9522,9830.44,Cushion,morning,8,20% discount,1
9523,23798.21,Coffee Mug|Coffee Mug|Backpack,afternoon,7,10% discount,0
9524,6844.93,Phone Case,night,8,10% discount,1
9525,9728.06,Sports Cap,evening,4,Free Shipping,0
9526,6913.14,Coffee Mug,evening,7,20% discount,1
9527,6584.63,Coffee Mug,evening,7,20% discount,1
9528,9726.28,Cushion|Adidas Running Shoes,evening,4,10% discount,1
9529,11076.8,Jacket|Jeans,evening,1,10% discount,0
9530,1505.6,Jacket,night,3,10% discount,0
9531,1526.23,Puma Sneakers,night,5,10% discount,0
9532,3512.23,Nike Shoes,afternoon,10,Free Shipping,1
9533,13278.91,Cushion|T-Shirt,morning,5,Free Shipping,0
9534,16081.4,Wristband|Adidas Running Shoes,afternoon,4,Free Shipping,0
9535,5084.1,Phone Case,night,4,Free Shipping,1
9536,7450.37,Coffee Mug,evening,2,Free Shipping,0
9537,1793.21,Sports Cap,morning,7,Free Shipping,1
9538,3972.41,T-Shirt,morning,3,5% discount,0
9539,17123.21,Cushion|Cushion|Wristband,morning,10,10% discount,1
9540,5378.85,Earbuds,night,0,5% discount,1
9541,11579.37,Jacket|Coffee Mug,evening,1,10% discount,0
9542,12875.05,Phone Case|Puma Sneakers,morning,7,10% discount,0
9543,16790.17,Sports Cap|Cushion,evening,1,10% discount,1
9544,16132.98,Wristband|Sports Cap|Earbuds,evening,8,10% discount,1
9545,11333.85,Nike Shoes|Coffee Mug,evening,1,5% discount,1
9546,5423.16,T-Shirt,afternoon,5,5% discount,1
9547,3840.31,Cushion,evening,5,10% discount,0
9548,5846.54,Phone Case,night,2,Free Shipping,0
9549,4677.35,Nike Shoes,evening,9,5% discount,0
9550,17026.04,Jacket|Nike Shoes|Earbuds,afternoon,8,5% discount,0
9551,4526.66,Backpack,morning,2,20% discount,0
9552,6391.36,Earbuds|Cushion,morning,1,20% discount,1
9553,1854.2,Adidas Running Shoes,morning,4,10% discount,0
9554,2745.16,Cushion,evening,5,Free Shipping,0
9555,17369.41,Jeans|Backpack|Earbuds,evening,6,10% discount,1
9556,6778.21,Cushion,afternoon,3,20% discount,1
9557,4704.42,Jacket,afternoon,5,5% discount,0
9558,6204.06,Phone Case,afternoon,4,20% discount,1
9559,15193.64,Nike Shoes|Phone Case,evening,3,Free Shipping,0
9560,2371.58,Cushion,morning,4,10% discount,0
9561,12794.19,Earbuds|Wristband|Phone Case,morning,8,20% discount,1
9562,15827.73,Sports Cap|T-Shirt,afternoon,8,10% discount,0
9563,2628.49,Nike Shoes,night,5,5% discount,0
9564,15304.77,Jacket|Backpack|Cushion,evening,1,5% discount,0
9565,15115.24,Wristband|Puma Sneakers,night,4,20% discount,1
9566,9544.38,Nike Shoes|Backpack,afternoon,6,5% discount,0
9567,4825.35,Backpack,night,3,Free Shipping,0
9568,3115.37,Wristband,evening,2,5% discount,0
9569,15077.23,Phone Case|Sports Cap,night,8,Free Shipping,0
9570,13108.84,Sports Cap|Earbuds,night,8,10% discount,0
9571,11145.41,Wristband|Earbuds,evening,3,5% discount,0
9572,6800.42,Nike Shoes,night,8,5% discount,0
9573,18277.63,T-Shirt|Phone Case,morning,8,10% discount,0
9574,6176.02,Coffee Mug,evening,0,Free Shipping,1
9575,5954.83,Phone Case|Backpack,morning,4,20% discount,1
9576,3916.94,Jacket,evening,1,10% discount,0
9577,2537.17,Jeans,night,3,10% discount,0
9578,15591.63,Coffee Mug|T-Shirt,night,4,10% discount,0
9579,10194.2,Nike Shoes|Earbuds,night,6,5% discount,1
9580,3639.18,Adidas Running Shoes,night,10,10% discount,1
9581,6807.17,Nike Shoes|Earbuds,evening,1,20% discount,0
9582,2942.78,Adidas Running Shoes,afternoon,5,Free Shipping,0
9583,9274.02,Backpack,evening,0,20% discount,0
9584,5873.22,Earbuds,night,0,5% discount,0
9585,17850.2,T-Shirt|Backpack,evening,8,10% discount,1
9586,11410.08,Coffee Mug|Nike Shoes|Adidas Running Shoes,evening,7,5% discount,1
9587,7878.86,Sports Cap,night,10,10% discount,1
9588,8623.9,Wristband,morning,8,10% discount,1
9589,3601.94,Earbuds,afternoon,6,20% discount,0
9590,3047.25,Jacket,night,3,10% discount,1
9591,6751.99,Coffee Mug,afternoon,0,5% discount,0
9592,6782.01,Backpack,morning,0,Free Shipping,0
9593,16358.4,Phone Case|Jacket,evening,2,10% discount,0
9594,12876.39,Earbuds|Phone Case,morning,7,Free Shipping,0
9595,14807.63,T-Shirt|Coffee Mug|Phone Case,night,4,5% discount,0
9596,4799.4,Earbuds,evening,6,20% discount,0
9597,9053.01,Jacket,evening,0,Free Shipping,1
9598,5833.13,Sports Cap,morning,0,20% discount,0
9599,6922.44,Sports Cap,night,7,Free Shipping,0
9600,15571.07,Phone Case|Wristband|T-Shirt,evening,10,5% discount,0
9601,10180.14,Nike Shoes|Phone Case,night,6,10% discount,1
9602,8542.12,Phone Case,morning,3,5% discount,0
9603,14027.98,Puma Sneakers|Jeans|Coffee Mug,afternoon,10,10% discount,0
9604,13361.25,Earbuds|Jacket|Backpack,evening,7,10% discount,1
9605,5127.92,Cushion,evening,1,10% discount,0
9606,8691.06,T-Shirt,afternoon,0,10% discount,0
9607,7278.46,Sports Cap,morning,1,5% discount,0
9608,9515.99,Earbuds,evening,5,5% discount,0
9609,10764.34,Sports Cap|Jeans|Puma Sneakers,morning,6,20% discount,1
9610,10429.36,Phone Case|Adidas Running Shoes|Jeans,morning,10,Free Shipping,0
9611,16677.99,Backpack|Coffee Mug|Earbuds,afternoon,10,5% discount,0
9612,9129.72,T-Shirt,night,8,Free Shipping,0
9613,8382.11,Nike Shoes,afternoon,8,Free Shipping,1
9614,8281.5,Jeans,morning,9,10% discount,0
9615,11281.73,Jacket|T-Shirt,morning,3,5% discount,1
9616,6491.95,Jeans,morning,0,10% discount,1
9617,11924.48,Adidas Running Shoes|Coffee Mug,morning,1,Free Shipping,0
9618,6331.98,Backpack,morning,6,20% discount,1
9619,1858.19,Coffee Mug,night,4,Free Shipping,0
9620,3612.31,Nike Shoes,night,6,20% discount,1
9621,11365.29,Jeans|Phone Case,morning,8,Free Shipping,0
9622,1904.09,Cushion,evening,7,Free Shipping,0
9623,21059.21,Earbuds|Earbuds|Wristband,afternoon,8,10% discount,0
9624,2902.86,Jacket,evening,1,20% discount,0
9625,18341.78,Backpack|T-Shirt,night,7,10% discount,1
9626,3934.2,Earbuds,afternoon,6,Free Shipping,0
9627,3293.82,Jeans,evening,8,20% discount,0
9628,12059.66,Jacket|Nike Shoes|Puma Sneakers,evening,1,5% discount,0
9629,4006.42,Jacket,afternoon,6,5% discount,0
9630,7374.83,Puma Sneakers|Cushion,evening,10,5% discount,0
9631,6445.67,Earbuds,afternoon,0,10% discount,1
9632,10192.45,Adidas Running Shoes|Coffee Mug,night,8,Free Shipping,0
9633,14948.14,Earbuds|Phone Case,morning,9,Free Shipping,0
9634,9947.63,Coffee Mug,morning,8,5% discount,0
9635,9295.49,Nike Shoes,night,0,20% discount,0
9636,7297.45,Sports Cap,afternoon,7,20% discount,0
9637,8704.36,Nike Shoes,evening,4,10% discount,1
9638,5880.03,T-Shirt,morning,9,20% discount,0
9639,12547.72,Wristband|Cushion,night,5,Free Shipping,1
9640,8364.27,Phone Case,evening,10,10% discount,1
9641,15265.94,Puma Sneakers|Puma Sneakers,evening,4,20% discount,0
9642,8657.0,Cushion,night,1,Free Shipping,1
9643,7878.52,Nike Shoes,morning,6,Free Shipping,0
9644,13729.63,Coffee Mug|Earbuds,evening,10,10% discount,1
9645,9584.58,T-Shirt,evening,3,10% discount,0
9646,11277.16,Phone Case|Cushion,evening,5,5% discount,0
9647,4071.31,Coffee Mug,night,5,Free Shipping,1
9648,9948.62,Cushion|Earbuds,evening,7,10% discount,0
9649,8551.97,Nike Shoes,evening,5,10% discount,0
9650,5637.13,Jacket,morning,9,5% discount,1
9651,9632.25,Nike Shoes,evening,1,Free Shipping,0
9652,14329.94,Backpack|Jacket,night,6,20% discount,1
9653,5786.62,Cushion|Cushion,evening,2,20% discount,1
9654,9013.29,Nike Shoes,night,7,20% discount,0
9655,3692.04,Coffee Mug,evening,6,Free Shipping,0
9656,11935.8,Jacket|Sports Cap,afternoon,6,Free Shipping,1
9657,8430.09,Earbuds|Phone Case,evening,10,Free Shipping,0
9658,5327.24,Puma Sneakers,evening,8,10% discount,0
9659,25754.29,Wristband|Coffee Mug|Jacket,evening,4,10% discount,1
9660,6797.16,Phone Case,afternoon,3,10% discount,1
9661,1028.91,Coffee Mug,afternoon,10,Free Shipping,1
9662,1008.91,T-Shirt,evening,3,Free Shipping,0
9663,10338.14,Backpack|Nike Shoes,evening,6,Free Shipping,1
9664,1401.98,Cushion,morning,8,10% discount,0
9665,11534.48,Puma Sneakers|Coffee Mug,morning,0,10% discount,0
9666,6338.24,Jeans|Sports Cap,evening,6,5% discount,0
9667,2804.46,Adidas Running Shoes,evening,8,Free Shipping,0
9668,6943.08,Jacket,morning,8,5% discount,1
9669,7745.54,Nike Shoes|Phone Case,morning,8,Free Shipping,1
9670,14682.61,Jacket|Earbuds,afternoon,10,10% discount,0
9671,4404.57,Backpack,morning,2,Free Shipping,0
9672,8132.19,Cushion,afternoon,5,20% discount,0
9673,6302.52,Phone Case,afternoon,5,5% discount,0
9674,9845.96,Jacket,morning,4,20% discount,0
9675,8430.3,Cushion,night,10,20% discount,0
9676,11489.79,Phone Case|Sports Cap,night,8,5% discount,0
9677,2777.68,Cushion,evening,4,5% discount,0
9678,5482.95,Jeans|Backpack,evening,3,5% discount,0
9679,3367.66,Backpack|Puma Sneakers,afternoon,3,10% discount,1
9680,9942.52,Puma Sneakers,night,10,10% discount,0
9681,4132.77,Phone Case,night,8,Free Shipping,0
9682,5520.61,Nike Shoes|Earbuds,afternoon,6,20% discount,1
9683,16306.37,Jacket|Adidas Running Shoes|Sports Cap,night,9,5% discount,0
9684,1598.16,Coffee Mug,afternoon,6,10% discount,0
9685,3665.55,Sports Cap,afternoon,3,Free Shipping,0
9686,5389.99,Jeans,night,4,20% discount,1
9687,9762.98,Earbuds,afternoon,1,Free Shipping,1
9688,8638.31,Phone Case,evening,5,10% discount,1
9689,8279.58,T-Shirt,evening,10,10% discount,1
9690,16500.76,Puma Sneakers|Coffee Mug|Phone Case,evening,8,20% discount,0
9691,6449.71,Sports Cap,afternoon,1,5% discount,0
9692,5395.35,Wristband|Wristband,morning,3,Free Shipping,1
9693,11112.17,Earbuds|T-Shirt,afternoon,0,20% discount,0
9694,2880.76,Backpack,morning,4,10% discount,1
9695,10936.78,Adidas Running Shoes|Jeans,afternoon,6,5% discount,1
9696,7081.04,Coffee Mug,evening,2,5% discount,1
9697,10114.32,Backpack|Adidas Running Shoes,afternoon,7,20% discount,1
9698,7298.28,Earbuds,night,0,Free Shipping,0
9699,14868.11,Coffee Mug|Puma Sneakers,morning,9,5% discount,0
9700,13091.48,Cushion|Backpack,afternoon,8,5% discount,0
9701,9673.93,Coffee Mug,evening,7,5% discount,1
9702,8440.98,Coffee Mug,evening,5,10% discount,0
9703,1237.09,Cushion,morning,6,5% discount,0
9704,8649.35,Phone Case,evening,7,5% discount,0
9705,1713.74,Coffee Mug,night,8,Free Shipping,0
9706,4790.32,T-Shirt|Phone Case,afternoon,4,20% discount,0
9707,12701.36,Jeans|Backpack|Coffee Mug,afternoon,3,20% discount,0
9708,6303.02,Jeans,morning,5,10% discount,1
9709,1576.15,Coffee Mug,night,9,10% discount,0
9710,5850.07,Sports Cap,afternoon,6,Free Shipping,1
9711,1101.77,T-Shirt,morning,9,Free Shipping,0
9712,14906.01,Backpack|T-Shirt|Wristband,evening,5,5% discount,1
9713,7190.0,Sports Cap|Coffee Mug,evening,5,Free Shipping,0
9714,6206.61,Nike Shoes,afternoon,0,10% discount,0
9715,12475.63,Earbuds|Cushion,evening,3,Free Shipping,1
9716,8890.17,Backpack,afternoon,5,10% discount,0
9717,4693.05,Cushion,morning,9,10% discount,0
9718,13659.83,Cushion|Cushion,night,6,Free Shipping,0
9719,3615.34,Phone Case,afternoon,10,5% discount,0
9720,3426.25,Earbuds,afternoon,3,Free Shipping,0
9721,15004.41,T-Shirt|Cushion,afternoon,8,Free Shipping,0
9722,8953.66,Earbuds,night,8,Free Shipping,0
9723,5337.61,Cushion,night,6,Free Shipping,1
9724,5074.79,Jacket,evening,4,5% discount,0
9725,11120.5,Phone Case|Backpack|Jeans,evening,2,Free Shipping,1
9726,9548.51,Sports Cap,afternoon,9,20% discount,1
9727,1105.98,Phone Case,night,9,Free Shipping,0
9728,9371.46,Earbuds|Jacket|Wristband,afternoon,10,5% discount,0
9729,19202.61,Backpack|Coffee Mug|Adidas Running Shoes,morning,0,5% discount,0
9730,2786.99,Adidas Running Shoes,afternoon,10,20% discount,0
9731,21327.56,Earbuds|Cushion|Phone Case,morning,10,10% discount,0
9732,14210.39,Coffee Mug|Earbuds|Cushion,night,5,Free Shipping,1
9733,4210.23,Phone Case|Adidas Running Shoes,night,7,5% discount,0
9734,8331.38,Adidas Running Shoes,evening,10,Free Shipping,0
9735,2407.34,Earbuds,afternoon,1,Free Shipping,0
9736,15968.48,Wristband|Puma Sneakers|Jeans,afternoon,8,Free Shipping,1
9737,3460.73,Backpack,morning,7,20% discount,0
9738,4488.29,Sports Cap,evening,6,Free Shipping,0
9739,9576.93,Jacket,morning,2,Free Shipping,0
9740,6672.19,Coffee Mug,morning,10,Free Shipping,0
9741,9614.65,Adidas Running Shoes|Coffee Mug|Phone Case,afternoon,2,20% discount,0
9742,4193.5,Nike Shoes,morning,1,5% discount,1
9743,9762.56,Coffee Mug|Phone Case,afternoon,4,10% discount,0
9744,5537.08,Puma Sneakers,afternoon,5,20% discount,1
9745,5671.79,Cushion|Wristband,morning,4,20% discount,0
9746,7853.33,Sports Cap,afternoon,4,5% discount,1
9747,5614.51,Nike Shoes|Earbuds,morning,4,10% discount,1
9748,2925.06,T-Shirt,morning,2,Free Shipping,1
9749,11753.38,Cushion|Adidas Running Shoes,morning,4,20% discount,1
9750,6144.2,Adidas Running Shoes,morning,8,20% discount,1
9751,27550.77,T-Shirt|Jacket|Cushion,evening,9,Free Shipping,1
9752,4119.97,Backpack,afternoon,4,10% discount,0
9753,7317.2,Jeans,evening,0,5% discount,0
9754,8999.0,Cushion|Sports Cap,morning,5,20% discount,1
9755,12747.66,Earbuds|Earbuds,night,0,10% discount,1
9756,7622.95,Adidas Running Shoes,evening,0,Free Shipping,0
9757,7771.76,Coffee Mug,morning,4,5% discount,0
9758,1962.44,Coffee Mug,afternoon,7,20% discount,0
9759,10176.67,Jeans|T-Shirt,night,1,5% discount,0
9760,7459.4,Sports Cap,night,9,20% discount,1
9761,4261.81,Wristband,night,10,20% discount,0
9762,7443.75,Jacket|Sports Cap,evening,4,5% discount,0
9763,5847.46,Phone Case|Cushion,evening,10,10% discount,0
9764,1299.41,Cushion,morning,9,5% discount,0
9765,4595.46,Nike Shoes,night,10,5% discount,1
9766,7899.3,Earbuds|Adidas Running Shoes,afternoon,10,5% discount,1
9767,21033.0,Earbuds|Backpack|Sports Cap,night,7,10% discount,0
9768,12969.32,Backpack|Nike Shoes,morning,7,10% discount,1
9769,16883.05,Puma Sneakers|Jeans,night,8,5% discount,0
9770,10894.62,Earbuds|Phone Case,afternoon,1,20% discount,0
9771,3309.32,Coffee Mug,night,7,10% discount,0
9772,9141.96,Coffee Mug,afternoon,7,Free Shipping,1
9773,8109.65,Phone Case,morning,6,Free Shipping,1
9774,20622.86,Sports Cap|Coffee Mug|Adidas Running Shoes,evening,0,Free Shipping,1
9775,15210.58,Sports Cap|Coffee Mug|Adidas Running Shoes,evening,2,Free Shipping,0
9776,14779.74,Coffee Mug|Wristband,night,0,20% discount,1
9777,13128.98,Jeans|T-Shirt|T-Shirt,night,4,Free Shipping,0
9778,14286.99,Jacket|Jeans,afternoon,9,Free Shipping,0
9779,9891.07,Jacket|Sports Cap|Sports Cap,morning,7,5% discount,1
9780,16024.6,Cushion|Earbuds|T-Shirt,morning,10,Free Shipping,0
9781,12323.44,T-Shirt|Jacket,morning,7,20% discount,0
9782,6333.45,Phone Case|T-Shirt,morning,4,20% discount,0
9783,11586.51,Nike Shoes|Jeans,night,8,20% discount,1
9784,5637.56,Puma Sneakers,afternoon,5,20% discount,1
9785,1166.07,T-Shirt,night,10,10% discount,0
9786,1581.68,Puma Sneakers,morning,3,10% discount,0
9787,18222.61,Wristband|Cushion,afternoon,3,10% discount,0
9788,6012.37,Coffee Mug,afternoon,0,20% discount,1
9789,12625.12,Wristband|Adidas Running Shoes,night,5,5% discount,0
9790,5627.24,Phone Case,night,9,20% discount,1
9791,7596.04,Jacket,afternoon,0,10% discount,1
9792,11036.55,Backpack|Backpack,night,6,20% discount,0
9793,4625.58,Coffee Mug,night,0,10% discount,1
9794,4099.77,Wristband,morning,8,5% discount,0
9795,12233.32,Sports Cap|Cushion,night,3,10% discount,0
9796,9820.07,Coffee Mug|Jeans,night,7,5% discount,0
9797,2448.46,Jeans,evening,9,20% discount,1
9798,19451.43,Wristband|Jacket,night,6,10% discount,1
9799,1118.21,T-Shirt,afternoon,7,Free Shipping,0
9800,13418.93,Nike Shoes|Coffee Mug,morning,8,10% discount,0
9801,11620.74,Nike Shoes|Nike Shoes|Phone Case,afternoon,3,10% discount,1
9802,2557.55,Jacket,morning,10,10% discount,0
9803,7417.69,Cushion,morning,10,10% discount,0
9804,2074.63,Coffee Mug,night,4,10% discount,0
9805,1747.27,Puma Sneakers,afternoon,4,5% discount,0
9806,3132.6,Puma Sneakers,afternoon,6,10% discount,1
9807,9430.94,Cushion,night,8,5% discount,0
9808,7351.68,Cushion,afternoon,5,20% discount,0
9809,7017.46,Phone Case|Adidas Running Shoes,night,4,10% discount,0
9810,3903.17,Cushion,night,0,20% discount,0
9811,6882.05,Backpack,morning,3,Free Shipping,1
9812,6296.89,Sports Cap,afternoon,8,20% discount,1
9813,6795.78,Phone Case|Jeans,afternoon,6,20% discount,1
9814,14439.43,Puma Sneakers|T-Shirt,evening,8,Free Shipping,0
9815,7318.56,Puma Sneakers,morning,6,10% discount,1
9816,8911.72,Wristband|Wristband,evening,2,10% discount,1
9817,4555.83,Sports Cap,afternoon,7,Free Shipping,0
9818,6808.02,Wristband,evening,8,10% discount,0
9819,4508.11,Cushion,night,0,10% discount,0
9820,4456.89,Cushion,night,9,Free Shipping,0
9821,4125.97,Jeans,afternoon,9,20% discount,0
9822,6515.34,Puma Sneakers,night,4,5% discount,1
9823,5805.19,Coffee Mug|Jacket,afternoon,1,Free Shipping,0
9824,18246.3,Adidas Running Shoes|T-Shirt,morning,0,Free Shipping,0
9825,16591.9,Earbuds|Phone Case,afternoon,6,5% discount,1
9826,9545.37,Coffee Mug|Coffee Mug,evening,4,20% discount,1
9827,3788.42,Coffee Mug,afternoon,10,10% discount,0
9828,18544.62,Jacket|Puma Sneakers,evening,7,Free Shipping,0
9829,1517.48,Cushion,morning,4,5% discount,0
9830,5422.36,Phone Case,night,2,10% discount,0
9831,6634.73,Nike Shoes,morning,8,10% discount,0
9832,6180.23,Jeans,night,2,5% discount,0
9833,13302.08,Nike Shoes|Jeans,afternoon,7,10% discount,1
9834,6057.37,Jacket,evening,7,20% discount,1
9835,8426.33,Jeans,evening,7,Free Shipping,0
9836,18717.47,Phone Case|Coffee Mug|Phone Case,evening,5,Free Shipping,0
9837,3265.26,Coffee Mug,morning,3,20% discount,0
9838,8698.46,Phone Case,night,2,20% discount,0
9839,7028.4,Phone Case,morning,1,Free Shipping,1
9840,6578.77,Cushion,evening,3,5% discount,0
9841,9728.82,T-Shirt|Jeans,night,2,5% discount,1
9842,14293.98,Cushion|Adidas Running Shoes,morning,9,10% discount,1
9843,6421.36,Cushion|Coffee Mug,night,10,20% discount,1
9844,1236.61,Cushion,afternoon,1,10% discount,0
9845,6403.64,T-Shirt|Wristband,evening,7,Free Shipping,0
9846,5508.59,Backpack,afternoon,3,Free Shipping,0
9847,3235.01,Phone Case,night,7,Free Shipping,0
9848,6016.08,Jeans,evening,1,Free Shipping,1
9849,7394.97,Adidas Running Shoes,evening,7,20% discount,1
9850,6989.76,Earbuds,night,2,20% discount,0
9851,3756.35,Jeans,evening,2,5% discount,0
9852,20836.74,Phone Case|Sports Cap|Earbuds,afternoon,8,5% discount,0
9853,5823.77,Puma Sneakers,evening,7,10% discount,0
9854,5571.0,Coffee Mug,evening,3,Free Shipping,1
9855,5359.79,Earbuds,night,1,Free Shipping,0
9856,8976.65,Jeans,morning,9,Free Shipping,1
9857,11840.85,T-Shirt|Jacket,morning,6,10% discount,0
9858,7493.49,Phone Case,morning,7,20% discount,0
9859,6697.73,Puma Sneakers,evening,0,10% discount,1
9860,8056.68,Cushion,night,10,5% discount,0
9861,4442.37,Puma Sneakers,afternoon,9,Free Shipping,1
9862,7173.29,Jacket,morning,7,20% discount,1
9863,5907.9,Phone Case|Earbuds,morning,2,10% discount,1
9864,6318.14,Cushion,evening,10,10% discount,1
9865,12563.41,Adidas Running Shoes|Phone Case,morning,3,20% discount,1
9866,5037.16,Jacket,evening,3,10% discount,0
9867,10710.33,Nike Shoes|Earbuds,afternoon,1,5% discount,0
9868,4016.42,Sports Cap,morning,9,10% discount,1
9869,6253.93,Earbuds,evening,0,5% discount,1
9870,3940.89,Earbuds,night,4,Free Shipping,0
9871,11289.44,Nike Shoes|Jeans,morning,0,Free Shipping,0
9872,19156.95,Earbuds|Wristband|Backpack,morning,2,Free Shipping,0
9873,11712.17,Coffee Mug|Sports Cap|Jacket,morning,7,20% discount,1
9874,3199.73,Coffee Mug,morning,8,5% discount,1
9875,12690.92,Coffee Mug|Coffee Mug,afternoon,4,5% discount,0
9876,10856.16,Puma Sneakers|Sports Cap|Sports Cap,afternoon,8,10% discount,0
9877,7939.24,Jacket,night,1,Free Shipping,0
9878,1176.59,Wristband,evening,1,Free Shipping,1
9879,10456.72,Adidas Running Shoes|Jacket,morning,2,5% discount,0
9880,8198.59,Coffee Mug|Sports Cap,morning,3,10% discount,0
9881,2671.04,Sports Cap|Adidas Running Shoes,evening,3,Free Shipping,1
9882,7641.75,Sports Cap,morning,7,Free Shipping,1
9883,5964.83,Cushion,night,4,5% discount,0
9884,7142.07,Coffee Mug,night,6,5% discount,0
9885,11663.35,Jacket|T-Shirt,evening,1,5% discount,0
9886,8026.13,Adidas Running Shoes,night,5,20% discount,0
9887,8117.83,Coffee Mug|Phone Case,evening,4,10% discount,1
9888,5096.78,Jacket|Adidas Running Shoes,afternoon,0,Free Shipping,1
9889,13779.99,Puma Sneakers|Jacket,evening,9,20% discount,0
9890,8451.14,Adidas Running Shoes|Sports Cap,evening,5,10% discount,1
9891,18927.26,Nike Shoes|Backpack,afternoon,8,20% discount,0
9892,8033.73,Nike Shoes,evening,7,5% discount,1
9893,3994.4,Wristband,afternoon,9,Free Shipping,1
9894,6207.86,Jacket,morning,8,5% discount,0
9895,8551.22,T-Shirt,morning,5,Free Shipping,0
9896,5714.46,Earbuds,evening,5,10% discount,1
9897,7177.28,Sports Cap,evening,4,20% discount,1
9898,4155.31,Nike Shoes,night,7,Free Shipping,1
9899,8949.01,Backpack,evening,10,5% discount,0
9900,7266.63,Cushion|Sports Cap,morning,0,10% discount,1
9901,4199.92,Earbuds,night,6,20% discount,0
9902,2034.15,Phone Case,morning,5,10% discount,1
9903,9130.82,Sports Cap,evening,3,10% discount,1
9904,7672.27,Jeans,afternoon,4,Free Shipping,1
9905,8753.86,Sports Cap,afternoon,5,20% discount,1
9906,7751.68,Phone Case|Sports Cap|Nike Shoes,night,0,10% discount,0
9907,3542.52,Phone Case,morning,9,Free Shipping,0
9908,4694.7,Coffee Mug|Coffee Mug,evening,10,10% discount,0
9909,17401.66,Nike Shoes|Sports Cap|Wristband,night,5,20% discount,1
9910,2234.74,Sports Cap,evening,1,Free Shipping,0
9911,1871.34,Jacket,afternoon,8,20% discount,0
9912,3227.42,T-Shirt,evening,7,5% discount,0
9913,9689.14,Nike Shoes|Coffee Mug,afternoon,6,10% discount,1
9914,8783.99,Cushion,evening,6,20% discount,1
9915,8655.9,Coffee Mug|Phone Case,afternoon,8,10% discount,1
9916,9813.23,Sports Cap,night,0,Free Shipping,1
9917,3329.55,Jeans,afternoon,5,5% discount,0
9918,4830.69,Wristband,afternoon,0,Free Shipping,0
9919,12453.35,Wristband|Phone Case,evening,6,5% discount,0
9920,10962.06,Phone Case|Puma Sneakers,night,2,5% discount,1
9921,12811.72,Sports Cap|Jacket,morning,10,10% discount,1
9922,4798.63,T-Shirt,morning,2,Free Shipping,0
9923,21792.66,Backpack|Backpack|Cushion,evening,10,10% discount,0
9924,2834.31,Wristband,evening,0,20% discount,1
9925,12251.29,Coffee Mug|T-Shirt,night,2,5% discount,0
9926,1034.54,Puma Sneakers,evening,2,5% discount,0
9927,3719.46,Nike Shoes,evening,8,Free Shipping,0
9928,9670.04,Puma Sneakers|Puma Sneakers,night,5,Free Shipping,0
9929,12840.17,Backpack|Phone Case,morning,8,Free Shipping,0
9930,15966.13,Puma Sneakers|Earbuds,afternoon,1,Free Shipping,0
9931,6586.51,Cushion,evening,3,Free Shipping,0
9932,2210.47,Jeans,night,10,10% discount,1
9933,5538.77,Cushion,afternoon,3,10% discount,1
9934,5552.38,Coffee Mug,afternoon,2,10% discount,1
9935,3481.68,Sports Cap,night,0,5% discount,1
9936,9297.02,Jeans,afternoon,8,5% discount,0
9937,6440.74,Earbuds,night,10,10% discount,1
9938,2043.4,Nike Shoes,night,7,20% discount,0
9939,7767.13,Phone Case,afternoon,1,Free Shipping,1
9940,8557.33,Phone Case,evening,0,Free Shipping,0
9941,3270.03,T-Shirt,evening,7,5% discount,0
9942,6804.08,Wristband,afternoon,6,10% discount,1
9943,9575.32,Phone Case|Cushion|T-Shirt,evening,9,5% discount,0
9944,2679.54,Wristband,morning,7,10% discount,0
9945,4277.14,Jeans,afternoon,10,10% discount,0
9946,3034.49,T-Shirt,morning,7,5% discount,1
9947,7996.74,Wristband,night,5,Free Shipping,0
9948,5490.86,Sports Cap|Wristband,evening,2,Free Shipping,0
9949,7851.38,Nike Shoes,night,4,Free Shipping,0
9950,8413.32,Coffee Mug,morning,4,20% discount,1
9951,4797.78,Wristband|Nike Shoes,afternoon,7,10% discount,1
9952,1171.37,Coffee Mug,night,10,20% discount,0
9953,13461.26,Sports Cap|Phone Case,morning,1,10% discount,0
9954,2701.12,Adidas Running Shoes,night,4,20% discount,0
9955,1354.68,T-Shirt,night,1,20% discount,0
9956,14721.36,Wristband|Cushion|Backpack,morning,8,Free Shipping,0
9957,13139.58,Cushion|Coffee Mug|Earbuds,night,4,Free Shipping,0
9958,9614.08,Puma Sneakers|Nike Shoes|Phone Case,morning,8,10% discount,1
9959,2411.83,T-Shirt,morning,3,10% discount,0
9960,19533.94,Wristband|Nike Shoes|Sports Cap,morning,4,5% discount,0
9961,2910.29,Adidas Running Shoes,morning,0,Free Shipping,0
9962,6878.38,Earbuds|Puma Sneakers,evening,1,Free Shipping,1
9963,9807.14,Nike Shoes|Coffee Mug,evening,3,20% discount,0
9964,18617.78,T-Shirt|Backpack|Phone Case,afternoon,4,Free Shipping,0
9965,5258.84,Jeans,morning,4,20% discount,1
9966,1559.55,Cushion,evening,1,10% discount,0
9967,7257.79,Puma Sneakers,afternoon,0,Free Shipping,0
9968,7713.88,Adidas Running Shoes,morning,3,10% discount,0
9969,4489.77,Nike Shoes,evening,8,5% discount,0
9970,9096.86,Earbuds|Cushion,night,2,5% discount,0
9971,16799.35,Phone Case|Cushion,evening,1,10% discount,1
9972,8422.85,Adidas Running Shoes|Earbuds,evening,7,20% discount,1
9973,5946.25,Adidas Running Shoes,morning,3,Free Shipping,1
9974,15549.87,Phone Case|Backpack|Earbuds,night,5,10% discount,1
9975,7838.7,Wristband,afternoon,4,10% discount,0
9976,9217.8,Phone Case|Jacket,afternoon,9,20% discount,0
9977,6519.13,Nike Shoes,night,4,20% discount,0
9978,6803.75,Cushion,morning,8,5% discount,1
9979,10741.06,Earbuds|Coffee Mug|Puma Sneakers,morning,4,Free Shipping,0
9980,6251.3,Jeans,afternoon,8,5% discount,0
9981,1473.76,Sports Cap,evening,2,Free Shipping,0
9982,7356.01,Cushion,afternoon,10,20% discount,1
9983,4383.97,Jacket,night,6,20% discount,0
9984,9372.33,Cushion|Earbuds,morning,6,10% discount,1
9985,13788.18,Jacket|Cushion,night,10,20% discount,0
9986,2371.71,T-Shirt,night,7,20% discount,0
9987,9075.66,Phone Case,afternoon,8,Free Shipping,0
9988,8602.95,Puma Sneakers,morning,10,20% discount,1
9989,9257.06,Jeans,morning,4,10% discount,0
9990,4358.31,Adidas Running Shoes,night,4,10% discount,1
9991,2345.06,Jacket,afternoon,9,10% discount,0
9992,3848.26,Adidas Running Shoes|Earbuds,morning,7,Free Shipping,0
9993,7266.63,Wristband|Coffee Mug,afternoon,8,Free Shipping,0
9994,10810.65,Earbuds|T-Shirt,morning,10,10% discount,0
9995,17791.89,Jeans|T-Shirt,morning,6,20% discount,1
9996,5623.62,Coffee Mug|Earbuds,evening,1,Free Shipping,0
9997,3933.82,Wristband,morning,4,Free Shipping,0
9998,1815.72,Coffee Mug,morning,3,10% discount,0
9999,9799.67,Earbuds|Phone Case,morning,5,10% discount,1
10000,14472.42,Jacket|Earbuds,night,8,10% discount,1
